Mechanisms of missingness,Taxonomic Level,Learning Rate,Dropout Rate,Number of Epochs,Condition,Mask Ratio,MSE (CLR)_mean,MSE (CLR)_std,MSE (CLR)_median,RMSE (CLR)_mean,RMSE (CLR)_std,RMSE (CLR)_median,MAE (CLR)_mean,MAE (CLR)_std,MAE (CLR)_median,R2 (CLR)_mean,R2 (CLR)_std,R2 (CLR)_median,Pearson (CLR)_mean,Pearson (CLR)_std,Pearson (CLR)_median,Spearman (CLR)_mean,Spearman (CLR)_std,Spearman (CLR)_median,CCC (CLR)_mean,CCC (CLR)_std,CCC (CLR)_median,NRMSE (CLR)_mean,NRMSE (CLR)_std,NRMSE (CLR)_median,MSE (RA)_mean,MSE (RA)_std,MSE (RA)_median,RMSE (RA)_mean,RMSE (RA)_std,RMSE (RA)_median,MAE (RA)_mean,MAE (RA)_std,MAE (RA)_median,R2 (RA)_mean,R2 (RA)_std,R2 (RA)_median,Pearson (RA)_mean,Pearson (RA)_std,Pearson (RA)_median,Spearman (RA)_mean,Spearman (RA)_std,Spearman (RA)_median,CCC (RA)_mean,CCC (RA)_std,CCC (RA)_median,NRMSE (RA)_mean,NRMSE (RA)_std,NRMSE (RA)_median,MSE (RA non-zero)_mean,MSE (RA non-zero)_std,MSE (RA non-zero)_median,RMSE (RA non-zero)_mean,RMSE (RA non-zero)_std,RMSE (RA non-zero)_median,MAE (RA non-zero)_mean,MAE (RA non-zero)_std,MAE (RA non-zero)_median,R2 (RA non-zero)_mean,R2 (RA non-zero)_std,R2 (RA non-zero)_median,Pearson (RA non-zero)_mean,Pearson (RA non-zero)_std,Pearson (RA non-zero)_median,Spearman (RA non-zero)_mean,Spearman (RA non-zero)_std,Spearman (RA non-zero)_median,CCC (RA non-zero)_mean,CCC (RA non-zero)_std,CCC (RA non-zero)_median,NRMSE (RA non-zero)_mean,NRMSE (RA non-zero)_std,NRMSE (RA non-zero)_median,Aitchison distance (mean)_mean,Aitchison distance (mean)_std,Aitchison distance (mean)_median,Bray-Curtis (mean)_mean,Bray-Curtis (mean)_std,Bray-Curtis (mean)_median,Jensen-Shannon (mean)_mean,Jensen-Shannon (mean)_std,Jensen-Shannon (mean)_median,Zero precision_mean,Zero precision_std,Zero precision_median,Zero recall_mean,Zero recall_std,Zero recall_median,Zero F1_mean,Zero F1_std,Zero F1_median,Richness true_mean,Richness true_std,Richness true_median,Richness imputed_mean,Richness imputed_std,Richness imputed_median,Richness abs diff_mean,Richness abs diff_std,Richness abs diff_median,Evenness true_mean,Evenness true_std,Evenness true_median,Evenness imputed_mean,Evenness imputed_std,Evenness imputed_median,Evenness abs diff_mean,Evenness abs diff_std,Evenness abs diff_median,Shannon eff true_mean,Shannon eff true_std,Shannon eff true_median,Shannon eff imputed_mean,Shannon eff imputed_std,Shannon eff imputed_median,Shannon eff abs diff_mean,Shannon eff abs diff_std,Shannon eff abs diff_median,Bray-Curtis rarefied_mean,Bray-Curtis rarefied_std,Bray-Curtis rarefied_median,Jaccard index rarefied_mean,Jaccard index rarefied_std,Jaccard index rarefied_median
MAR,l7_species,0.001,0.7,3000,all,0.1,0.6364517833837308,0.0440794707664033,0.6505742993660486,0.7973455847831675,0.0277248747220779,0.8065803084738834,0.1667536310547888,0.014710589712864612,0.16456756177432685,0.21121298169154015,0.027172850343457965,0.20246531381010005,0.47800076240899597,0.026264007543479323,0.4710782391927783,0.8249573430226007,0.09313080138639929,0.8419186208659462,0.3922711008010989,0.033291291105866365,0.3968789381925495,0.0783917766367784,0.0026347439026931175,0.07929291261575155,0.00037725963064032004,4.711808879024001e-05,0.0003683237154452,0.019389082354264408,0.0012124887627999713,0.0191909251813591,0.00192521589779052,7.107230411535856e-05,0.0019206648009715,-0.04307376783601014,0.07847092476318425,-0.0637288497265696,0.2582507387586336,0.05773737082056203,0.24124358225005343,0.048176594570146856,0.016014470286231052,0.049181215720165095,0.22278616561292344,0.05629629887470071,0.22033457846892401,0.02121250077236215,0.0013653303353090911,0.02128715622872855,0.00893165957290351,0.0018089112107812398,0.00824213459333485,0.09409939779453416,0.009247396487033916,0.09078249017846055,0.03189017336024906,0.0033147006383494725,0.03112286508722,-0.09503433274297195,0.06866047348792977,-0.1172556758339213,0.21705313689142192,0.059966898151612456,0.2022498006551529,0.32088347693509167,0.03842206791207855,0.3098047236445238,0.17801930660566184,0.05619101727956056,0.1737889753393026,0.10298118633484962,0.009851190319940856,0.10035904591565885,22.47031009609613,0.7520731595614721,22.718613813941634,0.8018524214297656,0.029601614664044453,0.7999568896046519,0.8239470953802843,0.02405663051251687,0.8192777634608377,,,,0.0,0.0,0.0,,,,32.61931911705202,2.8455538577310207,33.78888888888889,488.26333682995244,58.80277100956831,471.8355209187859,455.6440177129004,57.61696997479257,440.6811594202899,0.5428840623190535,0.018414953241463725,0.5409940511775999,0.6734952935529297,0.05929914447199426,0.6578537169576641,0.21781510962459083,0.04540717707936775,0.20160922040100543,8.052707154137405,0.8149782879380726,8.170976686541792,115.07782696767879,63.92618866435077,107.73404306161513,107.80355123117593,63.84240439071218,100.99076722462486,0.8033316015314668,0.030295346595717032,0.8030977629999803,0.0478189057171438,0.0035524952592794327,0.049411396251331896
MAR,l7_species,0.001,0.7,3000,all,0.2,0.6401829996532642,0.029954895035394898,0.6430483148847375,0.7999146276348957,0.018844042648076282,0.8019024365712011,0.16536507825241425,0.0072149014241114804,0.16613989930085427,0.21210722464004253,0.015553116781440671,0.209741326433796,0.4809371203710683,0.013866455230850274,0.4763647261890691,0.8511544319560487,0.029354776689348508,0.8581323696507817,0.40284342579266663,0.013916312918945385,0.3949353256422632,0.07817811899279734,0.001615338777680756,0.0782334141645078,0.00038380385036454,1.7972204459343834e-05,0.000386611906749,0.019586046379363183,0.00046023857341629385,0.01966244676086885,0.00191676183149569,2.4868838350143124e-05,0.00191943736203055,-0.08024102264468078,0.04894476061853421,-0.07426996309028516,0.24993935976850298,0.021585680683790485,0.2469266938946219,0.044781658621892526,0.010349138649088315,0.0449743470083116,0.22378929499367453,0.019212668582482773,0.2192140682251456,0.02101464620718447,0.00035003407917493466,0.0210725375785795,0.009050538906258671,0.0006898488455559157,0.008779892085877952,0.09507389282518651,0.0035736394961595553,0.0937002754133201,0.03281723105042138,0.0012941963134846433,0.0328658605933311,-0.13193596274995645,0.04183391786384433,-0.13203043048804586,0.20620443879511235,0.023626810573280973,0.2036454835807891,0.31891299142068646,0.02185150052845929,0.32251357805476827,0.1759197463662918,0.020648673875603797,0.17282534688814444,0.102055068542749,0.003069728719234055,0.1009500127947766,22.543952131740618,0.4981863200308924,22.542067909735046,0.7983313028179745,0.010357871172831655,0.7994456612857447,0.8192975570030929,0.007891764249281138,0.819947966679143,,,,0.0,0.0,0.0,,,,32.394145319059064,1.5209908448258767,32.34342366159947,480.1647199340876,43.11110562003713,467.6632751937984,447.7705746150285,42.12093931245047,435.42829457364337,0.5468424189114816,0.015894898093121772,0.5496693417957268,0.646027988011997,0.021382248857524794,0.6456715511829285,0.19535672727913123,0.02978569233657814,0.18882856330841435,8.120825477980937,0.5343304132255822,8.13079218527452,85.42608376715793,29.491524168941517,78.8474991063556,78.05071295594004,29.574216873984707,71.63088927246775,0.8006636398861238,0.010210914298215456,0.8014406621205122,0.04759655491709312,0.0013797263305647333,0.047523040588311444
MAR,l7_species,0.001,0.7,3000,all,0.3,0.6547024055817495,0.013989839937507964,0.6495364251080619,0.809095279068513,0.008643235684927393,0.8059377427660884,0.17428244096639506,0.01305783146150942,0.16833240750727252,0.20553558632100177,0.010357625262370714,0.2078241706180023,0.47288769217987536,0.011083850971169325,0.4751262353658478,0.7322507392720362,0.26425774309549427,0.8496582833645678,0.3896086884816915,0.012365500379657467,0.39528831397072056,0.07880933276906474,0.0013026328500375579,0.07867861338410051,0.00038626364321569,3.681950820231831e-05,0.00037557350023875,0.01963392256981668,0.0009265993609683342,0.01937755125520875,0.0019173095101550502,3.174141846376365e-05,0.0019101338082991499,-0.11566813390772526,0.07437565116965289,-0.0901456466549144,0.240637431892938,0.03464080572716883,0.24003284482518306,0.05984431212867354,0.04231377011611546,0.03993563217443205,0.2194300700313426,0.030134488645777863,0.22198889838998145,0.021223712842010613,0.0010021359010169513,0.021104286553818602,0.00889125954375869,0.0008304746047229604,0.00870491355392915,0.09420291632940339,0.004355086272159166,0.09328720339060595,0.03262785545447538,0.0009655487789682596,0.0323858780640042,-0.1610355311578398,0.06947127611369308,-0.14602043552159574,0.19788467728448245,0.03750487622189609,0.19285739631025683,0.2938545977728392,0.02728862266723259,0.29420948847771344,0.17183764583652142,0.03131533460841871,0.17095316731407556,0.10187768794244556,0.004569921274247058,0.10179710041440755,22.817596182298054,0.2858036835546103,22.724428333344363,0.7985594109795996,0.01322030079016044,0.7955707311566174,0.8217993911482377,0.010539390798867261,0.820090546971746,,,,0.0,0.0,0.0,,,,33.04296262530067,0.759144929581506,32.93688141923436,501.9569646704376,42.24836972466944,521.1414697513299,468.91400204513695,41.73653071326265,488.70719411109735,0.5532307435206765,0.014689992757430824,0.5559617952623959,0.6302967980806321,0.024746772855324384,0.6236162252656001,0.1692577044160881,0.0326475942426176,0.17164511821413841,8.35101326407997,0.23241003392265064,8.285093885152477,68.30861936283412,30.685162456735892,54.978299539438325,60.58779764475084,30.591731813279512,47.1842259542188,0.8000795460763526,0.01342465126813835,0.7970069295286744,0.04694926669960538,0.0014479905187477328,0.04713987915337895
MAR,l7_species,0.001,0.7,3000,all,0.4,0.6593495654210405,0.015759625091516148,0.6631935975514524,0.8119508890397146,0.009736484002476533,0.8143665693863107,0.18476728070806375,0.01411626847325753,0.18700603995501364,0.19642433852322375,0.007626462975847211,0.19686696498529282,0.46372701737908456,0.007995873827338502,0.4627433962120999,0.5712837199347918,0.28017537040085005,0.6987979045398252,0.38412647934047384,0.009726621685367587,0.3845175286403219,0.0788647059903895,0.000808808256138486,0.07908429523394594,0.00038561642956665,2.509522248513638e-05,0.00038628209173330005,0.019627877832394648,0.0006349465097928192,0.01965385778171425,0.0019171340564188197,2.9812708437449856e-05,0.00191915084154485,-0.11509506942097163,0.05735540597173635,-0.11629633290361906,0.2459527066492762,0.027877882635106644,0.24548644337317424,0.10848883238274945,0.08284964202554773,0.05719091006289955,0.22601116722359255,0.02336861829692505,0.22541772659129028,0.02095779431063317,0.0008059070235863916,0.02078085612971805,0.00887424908708834,0.0006639774924843809,0.0088777402310162,0.09414380259015391,0.0035266479133872976,0.09421731048387086,0.03288830388700698,0.0013079911188958137,0.033126322978469694,-0.15638966956316966,0.06177567473843695,-0.16425304219244896,0.20537855469519267,0.03324182626716538,0.203673824540463,0.295171792797538,0.02203107367104724,0.30263083874431906,0.17943734594208952,0.026610805255606163,0.1798831405065038,0.10058242440970169,0.004558484323856721,0.10031923007446995,22.94241675953477,0.2621054670553211,23.027047148973793,0.7984863344984563,0.012416993064194887,0.7993263255034613,0.8204096146871638,0.009072341134504123,0.8206901028568713,,,,0.0,0.0,0.0,,,,33.04420191717037,0.9071845688508445,33.02741228070175,502.21493434674795,35.60561676979473,491.7318610876303,469.1707324295776,35.109825128765834,458.0026944209636,0.5523835348838023,0.007696630105316294,0.5535029242614646,0.6189658135040337,0.017412378758056665,0.6230190749282163,0.14848110196445918,0.023574429947365198,0.14801439003554115,8.23970474495149,0.30090548205513706,8.266712465015399,56.108805406933946,8.895709855403814,54.83694363977669,48.3567774911948,9.093025118921371,46.576394751865756,0.799959508230976,0.01241521978182409,0.8009254144678254,0.04645072199151426,0.0015977246942760887,0.046072695472431396
MAR,l7_species,0.001,0.7,3000,all,0.5,0.6586745748214478,0.03176531953329477,0.6523679321168774,0.8113778055719989,0.01945454664411658,0.8076921224588005,0.19195862395697347,0.011977170209652943,0.1939945025393135,0.19122233003593275,0.03896643320736152,0.20254164844925254,0.4617870489962247,0.023785539929174003,0.4642668932523532,0.39787446584194314,0.2536939322905634,0.2442939609480818,0.33483579425230925,0.08790135413595601,0.36772480455134926,0.07879882426582592,0.0019488369514082708,0.07899094691532305,0.00038778484582658,3.4303262812284054e-05,0.00039792879099210003,0.01967441480587767,0.0008833319955175245,0.01994813680484045,0.0020004673034392,0.00012315988129091673,0.001945379270111,-0.11737105752472979,0.10461609530743987,-0.1523138297144237,0.21974324970104445,0.03464271216178813,0.2304154866913346,0.13641682435728625,0.06986110100135141,0.1359265887778954,0.1729373560455345,0.08244694162948973,0.21634409972991145,0.02101276853961239,0.0009869630841681343,0.0215242495687872,0.00914638877724026,0.0005245302090328632,0.009042575252601999,0.09560173256998587,0.002727943233608535,0.09509233769706935,0.032196611173517894,0.002110589840676126,0.032716192992124346,-0.17685302173419326,0.08071616933026993,-0.19246277952523105,0.17367110987443138,0.0432484868134542,0.1906049727985252,0.28233010513145024,0.02797864155963625,0.2915323875174415,0.13505029531191204,0.06887288208626367,0.1677067391652076,0.10214470837538532,0.0028425055290758052,0.10298281312846244,22.969594401188722,0.5660225280761214,22.89933028504726,0.8331946318824528,0.05129609055767202,0.8102504660012484,0.8508718554046062,0.04343647816694053,0.8322166326011744,,,,0.0,0.0,0.0,,,,32.65155508501679,0.8458190477905395,32.62349223137166,582.2945246290108,108.8337534110139,544.2188975982313,549.642969543994,109.31289573650835,510.30919003115264,0.5512768864791459,0.006651571166362315,0.5521922256892873,0.7033894443957127,0.14964887574171146,0.6161813361427448,0.20189503774085762,0.11945641898508592,0.13552820235902951,8.13766313353872,0.24467100990272478,8.16603753155509,180.9327185659351,229.0433187796636,52.672643191232,172.85951463579448,229.10207495744243,44.42568683479914,0.8354099900736539,0.0523780471477491,0.8112732042142463,0.04375247340048496,0.0030959800744054028,0.0447516622911164
MAR,l7_species,0.001,0.7,3000,all,0.6,0.658844650779136,0.013397821292279333,0.6565896007443166,0.8116548783329526,0.008233350705507679,0.8103021335363965,0.18939435511942498,0.0136287293883851,0.19136016950491525,0.18916903341900876,0.019123600935059333,0.1928785698948305,0.46547575609407554,0.012677609764268528,0.46819058355706483,0.5248294108065508,0.30051599065822937,0.5689942275267317,0.30102595177562524,0.06115878761601475,0.28276972797716415,0.07871639984419898,0.0007744644529438426,0.07872994494528471,0.00036078430650624005,3.385889440230432e-05,0.00034630410389095,0.01897610104562077,0.0008767969565282073,0.018609247550547,0.0020569547493561697,0.00010930021382110094,0.0021144489178286,-0.04464255042191795,0.11636945015581078,0.027592129142778102,0.2168405956622717,0.029916950950373986,0.22809886558369075,0.09524164411023872,0.04208450033014572,0.0915014832030593,0.13313230688010277,0.08237489771201878,0.08720620860090955,0.020298628310961082,0.0011680310804914006,0.0198624417260643,0.0087587219553339,0.0006049335177509326,0.0086721850580416,0.09353808205514746,0.003223035280675612,0.09312411966984095,0.03050637303685057,0.002436434188873355,0.02927434278722505,-0.12396174831023106,0.0938027056274864,-0.0726362235573534,0.1698324772705893,0.03476787929287504,0.17797796577515201,0.27631346739748813,0.03255421757709578,0.28078205416999746,0.10128677009276524,0.07122599149797347,0.061520799865302296,0.10009160654340281,0.004506494826647265,0.09987364147500866,22.997780329585325,0.264008152714145,22.951261157505137,0.85672165310687,0.045523539056489815,0.8806679742756449,0.8722697772521626,0.03732224605318881,0.8908201895988784,,,,0.0,0.0,0.0,,,,32.45533542249087,0.4223636919064013,32.40298281092012,659.362506451348,129.13831285188857,748.7375,626.9071710288572,129.24523266420672,716.3945790816326,0.5517234674295011,0.008751448071059143,0.5518302873443807,0.8042795357436597,0.15310550563413794,0.9105597804756929,0.27749760058969,0.12698003757785203,0.36396159041684284,8.082328987858194,0.195243774687527,8.049486507041209,305.59689629854194,215.90750543191248,430.6503226215462,297.56867034431605,216.02976110766426,422.5506887163948,0.8594154867376458,0.04633902350804756,0.8838200064297508,0.0420575948016632,0.0029599215689018374,0.0405606408518503
MAR,l7_species,0.001,0.7,3000,all,0.7,0.6587170028701866,0.014621152768069145,0.6568356006263656,0.8115690608036983,0.008985322376562195,0.8104531565189492,0.18906434743957581,0.01322079893008002,0.18700335680229124,0.1950755323813387,0.020819204845304085,0.19882411778618544,0.46325109116026697,0.02033113834101926,0.46661472205664095,0.4608715210976295,0.3305767669113625,0.5026405237581686,0.3168207709472534,0.05311088974519534,0.3174989203731301,0.07880772735046204,0.0008742862128729573,0.078422387106693,0.00035280815091141,3.454893252498783e-05,0.00034428638096535,0.01876309043727897,0.0009156589333153729,0.01855486705619325,0.00203248933204164,7.911321415072829e-05,0.0020053040888501003,-0.03482321969411843,0.1095816352932417,0.014201019972503599,0.22430654399829328,0.02528456821880066,0.2251069072097521,0.1028846169161642,0.05986097663707417,0.08672163314530335,0.14661957782328902,0.06332613552349144,0.15213800176257364,0.01981438198674208,0.0010909328128915696,0.019597410550971348,0.0085403271883869,0.0007176262439565648,0.0086897433277568,0.09233889640204053,0.003923632053224623,0.09321766271837414,0.030585094855578483,0.002395298202657949,0.030036178710461547,-0.1151989610038564,0.09089293387968439,-0.08344411394849946,0.17540328407606282,0.02563582987680877,0.17775009634063035,0.2800275116063891,0.03136001765621294,0.2849703707942886,0.10854781773818674,0.05484825532666029,0.10484898934281986,0.09756325088824341,0.004869529242282672,0.09875526506195305,22.995545703191265,0.25134709177138703,22.951377239114994,0.8465318067953607,0.03295065369378364,0.8352091530060823,0.8639547894220418,0.028271046086492665,0.8576949829586489,,,,0.0,0.0,0.0,,,,32.48575753791988,0.8315605917630441,32.45959998671052,644.1806580665135,75.79123517262876,656.6714713936792,611.6949005285936,75.79961811812134,624.0170601731922,0.5557028588875832,0.006415515950398357,0.5566264168625334,0.7897970656299744,0.11977857314973678,0.8046639782609053,0.25933730597520666,0.10008874123230596,0.27530651056906663,8.210446613588473,0.26947675068939314,8.231607844208924,248.59068198013605,165.92284378192278,235.7682860997137,240.434797931813,165.98388637632598,227.60045695028396,0.8492193985462426,0.033782415906847586,0.8376260362205387,0.04221433498849879,0.0020370873924622046,0.0416995743685911
MAR,l7_species,0.001,0.7,3000,all,0.8,0.6818626488499949,0.0494494994062251,0.6717157385802615,0.8252736985661135,0.02955167423349449,0.8195766729055898,0.19723844242901672,0.014624314034225611,0.19091199003581644,0.16026862714603957,0.055739425895952766,0.1843539893809635,0.4430536417564335,0.02616764888707268,0.4413141560038361,0.25120243011966636,0.27745415446981675,0.2761949350089698,0.26608706110824937,0.10021822134092513,0.3140602206137323,0.07978379558890933,0.0029780177510141904,0.0789630472102468,0.0003680808423224,3.9633166391405765e-05,0.00036254195613784996,0.01916161752332619,0.001007337641848418,0.01904031635415635,0.00207746324728564,0.0001172467867931691,0.0020267991006392002,-0.0622053636038203,0.13284338038155136,0.00441633129089285,0.21750921613290114,0.029084750119178916,0.2185073223532923,0.1105165990114307,0.032137310868721,0.10163698146505154,0.1296987197712088,0.07960328318962638,0.14403673772728615,0.02014104928113742,0.0011071547398943614,0.019933200382566102,0.00899028007076911,0.0007274493628970002,0.0087344342179134,0.09474919479073532,0.0037815571860810265,0.0934581943036555,0.03105440013372862,0.002183943818954325,0.0307022974945288,-0.1420939549505489,0.11544238374571335,-0.10142991614080105,0.1667346533496839,0.038087673312172006,0.17780878233328756,0.2599789939962254,0.024882201970231627,0.26276098393015385,0.09807258515780275,0.06496738414124174,0.1022395295940952,0.09962874952397796,0.004018584824364873,0.09922974155607389,23.379324918743663,0.8408319363212489,23.21604652241425,0.8652634424944867,0.04883328669935388,0.8441618254162371,0.880674898628965,0.0399092293749238,0.8649433031042826,,,,0.0,0.0,0.0,,,,32.256456872373484,0.8946048718544474,32.69624235886372,675.8707535289341,70.99108168789195,693.7116935483871,643.6142966565606,71.32805406991623,662.6462365591399,0.55321322760394,0.007916467673517405,0.553960156444379,0.8010812795840108,0.13713083915588306,0.8183230665466785,0.27016813289827574,0.11547105073621401,0.2731653596118141,8.191572204770067,0.33729207153228224,8.198454547126822,291.39474252546904,223.90465648922074,230.35426544328226,283.204093390571,223.96157544427132,222.34626609292633,0.8681762128923657,0.04967486683853874,0.846894179242586,0.04090187910143359,0.0018872783807381893,0.04039653499410085
MAR,l7_species,0.001,0.7,3000,all,0.9,0.7129691524908572,0.0324726204819823,0.7150109645198046,0.8441775907879789,0.019245423763721507,0.8455415603847798,0.20287493663095005,0.010556418699296468,0.20114009095197188,0.13462429515251456,0.03216304832048784,0.12820264702089665,0.41794097503958516,0.036309528893638435,0.4311953828859225,0.1663280645279309,0.078157528478789,0.17400672325618655,0.20740960209713494,0.052556468493859025,0.18758240602827525,0.08223005672253418,0.001748769623218598,0.0824289900126703,0.00033757039937272004,3.23713582628536e-05,0.000325485204439,0.018355757876193448,0.0008409995133605682,0.018041048267594048,0.00218022128008417,7.545817113083874e-05,0.0022080979431677,-0.009878494919804828,0.10672308350560482,0.01571818377952455,0.1848355583955707,0.03884976552670396,0.1819329778618773,0.16809903497796713,0.05249364594799627,0.14685786575731163,0.05544406408790181,0.061138371554803665,0.02413838353451845,0.01952747791861984,0.0008328679613533298,0.0194460206721877,0.00827807227128603,0.0006673889447274091,0.00823635614420615,0.09091894395053253,0.003623672508810118,0.09075274492190966,0.028882005510020247,0.0019142627137886438,0.028793347935604348,-0.10714132120885969,0.0831053241676863,-0.08973803093341956,0.12752816685132,0.04704163909853786,0.11537314503697091,0.2667864764692859,0.0287562100208549,0.27777639428333545,0.03858100966781461,0.05315077521541346,0.01367913180602,0.09676975443680838,0.003396069282435188,0.09583907935448086,23.95188874034445,0.5420657987234129,24.015704767515846,0.9080621631550745,0.03142832827599303,0.9196727933293568,0.9149721865408077,0.02522775771878998,0.9243106420401566,,,,0.0,0.0,0.0,,,,32.47789650274808,1.3326674667747893,32.09579467405712,712.6383728775642,73.05326297993831,718.9017901164334,680.1604763748161,72.58413069903568,687.6411802632078,0.5609571842792684,0.006625016545398073,0.5609138549242149,0.9182120171633772,0.09783081636272592,0.9602969109966898,0.36167980373685193,0.08716303001134779,0.39795003174240406,8.37229038575465,0.3661321004043723,8.314136806125909,486.3117804190316,173.40579511874773,581.6434111743388,477.9394900332769,173.39902687221448,573.1767201885397,0.9119808552596453,0.03193154311412706,0.923631392359693,0.04073656724351143,0.0015307162196198396,0.04064965191816165
MCAR,l7_species,0.001,0.7,3000,all,0.1,0.6187500690169312,0.04463842374863512,0.6105442954784439,0.7861544291079131,0.02811252411574468,0.7813693210334713,0.1572394197465803,0.009278617711473576,0.15588239331942455,0.24036325508821355,0.02584413625732953,0.2362195060587018,0.5052283039630734,0.024983996665305663,0.5019319563589191,0.8690702501639945,0.02694906969722121,0.878392356571192,0.42069825700513225,0.029030979317615866,0.4191025792505979,0.07790350621340714,0.002966352061414246,0.0775054204240322,0.00036254650819855,5.0334968285775e-05,0.0003741645021866,0.018998966492946658,0.0013273952766741223,0.019343323605113448,0.0018866406509500297,8.396083673605707e-05,0.00188674164255555,-0.05304435767411655,0.06016266496412981,-0.056884147611935804,0.2715413912650339,0.0630575294961142,0.2711454671125843,0.05721192777417532,0.016954306723345306,0.0605931136900126,0.24503203058460438,0.06533064006109626,0.2479916813271998,0.0214697349395357,0.0011510762382902727,0.021173524805199198,0.00881741552806333,0.0016561839965195551,0.0089777652837492,0.09351981857317393,0.008910609288558642,0.09473258630558384,0.03287302856537151,0.0025805951207949324,0.03313100920092015,-0.12819114957014355,0.0576035317171167,-0.13918419028419743,0.2203942630665972,0.06421621514189178,0.21910244042035384,0.3378379740254789,0.0415780180566351,0.33900459682207146,0.1925562132053607,0.06457638068575076,0.19499699078753224,0.10569826793245123,0.008188317974809503,0.10578600544464406,22.22487422308482,0.7442524679548753,22.133695600970874,0.785785831120705,0.03496968850056733,0.7858278941244021,0.8108721169923004,0.028857065854032457,0.8106777268521186,,,,0.0,0.0,0.0,,,,31.877777777777776,2.5357417618083424,32.022222222222226,434.3377777777778,57.20191541873416,432.9555555555556,402.46,57.60325593792599,403.2444444444444,0.5560876633783952,0.020092876534215903,0.5569182833252784,0.6552522818736205,0.04461386541752202,0.6442703363614225,0.20749100799290895,0.04371753780639092,0.19338504690958758,8.228608346167011,0.8222288348469733,8.113152593138267,98.42574528050639,56.733894783397055,79.14132122244125,91.17974956309388,56.917681483979784,71.79376958230657,0.7868665535733973,0.03616532008554047,0.7860503211549544,0.050026111756612104,0.00484341282157448,0.0498306744074919
MCAR,l7_species,0.001,0.7,3000,all,0.2,0.6250800621523072,0.017438583412121383,0.6231617981062616,0.790550877808784,0.011023799912926196,0.789403485046519,0.15852982931797283,0.0049427894219614835,0.15947959765034,0.22238171794817657,0.013222431932254272,0.21994978182997477,0.48904016294709984,0.012023742956222874,0.48643599516714414,0.8673853771590985,0.015487295464416307,0.868140949327895,0.4011277211145144,0.01715332565197419,0.39981301316862583,0.07741591557686459,0.0010792281594142862,0.07744795372996485,0.00036263183591328,2.981007527467429e-05,0.00036265042851779997,0.01902837656192302,0.0007836675393339922,0.0190402807749022,0.00190686040256596,5.16307508285816e-05,0.0019075318071189,-0.04549824245964078,0.043845543074100136,-0.0603262191334973,0.264305001949026,0.037891457719228826,0.2632241054279537,0.04806623189790488,0.009364035894042132,0.04850110464529475,0.23347917201859292,0.03844571729423003,0.2354531088356786,0.02033868519721769,0.0008757950762396479,0.02021449213241215,0.0088495577526915,0.0009661389413751802,0.00844256238636955,0.09394640030094652,0.005124193506826233,0.09188329285223684,0.03295623604810024,0.0017592738673086366,0.0326745707615687,-0.10534352772788587,0.04211699944381067,-0.11922431925586324,0.2200226582296748,0.04164878900247178,0.21880379969716324,0.3250067144109395,0.02415241301602515,0.3293402416019804,0.184734249749576,0.03874874769061671,0.1863633282189585,0.1004876322680445,0.005873361949066914,0.098457997528751,22.363245742876718,0.2744697074464024,22.31871542168833,0.7942073576687456,0.021504207720101608,0.7944869976650406,0.8186703672722061,0.016382513730269773,0.8183175046500665,,,,0.0,0.0,0.0,,,,31.368131868131865,1.5315582955616733,31.23076923076923,481.49670329670334,62.41825607127576,481.4835164835165,450.1285714285715,61.50002747333949,449.78571428571433,0.5550321695575386,0.010765012017969616,0.5541666198633435,0.6648209974613568,0.04079792812377743,0.6507376251755319,0.19569075336451155,0.03917379854907745,0.18355069348295266,8.001494992303327,0.42213854567522135,7.982155567302692,93.82957302953517,55.188281284398585,82.50729700707961,86.50000296656935,55.39730198107053,75.49080309379542,0.7953962854691752,0.021644364353051553,0.796144079487304,0.04656085597204443,0.0025539038623330545,0.04641114149882925
MCAR,l7_species,0.001,0.7,3000,all,0.3,0.6375248429954246,0.021989701561777052,0.6327099965456536,0.798345185335825,0.013735923968102236,0.7954293510358057,0.16464183885198763,0.0074118738093470245,0.164843847889853,0.21589204190933003,0.01101080007741073,0.21322394759326005,0.48333179186054664,0.009158908429394763,0.4809030662870144,0.8396549352921022,0.04297880500658231,0.8445406013743848,0.40129533765094205,0.006596647259601112,0.3990577941539462,0.07771992790241486,0.0011492054573901025,0.07799094168242196,0.00036650462083165,2.3205483694538174e-05,0.00036645302359115,0.019135737005553568,0.0006038672462599639,0.019142715152042147,0.0019059173201028301,1.3917204068331832e-05,0.00190409620977085,-0.07395756355282948,0.042838982509206265,-0.07457098657559899,0.25768026992533344,0.016518061414325783,0.2568109699324359,0.05015883428758935,0.00983156864994006,0.05052528951806245,0.23181996123143986,0.012583032632842533,0.23214027364411494,0.02034315417309605,0.0006491359143499666,0.020428870377029,0.00871235098063095,0.0007583784223527747,0.008490438333810399,0.09326306147001338,0.003993375886179949,0.09214315813080055,0.03306083721778281,0.0016066176791988973,0.033056233329833595,-0.12803221908363058,0.045058093320650736,-0.12932097250840563,0.2129732599046835,0.020492337479483813,0.21199170698850833,0.31524832202523695,0.026340336826592595,0.30996796524043607,0.18176036284866184,0.014454499321439645,0.1843575176806499,0.09919725895056704,0.004176336623240099,0.0986270798934783,22.576640391090383,0.34480194506389356,22.52519809872392,0.7938145638228447,0.005796515494455501,0.793056071369576,0.8180522093269404,0.003478218294127851,0.8176925144856173,,,,0.0,0.0,0.0,,,,32.159558823529416,1.484675379116031,31.871323529411768,488.27426470588233,45.20670426242206,492.4227941176471,456.11470588235295,44.649841815878894,459.9742647058823,0.5556932838453004,0.009963378987789897,0.5561048056485911,0.6363667573744688,0.023903638693784184,0.6322426162758096,0.17537929598021995,0.030855928161913557,0.1618912127360084,8.110984467086183,0.42378401543188265,8.054453169364344,72.67733755707575,25.510127304511027,66.26465170846238,65.29955764059193,25.734351585091865,58.95766073935492,0.7953750376289618,0.006569849127191411,0.7947359174701647,0.04696729715247665,0.0022238638741267696,0.0471748715517913
MCAR,l7_species,0.001,0.7,3000,all,0.4,0.6403696782570838,0.011542887114781537,0.6417433352475594,0.8002017622986164,0.007212479252614563,0.80108792093412,0.1756067403821067,0.011155688520866732,0.17152395807161835,0.2081362513640693,0.012437494061374982,0.20813333095937456,0.4748837728001235,0.010176367801435897,0.4742894919357191,0.6277509350235684,0.3088657800571472,0.823533281081058,0.3876397062647427,0.011376606827455117,0.38606612654485606,0.07800807008486657,0.0007114829646784931,0.07778930252582306,0.0003805824023907,2.1081008834867032e-05,0.0003726125286436,0.01950182677228773,0.0005386762936681438,0.019303159772244352,0.00191595989232836,3.191511028872368e-05,0.0019216421723797501,-0.1086511674975789,0.05271616903627023,-0.1081004417520173,0.24925273780064874,0.028023936526295375,0.24085367469904315,0.08788335643608253,0.06967365790772036,0.053185121936871804,0.22884891099790466,0.024656618234020315,0.22390698693560912,0.02068992282935377,0.0005189100290451267,0.02085134224410755,0.00903767759065958,0.0006057465547247271,0.008935647864414899,0.09501924981568013,0.0031657463794328273,0.0945281533529306,0.033333636282647496,0.0009463077631953962,0.03318606514729335,-0.15736724381980816,0.06296795414684868,-0.15839022541071865,0.2084252864421005,0.033364390648486626,0.20252540347893594,0.30441499061636346,0.01712623677967663,0.3090736654154389,0.18203505524114233,0.02756455787839498,0.1799009312788189,0.10085780770981423,0.0029946367658661645,0.10133981808469264,22.644014155651668,0.17047504869006422,22.65227483700857,0.7979972951547836,0.013292643435247659,0.800363964796176,0.8223253705676884,0.011166378195910924,0.8241960459569864,,,,0.0,0.0,0.0,,,,31.917362637362636,0.7567249254573523,31.815934065934066,493.5417802197802,31.56063119760645,500.2089010989011,461.62441758241755,31.157924046445775,467.47923076923075,0.5549814661554845,0.006447389232106488,0.5537101315618234,0.6297307222191175,0.020660420464492738,0.6369594480506965,0.1597894515985417,0.02671493543176425,0.156752291033714,8.135086037632561,0.23212358983162154,8.145255404942679,64.07647601774265,14.664809845753378,63.720943405449475,56.3741352074739,14.71383372184461,56.07042230182577,0.7996201691860005,0.01340444042531034,0.8015803397674269,0.045669028882615245,0.0013241684251831642,0.04571468271222425
MCAR,l7_species,0.001,0.7,3000,all,0.5,0.6544401666129436,0.02690896797075787,0.6475110469952936,0.8088245914315643,0.0164298816018829,0.8046727609336866,0.1843234686938948,0.013919625471393452,0.1860705222996799,0.19485044851074146,0.025872518762462732,0.20388793624565554,0.46692814158158125,0.010402566357090226,0.46871574421497525,0.5835347261857671,0.30758377526188363,0.6775621450980494,0.3267662759577751,0.06940239922592319,0.3567493632163983,0.07865901260608561,0.0017613792159808875,0.0782702668774735,0.00035418398574663,2.131987440715562e-05,0.00035469737203375,0.01881212054840242,0.0005657897323105669,0.018832889191288803,0.00201415217593583,0.00011500638566036581,0.0019793908869744498,-0.028122343319450682,0.07203126061951518,-0.0353394065867279,0.23952403191657373,0.02852731771954428,0.23726886582708726,0.08565017566243495,0.05535975630270072,0.07027497741232411,0.15799993993448785,0.0834462237067551,0.17301790681023954,0.01998174211152249,0.0006783424530891204,0.019800479175153048,0.008581821829308441,0.0003825896306073321,0.00848163893933255,0.09261764696186152,0.00205299254652069,0.0920928864008307,0.03086202913986248,0.002299812631033401,0.03097673499384995,-0.10146563329430605,0.058691331188325035,-0.0883930130869098,0.18969754052821372,0.037657733074942364,0.18542624144485637,0.2988584948253816,0.025875631615142874,0.30674527341068825,0.12078603471774876,0.07149261217332988,0.125441068720349,0.09842459677808094,0.002580729569431181,0.09866915369236205,22.91340138997277,0.48389018543777734,22.80583086312079,0.8388943812772975,0.04790015962753784,0.8244163044248782,0.8566662699508489,0.039425872441775076,0.8451917111230107,,,,0.0,0.0,0.0,,,,32.24899635431062,0.74723237808602,32.12114537444934,611.4926131639658,94.85827406489591,599.2885462555066,579.2436168096551,94.55984198357817,566.3788546255507,0.5543234134091881,0.006743144475857189,0.5550520627275431,0.7671340425316613,0.13645534382019703,0.75877381522013,0.25789646179961323,0.10824179506229283,0.27092299989262636,8.160025832763285,0.26321307761963747,8.22264403948427,245.09140446509764,200.00347754642624,199.36733981060098,237.30683004078037,199.7727708943658,191.93659498379,0.8415171582695157,0.04919105599007717,0.8261361305483699,0.042838659202133325,0.002372936357137727,0.0439603233609309
MCAR,l7_species,0.001,0.7,3000,all,0.6,0.659461520415056,0.03439115886123233,0.6463346980881055,0.8118285962563896,0.020972222778288058,0.8039423897576168,0.19387706619130424,0.01580694770488881,0.19226627091867604,0.1872489487287992,0.037698643302414556,0.2012662991273009,0.4577324310217154,0.0233535258898025,0.4641348701989306,0.2758109659736127,0.2374782094287067,0.2581622637167997,0.3204757082713343,0.0879276514905832,0.36498282447377695,0.0786108035658355,0.002157324502508123,0.0776774104499803,0.00037008731304919,4.3336354624432e-05,0.0003658078661783,0.01920879386280401,0.001110330974453447,0.019123603179773747,0.00200178222453432,0.00013419265968995188,0.0019422123912731,-0.07324250647450588,0.1287627339406157,-0.02579386975917055,0.2376392287968594,0.047738506686658445,0.24015075602888195,0.1203907738266923,0.05084323749261332,0.1133289112318851,0.17617399925071228,0.09183888621627499,0.20955450585102314,0.02010960707741662,0.0011641815853367609,0.02002817142930955,0.008875932325559669,0.0008264912051157143,0.0087872490417417,0.09412216146739533,0.004339872791949165,0.09373990507468319,0.03161609093081464,0.0023586820726920485,0.031948689067965,-0.13734818250730335,0.1171722459297498,-0.10115992396093504,0.19644157781186022,0.056865048860925776,0.1984008979877412,0.26796361695491505,0.037013853047950004,0.2771605372915745,0.1401600859354714,0.07933954470681288,0.16055840148694817,0.09858400975770813,0.004559665558977372,0.0982625433552624,22.989950522146717,0.5963948561294593,22.744669739265493,0.83374229651857,0.05589124276085967,0.8089314609652822,0.8520812599076084,0.04632621181875624,0.829835691725511,,,,0.0,0.0,0.0,,,,32.25305581312658,0.594582332386577,32.35918367346939,600.4421876147329,102.07713753522566,561.7780912364947,568.1891318016063,101.85483967365535,529.2552220888356,0.5532933884356964,0.007146428901709401,0.551667548337274,0.7282546031589245,0.14472016181787203,0.6655803214318257,0.22030975562616897,0.11710770180765556,0.17170072768586725,8.127838057108141,0.20809148947530845,8.145080229381094,212.9550227955715,229.6880480487713,88.08518040049185,205.0013674933528,229.5802294419282,80.49422587205268,0.8360235915325646,0.05686791707393793,0.8104186100640665,0.042801320924439876,0.0021003107392435624,0.0434419110721919
MCAR,l7_species,0.001,0.7,3000,all,0.7,0.6675392888434122,0.0352361208697952,0.6544980287608253,0.8167800952463147,0.02133241802289594,0.809009237952554,0.19380861388080392,0.0133940090800815,0.19153784008732466,0.17317419355245894,0.04050314070051705,0.18801409163616828,0.45617731306034637,0.016117184532104145,0.4583403815566369,0.3956302122877956,0.2278528740462783,0.3217328819638575,0.2877461375291309,0.09340909302922891,0.32093096019397627,0.07909753848609873,0.0023893655860959873,0.0783909333435265,0.00037160743890816,4.234766019685088e-05,0.00036391359255155003,0.01924975772616759,0.0010823156204590794,0.019069881618336802,0.00206252142142368,0.00012940571516111636,0.0020096685037104,-0.07172553327421423,0.12442206789519922,-0.030005004989206496,0.2084608969046918,0.03184158538200498,0.21282874060033374,0.1063470768943825,0.03937779427770736,0.11234619604902765,0.13355371663483323,0.0879102061557688,0.1706578973513766,0.02030897708244635,0.0009898778800395208,0.0202020427288136,0.00906581455913091,0.0007566002829577074,0.009116536186436399,0.09513998025717679,0.003971945478389788,0.0954759154296241,0.03141492381350261,0.0025415421308619657,0.031340336770241846,-0.14734484424423777,0.10245332180104881,-0.11135196909172855,0.1579792417497802,0.04868459983182887,0.17057703278685746,0.2814003086871456,0.029568865604449303,0.28197119638085444,0.10157515383697266,0.0728166317022725,0.12741187924979513,0.10042557187054904,0.0032087504899987614,0.10000380720242165,23.153242137939873,0.6219144999814452,22.930726281459766,0.859040172022987,0.05389748036461119,0.8370269317953998,0.8741181374070315,0.04498415731238282,0.8553857440799124,,,,0.0,0.0,0.0,,,,32.09544154118988,0.7145167604195934,31.999014265461632,647.9826313123538,90.40376488827769,634.8821687840291,615.8871897711639,90.54795893899951,602.8462568058076,0.5527443977140826,0.004276346244309383,0.5526005574800943,0.7814090287879918,0.15772476261419577,0.7530858751969826,0.2654635358739591,0.11906212865190263,0.225567265388591,8.086828334321915,0.22366422382281023,8.072466463577149,286.03166440000757,239.57942232383945,174.41944371192403,277.9816933856217,239.5750990384414,166.3677027586333,0.8616758855572492,0.05519740673136422,0.8393954229738305,0.04155067901745154,0.002469935918171042,0.0414552811983388
MCAR,l7_species,0.001,0.7,3000,all,0.8,0.6696356368636541,0.020995993300379354,0.6672837117152675,0.8182237098117856,0.012719083016091553,0.8168742633092096,0.19865850156873194,0.01282293617900159,0.1936872540228748,0.175842210784594,0.020429090418989496,0.17997037049491638,0.4470920909000832,0.02272325551131398,0.45234973791797906,0.21887591105857274,0.08155983521423979,0.24372898023411127,0.2975091967669568,0.042191896801867045,0.28830133656383095,0.07944885795386622,0.0012725264638077769,0.0791910574206178,0.00037750018230562,0.00010155440284910542,0.00034134581557205,0.01930437550129515,0.0023193075620554994,0.01847537634079735,0.00206405446252833,7.447736724255504e-05,0.00206981977493695,-0.11049262358240772,0.3155081525827915,-0.00468754832507985,0.19840290793344997,0.037119646478602296,0.2070706337855597,0.12928894010404718,0.03933500076161293,0.12046964905537735,0.1346425744709887,0.06342460178538752,0.13116891974415334,0.020337134321257132,0.0024005160222904565,0.0195319087854837,0.00912080723313138,0.0020211550144806707,0.0084158686527687,0.09506911422076368,0.009584174131857897,0.09173732130842954,0.031206378344713893,0.003439696439484511,0.030457699822536148,-0.18739202465686583,0.28024441058055416,-0.0940715545884826,0.15366989312064058,0.044523747498106774,0.1620801261913738,0.27286958230751657,0.018124334018862986,0.2719462254150748,0.10091635320645101,0.05880181264408616,0.09475268665085396,0.10021080429635072,0.009930537963089079,0.09737950282668939,23.20782929023125,0.3662634234795445,23.173820601455326,0.8596786836430681,0.031019823456525583,0.8620799362612581,0.8743023669711386,0.026429601314938836,0.8770715551339148,0.7333333333333333,,0.7333333333333333,5.314728562317608e-06,1.680664740247578e-05,0.0,0.0001062868682574,,0.0001062868682574,32.23059855451739,0.6871038377177104,32.13271162123386,642.0520488010629,134.60778068444642,671.588251516823,609.8214502465455,134.37945043746964,639.6402647545505,0.556586178197319,0.004732798223163056,0.5575956298726612,0.7852912458171457,0.1633733604307819,0.8328551136807463,0.2742761374301584,0.07476592939125398,0.28240151698327487,8.179647921665525,0.2209717904468962,8.11199845067588,267.01690882539975,157.06162831824054,285.67417001226937,259.1399174109934,156.4937277788448,277.48361934336407,0.862616759540248,0.03164972971974741,0.8652147544004247,0.04233983179957605,0.004150986798784579,0.0410604340527813
MCAR,l7_species,0.001,0.7,3000,all,0.9,0.719176802512625,0.05042277191568268,0.7315800952294618,0.8475716531940296,0.029797375249144768,0.8553144622358986,0.21823959358828526,0.0373295642311032,0.2094803502261393,0.10272689371786539,0.06816367358161352,0.1138803904952147,0.3701407141004968,0.1252115516597068,0.3957143302406307,0.1436007838996245,0.13076868752480603,0.19218666393466985,0.16021937867629515,0.08752507252045857,0.18453224638969368,0.08244662420702442,0.002915888570067979,0.08306517446579255,0.00033971766826040005,1.7562681926580964e-05,0.00033645100748615003,0.01842589563556207,0.00047613990452149296,0.01834244074688525,0.00222837367312906,6.588653341784779e-05,0.0022299689628452503,0.02073169257982585,0.019978420195723445,0.01716558946178905,0.18987249489491298,0.061529383739084564,0.2072435298670332,0.1470692950205595,0.053088689806310305,0.1390434115549699,0.02827147159609502,0.03203131782198301,0.0198044855776623,0.01942352651681832,0.000458667054536107,0.0195490313651488,0.00863417230687824,0.0006997118000725564,0.00854274779280035,0.09285152781797618,0.0037662372536767076,0.0924259656523164,0.029014451637079906,0.0010911009733471243,0.028904223182148497,-0.08493942192783051,0.02568072689296279,-0.090698178026653,0.1401375675852768,0.03991478055407206,0.13422974473519078,0.26454088616584537,0.06641293659459195,0.2830364280590587,0.01804920677080179,0.024812646970305025,0.00997085434396115,0.09792691296801136,0.003728601697384947,0.09799230874117196,24.07257962654812,0.874083366299874,24.279706992025915,0.9281176348582794,0.027441741168538206,0.9287820730250728,0.9306419620259488,0.023784324598220406,0.9308085026305346,0.9888888888888888,0.015713484026367824,0.9888888888888888,0.00012821345716793002,0.00027349994049923705,0.0,0.0012812905904687499,0.0002500674721799912,0.0012812905904687499,31.75609940705413,1.0682979819155831,31.67310510887772,742.6812572371398,29.247021346327593,744.7387206301779,710.9251578300857,28.768780425887734,714.0740866494635,0.5517814261207628,0.009888503457865662,0.5500048755672047,0.9598836085923651,0.022270862199798097,0.9671259335217671,0.4081021824716024,0.025038797874491675,0.40744611437045425,7.9829241884441,0.4335246015808832,7.96814689605463,578.8588286075666,79.2768685973262,598.5792142140008,570.8759044191225,79.34812117036716,590.7294036806201,0.932267060598732,0.027532923694922325,0.9333735681306573,0.0392306046741914,0.0014781490704954237,0.039497719392247554
MNAR,l7_species,0.001,0.7,3000,all,0.1,0.6763423448706644,0.03375586454139097,0.6860821458983775,0.8221689069383531,0.020565162950378284,0.8282983211077815,0.1698290341534487,0.008583966219618946,0.16994396677116735,0.23299725499501353,0.011111526656810438,0.23364255242421625,0.500126302456156,0.010951441237567177,0.5022111529349338,0.8677220435622541,0.04214813516008956,0.8841177415923422,0.41531400755971964,0.011862849968749603,0.4136667472000768,0.08136798916101942,0.0022859198612033235,0.08247530031751946,0.00033865077368416,2.9340256087288165e-05,0.0003426491338372,0.01838664827567599,0.0008041136395556287,0.0185103689676576,0.00186673298546903,3.7721937847996305e-05,0.001858066999014,-0.08975049250101286,0.06491053525534572,-0.07378959713723085,0.280974278228557,0.03910828373791006,0.2752464993069776,0.05555237009913054,0.008794435989723563,0.055011963937547495,0.2622140795831651,0.03773488556832994,0.260209757693166,0.02049997909114628,0.0008611951563244112,0.0202873756736357,0.00737282524508779,0.0008169258650864889,0.007315657803666199,0.08574738252142643,0.0047389210928719325,0.0855312812641512,0.030265578601459543,0.001550459213106663,0.030086013284253102,-0.16781564340099345,0.06668405253744136,-0.1572845197326965,0.23011290561592448,0.04037720747608299,0.2250211670944795,0.3196821414528634,0.03652689775675238,0.31391572721123756,0.2094810175499023,0.03831412209687079,0.20693971738172084,0.09565025593247796,0.004781167561367825,0.09536001663156904,23.25715648026074,0.5598079479105412,23.35032033187924,0.7774942884478694,0.015711187113690028,0.7738849050893422,0.8011476132849827,0.010372058794520155,0.8001903018288785,0.4166666666666667,,0.4166666666666667,1.395245005022e-05,4.4121521098425884e-05,0.0,0.00027895559027,,0.00027895559027,35.19111111111111,1.8869619801159994,35.28888888888889,420.0466666666666,30.169864687362665,429.66666666666663,384.85555555555555,29.620230453630846,394.34444444444443,0.5744673264316392,0.016938129641362286,0.5830221541575118,0.628572890098604,0.016227306118170016,0.6283915736186315,0.18947726163767492,0.01617991659881825,0.18562238707263684,9.149936990873837,0.69694488249996,9.273418737275392,78.47249841723232,16.950800780723114,78.80462378069868,70.1195655805969,17.268915369774337,70.37039516682228,0.7790465951631714,0.015227430531726161,0.7733140806311538,0.05487388053308582,0.002395438210995527,0.05537029735113755
MNAR,l7_species,0.001,0.7,3000,all,0.2,0.6792386357852055,0.02740435000857707,0.6759034169223264,0.8240087641070817,0.016606306028644154,0.8221328823309202,0.17273987573061905,0.007145459810887844,0.17234790022637245,0.21993286945631368,0.017983185664700772,0.2207983909396487,0.4878283197318417,0.016960315845148958,0.48927722953610353,0.8644992621016175,0.01589183973050796,0.8635426906065163,0.40389833866292185,0.01769367279228225,0.4023705522191743,0.07998220430399516,0.0014592306506148968,0.07957283782898615,0.00035282539116708,1.8728750533597637e-05,0.00035310705395565,0.01877770349111131,0.0004980436918060503,0.018791057290832053,0.00189039143057505,3.992707214932748e-05,0.00190132090749945,-0.1037933762827687,0.047189506249609034,-0.08548636538503379,0.2645945821103447,0.024903255526970484,0.2674294134606122,0.043639645696267944,0.012366385475028404,0.042988400196741355,0.2457374970940637,0.023088661845181234,0.24468715762050186,0.02023855772111445,0.0007139890031113641,0.02022488008800505,0.007720209759113081,0.0004916587203861033,0.0077315962299336,0.08782422451154996,0.0028117507511562587,0.08792676383681895,0.03080614066576795,0.0007045267152608239,0.03088056677076375,-0.1651101395305246,0.04291662990997135,-0.1440942251077108,0.21841622448521797,0.023559542863212112,0.2178652064035383,0.3072475446529241,0.02680656388553987,0.31391004786351107,0.19623322166421558,0.022044021560732572,0.19480225800251025,0.09472462166301646,0.004363203713099962,0.09495740621111831,23.225745539239465,0.4463085356394689,23.186832020955293,0.7873480308345355,0.016629625550187533,0.7919001579735443,0.8104019761914341,0.012867681155189381,0.8136950938594698,,,,0.0,0.0,0.0,,,,35.325274725274724,1.0028632411550231,35.395604395604394,500.21538461538455,25.815018354000262,499.72527472527474,464.89010989010984,25.442879078469762,463.84615384615387,0.5688220765201407,0.012218804197546548,0.568338987970168,0.6244140531488135,0.014656777531310292,0.6201797678765992,0.18659805795108228,0.008824265358551023,0.18830470243673164,9.188399220878845,0.5767400144823288,9.271440273314,74.15263649379264,17.754702176165775,69.32393634646985,66.40194358939279,17.924703848389232,61.94248059652935,0.7892080694369267,0.016423121506803456,0.7927432517598133,0.05027160679721103,0.0012273838087838323,0.050831805070054054
MNAR,l7_species,0.001,0.7,3000,all,0.3,0.6903146522949364,0.027924935732239278,0.6918417831764607,0.8306974770044743,0.016877137505352885,0.8317680132128269,0.1799645523510472,0.013916267276612111,0.17710123398176397,0.20652568603796212,0.01764299207086596,0.2087752955795812,0.4721206159883738,0.019546310718159855,0.47612756092756225,0.7859169679206273,0.14537070168742625,0.8428249326853068,0.37536022990289564,0.021774236866742368,0.3814683079922035,0.08073264006753102,0.0018368242706415215,0.08052980280187716,0.00035677524516336,2.3815101269454456e-05,0.0003638028351678,0.01887886567326466,0.0006356764151020841,0.01907361555370915,0.0019138628143917098,3.652368027101796e-05,0.00191303036458885,-0.11756514808887755,0.04094467652890089,-0.12268815229755385,0.2585500217655249,0.03175146689280288,0.2573274025033516,0.05683644662252729,0.05006455942649218,0.0402004162171261,0.2414129505430481,0.030865237888481497,0.24125022780301808,0.02023885325796246,0.0007177079929588891,0.02032760136551215,0.00781160234998175,0.0006908493871324495,0.00797749313693525,0.08830365119769186,0.003953554678761682,0.0893167949944286,0.03069294170790667,0.0011813203338042605,0.03080871669362805,-0.17983323033574128,0.046704296712459466,-0.18114012392247686,0.21589619141795907,0.034970529514153165,0.2139969469203706,0.2992398099997359,0.040327566859187876,0.30224947541689795,0.19509623164821882,0.032304690219447034,0.19520050536016564,0.0947126506142777,0.004382467473495541,0.09522403815710989,23.46353117162133,0.47115664010431246,23.47961854933665,0.7971238621941692,0.015212112832880615,0.7967771468512668,0.8196145720811204,0.012068491482082966,0.8182330048840205,,,,0.0,0.0,0.0,,,,35.19926470588236,0.8663683526381275,35.345588235294116,520.4191176470588,31.386333713319537,528.6875,485.2198529411765,31.08661874317789,494.0588235294117,0.5690224670061315,0.010483652934695643,0.5660719191275863,0.6379808246993751,0.02317745861380136,0.6304096876712388,0.17900435653119046,0.0523789439319776,0.1741043759085921,9.065355032981918,0.3749240322647015,9.044476136871111,78.38080688482464,44.90938530967268,66.29490329514996,70.61663788707469,45.85472900423722,58.26899359789566,0.798974911627358,0.01496352552940959,0.7985551408590418,0.048816949918449884,0.001243266098614123,0.04847838039402475
MNAR,l7_species,0.001,0.7,3000,all,0.4,0.7002073021707614,0.0218079585634336,0.7023087353487845,0.8366917978345544,0.013086787533086739,0.8380358631009315,0.18315545578483045,0.01114715760788945,0.1805389124483111,0.19668382790024908,0.016136351909623214,0.1996196900966582,0.4645925250469226,0.01583258895807417,0.47015884710515976,0.7501617275250592,0.2558161338076555,0.8208087092000556,0.37362100705395657,0.019091355170565583,0.37650473522465433,0.08124889601854263,0.0012518568478114415,0.0813417524384556,0.00037363436854265,3.6278713456786706e-05,0.00036077203117955,0.019309984012397318,0.0009182628428219121,0.0189938421875417,0.0019194931469831901,3.515346708781574e-05,0.00192871676506605,-0.1743751015116331,0.08936571742158415,-0.1681861602061241,0.24968426071326344,0.029582119342837384,0.2456551337025487,0.04751633078679018,0.05122979934652206,0.03542178880801565,0.2372162872634501,0.026571173054155628,0.2314828869450572,0.020582565057968318,0.0009346879961603294,0.0204754368194588,0.008101842081767969,0.0007669498101998753,0.0077921799857136,0.08992285252193616,0.004179669854868275,0.08827330949450725,0.03121954505900993,0.0007233230441383764,0.0310554033312187,-0.23489967756403826,0.09225806447787079,-0.2386343490975341,0.20702724570507583,0.030557394956531994,0.1995721664138017,0.2902708173881262,0.018721154515797162,0.2899687700287208,0.19099766410261979,0.026505858262378786,0.18182521162487444,0.09589643122262054,0.004240176500860747,0.09544263202134676,23.623676385127464,0.3695408650360536,23.657790611657816,0.7994688957185238,0.014641419042072133,0.8033105326500314,0.8207541344911833,0.011743750914391013,0.8205343685395452,,,,0.0,0.0,0.0,,,,35.34285714285714,0.848225426659347,35.51373626373626,495.5785714285715,42.2841271645586,484.8049450549451,460.2357142857143,41.785587926747944,449.3598901098901,0.5691617739802329,0.009417459586057287,0.5697949404590863,0.6160063372161866,0.02130379707565095,0.6170479109372247,0.19143558381318304,0.04113078252260531,0.1834028648297004,9.084468987832162,0.2728970128982591,9.107357996955956,75.59006416305729,27.506460076412406,68.55532833360775,68.18642701570617,28.391963986050364,60.9657194951988,0.8008563274353374,0.014515811693075585,0.8043105226369043,0.04971617354603668,0.0014763629672643148,0.0495805988977424
MNAR,l7_species,0.001,0.7,3000,all,0.5,0.6967031867779672,0.010261744248706347,0.6940412769475237,0.8346671027573329,0.006147660137265928,0.8330912156101477,0.18582409400018746,0.012300865390429697,0.18230246811542075,0.18455489601732042,0.01127734125857621,0.1828813524464615,0.4514956771455071,0.009091034604026675,0.4494788385710895,0.6921425764920743,0.26409369029132274,0.8159750062826194,0.3542085649705865,0.013170000554425817,0.3524999690042697,0.08087657721373938,0.0005457140334144219,0.0806982297714913,0.00038139766742528,2.4219261898437e-05,0.0003787786404431,0.01952066948566944,0.0006156570623694191,0.01946171617963595,0.0019357568541773702,1.7281567749248547e-05,0.0019331081316115999,-0.18119535178134696,0.06810646524590244,-0.17646875767451406,0.24375413550568367,0.012173655593548315,0.24769467059661388,0.07504739981281178,0.09353426127218908,0.0348032927787684,0.23144399358464485,0.008372698636204639,0.2311155033967185,0.02067524511086386,0.0007526420701442915,0.020516083950453,0.00848901764279208,0.0005598527829219941,0.008409342772697101,0.09209129833254615,0.003020377867841931,0.09170199355634355,0.03206815745268947,0.0010926164309235918,0.032383205204586804,-0.24325901057853389,0.07166106387234858,-0.2381969270063391,0.20140542858585916,0.01329385263431169,0.20286296503200024,0.2906115662695631,0.009352203034182395,0.2889451885166887,0.18547461591543188,0.008436926192358616,0.18655630275691645,0.09758177104064732,0.0035757133878894973,0.09644861525447834,23.60174567871402,0.16602327310432163,23.57572436579907,0.8062427297648951,0.007197772967564877,0.8051395368162413,0.8284250551294573,0.006520911094609091,0.827514949693557,,,,0.0,0.0,0.0,,,,34.52511013215859,0.677131346353597,34.709251101321584,526.3713656387665,47.25299502877428,516.7709251101321,491.8462555066079,46.9747686585859,482.50881057268725,0.5657321682393164,0.003182782110716796,0.5656014751542906,0.6202823292351607,0.029953459693566335,0.6040123732495779,0.1685301846310348,0.02842767600458692,0.1749214933708452,8.817391253298837,0.13168400274135736,8.858446805714815,64.10297022547101,10.578354175418,63.030812719350266,56.26478332499694,10.256021682590529,55.06634814723303,0.8079462705300081,0.007274693517320026,0.8073432885036076,0.04680039225386482,0.0015498973398265742,0.04629593376260965
MNAR,l7_species,0.001,0.7,3000,all,0.6,0.7064344735574528,0.019173554145751736,0.6983706171186613,0.8404277696664602,0.011335172934624953,0.8356854622043864,0.20537290579640005,0.01152252198952555,0.20312673549397026,0.16775405503774268,0.02376547949433892,0.1743995942324466,0.4327880299017803,0.01727700899490412,0.43471202761024763,0.33863811715270886,0.24460798498870562,0.24915221977579943,0.29868991676319223,0.0598270970522133,0.319459286283849,0.08105469045921254,0.0011140066802380667,0.08051506684666629,0.00040725292303202005,0.00010691329157899393,0.00037848030528955,0.02005323449970069,0.0023853043439838327,0.01945443316905465,0.0020252272374192,9.813109781642568e-05,0.0019733840761563502,-0.24462870293850236,0.33407637227141834,-0.16133308130300061,0.22111671003439187,0.01674257484795886,0.2245646088517796,0.1359094050243838,0.06819537370895168,0.14326790466134803,0.17467697257935677,0.07658555474191263,0.20841117980084745,0.0210886298050877,0.002497761794543231,0.0204511765288668,0.009114268539764051,0.0021660295291248645,0.008458764112618849,0.09497586760362005,0.010211818463793714,0.0919715347328442,0.0315413261380578,0.0032957842548914837,0.03135552742913405,-0.3046723808782436,0.32004279829359483,-0.21035914942662998,0.17953865972719243,0.026577562361629854,0.1847455137474392,0.25725350332923125,0.02465127912576195,0.2586906834702737,0.14002612802677486,0.0654997434621321,0.16492701514344627,0.09992201700448275,0.01067965131426958,0.09632665359973555,23.792271442548376,0.3313554132458735,23.665999114237927,0.8435071443851181,0.040871602240539075,0.8219144677191568,0.859332182526072,0.03357567193851607,0.844028707324657,,,,0.0,0.0,0.0,,,,34.36680865365076,0.40772490416346807,34.32432432432432,611.8660007607376,100.7045297752971,601.5578642552327,577.4991921070869,100.84153361539495,566.9347185531396,0.5631445248236462,0.004214812424425691,0.563903225885205,0.6862647417276592,0.16229656397024148,0.6577359506962601,0.19449852865782488,0.11090403893299165,0.151655017891981,8.724353747897787,0.1555132174472548,8.753224545484507,168.1736202496316,221.28512884867206,74.31538816729622,159.9188422246681,221.03737857509157,65.4939644021166,0.8455301983603661,0.04180129724703098,0.8237240840529205,0.04438657971163579,0.0022346415437136916,0.0442977127768483
MNAR,l7_species,0.001,0.7,3000,all,0.7,0.7287214954245261,0.032003037328486084,0.7205536734439109,0.8534709273736663,0.018525404552795416,0.8488543126824579,0.20547644712135713,0.015269194440636917,0.20231292932857248,0.14017852972887407,0.03795981907330674,0.15001779775329965,0.41265507475099367,0.020786366824996554,0.4117463729745745,0.394196211636216,0.29443408064911303,0.25398217018733804,0.24401320012933478,0.08475601134226288,0.28264981729439576,0.08242949667604098,0.0019352037410529507,0.0818912814260642,0.00035917528684165,4.2817646279876796e-05,0.0003445541823867,0.01892216398169643,0.0011190259114602496,0.018559638558587,0.0020992914902081402,0.00011105968381987842,0.0020607321577771,-0.08793944563310101,0.11538744563752855,-0.05676132794604565,0.18299441206385783,0.043461003465827694,0.1851515800856962,0.0965813694653062,0.07080242380659355,0.09772097774425981,0.1229065744238615,0.08125849978049027,0.13836403450461776,0.01989537637485897,0.0010985124822790356,0.0196643772594153,0.00827203271094973,0.0008233217954524069,0.00803592646374985,0.09085139703332734,0.00447913285785742,0.08963801759964525,0.02976725404743158,0.0023753189840209432,0.02947683622171105,-0.17125343736932314,0.09890371505563979,-0.1465082812362992,0.13482603867502407,0.05311969370371724,0.14300070837414225,0.25155380124664733,0.023141313950922296,0.2580503996453663,0.09265433653791924,0.0661137250779488,0.09742562545095745,0.09556998868580217,0.004320604850533437,0.09454970622964125,24.17203168171768,0.5449870271404581,24.032787774928398,0.8743549056717083,0.04625635831098226,0.8582949437141756,0.885737306991379,0.03864919275399475,0.8713601645089948,0.9087546239210852,,0.9087546239210852,0.00031115032740444,0.0009839437293051377,0.0,0.0062017721753325,,0.0062017721753325,34.27626104270975,0.5802224534050794,34.35629861836758,679.2857102377699,76.75486368124541,695.0409207012656,645.0478330334439,76.87840782031336,660.735127133403,0.5614745055007031,0.004267516906672797,0.5616135394428892,0.8015796046959194,0.1367706192402557,0.8027430442141562,0.2775287326877603,0.10843062314587396,0.2883029294799312,8.698709767667257,0.13683274965643605,8.729387344296423,309.1838432947737,239.27531099986436,228.30922814914885,300.85488922320195,239.0959284702213,221.07256716126355,0.876950829004976,0.04742300795598015,0.8607194182134579,0.04304723638410996,0.0014903697285112744,0.04303514960039265
MNAR,l7_species,0.001,0.7,3000,all,0.8,0.7368346349142865,0.04793700135618524,0.7158402918127535,0.8579859926030773,0.02778231674202185,0.846060770271422,0.21215486285867166,0.013763306123743307,0.208978091243055,0.12013397907922421,0.05076890404438357,0.1280117609740131,0.40006871289528456,0.027990608675405315,0.4061287035315347,0.04040395513129673,0.178106460102245,0.02213894849696215,0.1935631707947784,0.09369249603911776,0.19950805064553875,0.08307278597123109,0.002793491051600445,0.08229898149939291,0.00032494507225125,5.150172483769474e-06,0.00032393811814125,0.01802572570151355,0.00014253726648749454,0.01799828072775685,0.00217207154326737,0.00010284460291044175,0.00219842342151435,0.0209674704081146,0.02153580417392588,0.013595610520442749,0.18867726690586448,0.051778955658458393,0.20094861527547453,0.1624892550559396,0.045769974646667086,0.14401541331478118,0.06190213277909397,0.059892080321342134,0.0413921695302457,0.01900146724561265,0.00032389602579793703,0.01885493211626605,0.00776279381863546,0.0002566680507994077,0.00767415241790095,0.08809593057995369,0.0014532851243870912,0.08760220210835626,0.028255391957494807,0.0010055741777062312,0.02839213463745665,-0.0755624017512225,0.027075258436070726,-0.07805144122850946,0.12867315654907924,0.0649587555135156,0.1593594272329456,0.22439837567907234,0.03321944865208318,0.22884520832260355,0.04085924247749155,0.04271159223808049,0.027131648131862002,0.0929085332902847,0.0020650205562685407,0.09212728689801256,24.30510711058225,0.8149324361787162,23.989502541391126,0.9046677977708762,0.042834777112196736,0.9156433550607372,0.9113384933880704,0.03553383318176762,0.9195133516243746,,,,0.0,0.0,0.0,,,,33.619915108150465,0.708176713833056,33.56066602316602,733.9496159222531,54.94918739217504,746.7453204764606,700.3297008141026,54.87948357854805,713.6449234259785,0.5608352966013198,0.0044518270835457886,0.5593715645262316,0.9110935982542083,0.07715980327604156,0.940872975823857,0.3503605487924261,0.07702512807610168,0.38408214132527313,8.56993723668244,0.23974432626253822,8.602951687417146,466.23586094931824,199.8502359632168,508.730643848182,457.6659237126358,199.79725209195877,500.4616736264648,0.9079674637108394,0.043525887123853135,0.9192068090913337,0.041529835003372026,0.0010826060526653476,0.04142069170813635
MNAR,l7_species,0.001,0.7,3000,all,0.9,0.7702622590689806,0.029889953062388196,0.7672354747649648,0.8774934559625244,0.017239934645598178,0.875919601914073,0.21977724158144998,0.013445630118447474,0.21842997728333896,0.07433181034858115,0.02780550038763035,0.07539821955060311,0.34642899956481943,0.05241654116249472,0.3431724094364137,0.09130302128385218,0.1866888775819449,0.14651676913838974,0.12394225674868684,0.027760893840189482,0.1198651575833318,0.08498134465523985,0.0012763245971439277,0.08535635569059699,0.00033084343851328,1.4941852243144482e-05,0.000327679626185,0.01818496705609619,0.0004088081348858751,0.0181019214191744,0.00226029590378442,1.8517050577594053e-05,0.00226694776497015,0.008349729961788819,0.005780985510375749,0.00737741057768785,0.1387077481269065,0.056700257756095086,0.12533201915513115,0.15994127518665485,0.02989164947298366,0.1639150013693216,0.01074022183817102,0.006598214942494819,0.00807809791905095,0.019169692161303452,0.00045322740259998704,0.019085474635972897,0.008051719138326089,0.0005964375174095214,0.00784211188404125,0.08967653250068355,0.0033063334811963443,0.08855500303028455,0.02803137102664155,0.000953430177161654,0.027899291253789,-0.0983105803542708,0.006625440530294715,-0.0989462825601366,0.07003076392941779,0.057278089660366995,0.0554212231364733,0.20466106450970778,0.03927834088506909,0.2003048744619805,0.00399838442272678,0.004471341316106898,0.0030492659490821503,0.09457559553390187,0.0034766845054661375,0.0936402888611801,24.905938082833654,0.4866322299167063,24.851993912816447,0.9414132439262313,0.0077123515655691905,0.9441837441100926,0.9417970562696908,0.006897949050558927,0.9437067686948567,,,,0.0,0.0,0.0,,,,33.31706110930561,1.148326848536634,33.66277396371529,763.2957205111968,27.831085945558083,778.7038834951456,729.9786594018913,27.173068689719948,744.5725350051227,0.5604027738377224,0.00926209620610788,0.5615381189751917,0.9701680001996731,0.008894828192860285,0.9728816078949913,0.40976522636195056,0.013406301142201918,0.4105044865757671,8.508312304129706,0.4343523127627288,8.580132720676918,628.5258142144969,52.718088167176,650.7389875523625,620.0175019103672,52.651075775630005,641.8278569725028,0.9453015170772489,0.007774108123231296,0.9481611722077328,0.04069714198344345,0.0012650521352216221,0.0409480957360865
