"#OTU ID","P000648.0","P000648.1","P000648.2","P000648.3","P000648.4","P005558.0","P005558.1","P005558.2","P005558.3","P005558.4","P008579.0","P008579.1","P008579.2","P008579.3","P008579.4","P015163.0","P015163.1","P015163.2","P015163.3","P015163.4","P016803.0","P016803.1","P016803.2","P016803.3","P016803.4","P019475.0","P019475.1","P019475.2","P019475.3","P019475.4"
"k__Bacteria|p__Firmicutes|c__Clostridia|o__Clostridiales|f__Clostridiaceae|g__Clostridium|s__perfringens",-0.0442775747608844,-0.290818138331897,-0.272395048547874,-0.290889923778449,0.182881601709421,-0.183966083711891,-0.284200009321078,-0.286676275148915,-0.274975699225415,-0.0677539127901756,-0.20548526833025,-0.275205746250043,-0.29102685841382,-0.313895728067846,0.2070443423765,0.0331523636462205,1.3658298658066,-0.292553406124313,0.0117333103398398,0.667842003494405,-0.283816216345107,-0.280220636127988,-0.576077662850942,-0.745324411626531,-0.273895344409624,-0.249389229615048,-0.270778624631911,-0.171720178137398,-0.198062179852639,0.245336723968181
"k__Bacteria|p__Firmicutes|c__Clostridia|o__Clostridiales|f__Veillonellaceae|g__Megamonas|s__unclassified",-0.226155746956972,-0.290818138331897,-0.272395048547874,-0.290889923778449,0.149368126855419,-0.183966083711891,-0.284200009321078,-0.286676275148915,-0.293244138209163,-0.0554315745679255,-0.20548526833025,-0.275205746250043,-0.29102685841382,-0.321876736919249,-0.0398663437841863,-0.268027567121109,-0.243677586470907,-0.292553406124313,-0.268194806784372,0.173163225367594,-0.283816216345107,-0.280220636127988,-0.254413257723019,-0.263526977242499,-0.434187964070538,-0.249389229615048,-0.270778624631911,-0.15131693455445,-0.283918117449572,-0.390202667190163
"k__Bacteria|p__Firmicutes|c__Bacilli|o__Lactobacillales|f__Leuconostocaceae|g__Leuconostoc|s__unclassified",-0.226555433269127,-0.290818138331897,-0.272395048547874,-0.290889923778449,-0.0508704771469371,-0.183966083711891,-0.284200009321078,-0.286676275148915,-0.281386386166735,-0.151416106095981,-0.20548526833025,-0.275205746250043,-0.29102685841382,-0.33728191290108,-0.24912278581249,-0.23305100905786,-0.243677586470907,-0.292553406124313,-0.270254647850174,0.0910821903702384,-0.283816216345107,-0.280220636127988,-0.211552728629879,-0.246415540756403,-0.76904169093567,-0.249389229615048,-0.270778624631911,-0.177551703948665,-0.20837950769146,-0.456863967682857
"k__Bacteria|p__Firmicutes|c__Bacilli|o__Turicibacterales|f__Turicibacteraceae|g__Turicibacter|s__unclassified",-0.209662812260102,-0.290818138331897,-0.272395048547874,-0.290889923778449,0.081743124629932,-0.183966083711891,-0.284200009321078,-0.286676275148915,-0.267552392158678,0.0282995995564571,-0.20548526833025,-0.275205746250043,-0.29102685841382,-0.301221285676358,-0.00567625515028527,-0.252540186928818,-0.243677586470907,-0.292553406124313,-0.223194826387796,0.175927339401145,-0.283816216345107,-0.280220636127988,-0.243542203163658,-0.281641223387549,-0.509178528195529,-0.249389229615048,-0.270778624631911,-0.177565093247195,-0.230297371595733,-0.164609833991759
"k__Bacteria|p__Firmicutes|c__Clostridia|o__Clostridiales|f__Clostridiaceae|g__Peptoniphilus|s__asaccharolyticus",-0.20864293236998,-0.290818138331897,-0.272395048547874,-0.290889923778449,0.0588592542205604,-0.183966083711891,-0.284200009321078,-0.286676275148915,-0.241186608478986,0.0129248222369708,-0.20548526833025,-0.275205746250043,-0.29102685841382,-0.2707421988664,0.0128036198546419,-0.235330483172441,-0.243677586470907,-0.292553406124313,-0.223920606010029,0.121461180352497,-0.283816216345107,-0.280220636127988,-0.286303808909418,-0.251544947092626,-0.300165903885989,-0.249389229615048,-0.270778624631911,-0.178093815599934,-0.193465680703089,0.0318600479927723
"k__Bacteria|p__Firmicutes|c__Clostridia|o__Clostridiales|f__Lachnospiraceae|g__Lachnobacterium|s__unclassified",-0.223604722639284,-0.290818138331897,-0.272395048547874,-0.290889923778449,0.0189463202299625,-0.183966083711891,-0.284200009321078,-0.286676275148915,-0.274105570316992,0.0579286246847289,-0.20548526833025,-0.275205746250043,-0.29102685841382,-0.335024470540986,-0.051625987219913,-0.238384801898081,-0.243677586470907,-0.292553406124313,-0.317570532238875,-0.0829353773668687,-0.283816216345107,-0.280220636127988,-0.165716888680054,-0.166761128814422,-0.135491473705188,-0.249389229615048,-0.270778624631911,-0.192965211823498,-0.303458800067493,-0.379956117349176
"k__Bacteria|p__Firmicutes|c__Clostridia|o__Clostridiales|f__Veillonellaceae|g__Megasphaera|s__micronuciformis",-0.228512885835164,-0.290818138331897,-0.272395048547874,-0.290889923778449,0.0877504443757001,-0.183966083711891,-0.284200009321078,-0.286676275148915,-0.327134921097234,-0.120995278026787,-0.20548526833025,-0.275205746250043,-0.29102685841382,-0.356914858829004,-0.08828423321756,-0.240327772688321,-0.243677586470907,-0.292553406124313,-0.262380659774239,0.130789031840182,-0.283816216345107,-0.280220636127988,-0.241185888438552,-0.328104032185019,-0.343327576653264,-0.249389229615048,-0.270778624631911,-0.169075294122514,-0.336603800240066,-0.442057832640331
"k__Bacteria|p__Firmicutes|c__Clostridia|o__Clostridiales|f__Veillonellaceae|g__Selenomonas|s__unclassified",-0.2126011967875,-0.290818138331897,-0.272395048547874,-0.290889923778449,0.0580296860737158,-0.183966083711891,-0.284200009321078,-0.286676275148915,-0.273929024223535,-0.0481817797823309,-0.20548526833025,-0.275205746250043,-0.29102685841382,-0.310572345005084,-0.0207171451827009,-0.226063454276274,-0.243677586470907,-0.292553406124313,-0.2467541031282,0.0842546078534137,-0.283816216345107,-0.280220636127988,-0.280424443490999,-0.299714006294122,-0.158248069952191,-0.249389229615048,-0.270778624631911,-0.160167413942323,-0.280733681611945,-0.18964066997449
"k__Bacteria|p__Firmicutes|c__Clostridia|o__Clostridiales|f__Ruminococcaceae|g__Ruminococcus|s__bromii",-0.22555240082178,-0.290818138331897,-0.272395048547874,-0.290889923778449,0.129812763762938,-0.183966083711891,-0.284200009321078,-0.286676275148915,-0.239196623572704,0.110890291866048,-0.20548526833025,-0.275205746250043,-0.29102685841382,-0.282501286015268,0.0410804010081916,-0.259977597642388,-0.243677586470907,-0.292553406124313,-0.251336859188994,0.0957395208324011,-0.283816216345107,-0.280220636127988,-0.233519750209433,-0.199441260056974,-0.344829737310683,-0.249389229615048,-0.270778624631911,-0.199819230644055,-0.221234997254589,-0.122989162210673
"k__Bacteria|p__Firmicutes|c__Erysipelotrichi|o__Erysipelotrichales|f__[Coprobacillaceae]|g__Catenibacterium|s__unclassified",-0.209525542036299,-0.290818138331897,-0.272395048547874,-0.290889923778449,0.164657518897026,-0.183966083711891,-0.284200009321078,-0.286676275148915,-0.282500830886919,-0.108654959873519,-0.20548526833025,-0.275205746250043,-0.29102685841382,-0.30633849835427,0.0905059240613929,-0.236246595389817,-0.243677586470907,-0.292553406124313,-0.174582210991303,0.347184789383087,-0.283816216345107,-0.280220636127988,-0.361557004498518,-0.410020837771097,-0.183520657590155,-0.249389229615048,-0.270778624631911,-0.188786716974192,-0.253727771658363,0.0523098665011575
"k__Bacteria|p__Firmicutes|c__Clostridia|o__Coriobacteriales|f__Coriobacteriaceae|g__Collinsella|s__aerofaciens",-0.230545311225981,-0.290818138331897,-0.272395048547874,-0.290889923778449,0.199638242961134,-0.183966083711891,-0.284200009321078,-0.286676275148915,-0.266384906041154,0.0945124279982933,-0.20548526833025,-0.275205746250043,-0.29102685841382,-0.313020387047666,0.148951141261768,-0.244105039039895,-0.243677586470907,-0.292553406124313,-0.236855066366903,0.170395813082909,-0.283816216345107,-0.280220636127988,-0.298905839466453,-0.285040809779733,0.0437379557630992,-0.249389229615048,-0.270778624631911,-0.235060893446194,-0.276197260602132,-0.0605711461450352
"k__Bacteria|p__Firmicutes|c__Erysipelotrichi|o__Erysipelotrichales|f__Erysipelotrichaceae|g__Holdemania|s__unclassified",-0.208764601601767,-0.290818138331897,-0.272395048547874,-0.290889923778449,0.143687222777472,-0.183966083711891,-0.284200009321078,-0.286676275148915,-0.285136033018235,-0.0801682213192015,-0.20548526833025,-0.275205746250043,-0.29102685841382,-0.336751631113119,0.00750153126887947,-0.238755268591089,-0.243677586470907,-0.292553406124313,-0.243205615120923,0.194925167583523,-0.283816216345107,-0.280220636127988,-0.220871833439597,-0.268620509530923,-0.074941511834663,-0.249389229615048,-0.270778624631911,-0.189270317761637,-0.280694019399667,-0.233969683038264
"k__Bacteria|p__Firmicutes|c__Bacilli|o__Bacillales|f__Staphylococcaceae|g__Staphylococcus|s__unclassified",-0.0803851325340822,-0.290818138331897,-0.272395048547874,-0.290889923778449,-0.0363028415465022,-0.183966083711891,-0.284200009321078,-0.286676275148915,-0.295813122175144,-0.213789144784739,-0.20548526833025,-0.275205746250043,-0.29102685841382,-0.408871979856012,-0.230495815948758,-0.0261278666407628,-0.243677586470907,-0.292553406124313,-0.227236345917344,0.171788628717671,-0.283816216345107,-0.280220636127988,-0.306708037275868,-0.583717376943065,-0.563464431595877,1.29831396251345,-0.270778624631911,-0.0826966170975327,-0.286581212489602,-0.456634576248573
"k__Bacteria|p__Firmicutes|c__Bacilli|o__Lactobacillales|f__unclassified|g__unclassified|s__unclassified",-0.0301867831372566,-0.290818138331897,-0.272395048547874,-0.290889923778449,-0.113326577697332,-0.183966083711891,-0.284200009321078,0.751876793858138,-0.183535783859092,-0.181676292648683,-0.20548526833025,-0.275205746250043,-0.29102685841382,-0.287284840618053,-0.181535826618426,0.0486896179682246,1.35899551571335,-0.292553406124313,-0.148793507161733,0.0810716008587498,-0.283816216345107,-0.280220636127988,-0.136467246455058,-0.441153996742433,-0.310350882233482,-0.249389229615048,-0.270778624631911,-0.0968023010695778,-0.236352787285892,-0.239558940782082
"k__Bacteria|p__Firmicutes|c__Bacilli|o__Lactobacillales|f__Lactobacillaceae|g__Pediococcus|s__unclassified",-0.195487706506952,-0.290818138331897,-0.272395048547874,-0.290889923778449,-0.247714540432114,-0.183966083711891,-0.284200009321078,0.811982799552045,-0.153534720685971,-0.223420298567818,-0.20548526833025,-0.275205746250043,-0.29102685841382,-0.258603687085097,-0.411859406152327,-0.227267357150979,-0.243677586470907,-0.292553406124313,-0.353412251552417,-0.35118552464963,-0.283816216345107,-0.280220636127988,0.177604295952212,0.0606517997187082,-0.270763765590631,-0.249389229615048,-0.270778624631911,-0.137889682080713,-0.23320828475353,-0.544149220290502
"k__Bacteria|p__Firmicutes|c__Clostridia|o__Clostridiales|f__Veillonellaceae|g__Dialister|s__invisus",-0.211563771093084,-0.290818138331897,-0.272395048547874,-0.290889923778449,0.013345523027459,-0.183966083711891,-0.284200009321078,-0.286676275148915,-0.27941106570644,-0.0416039218914801,-0.20548526833025,-0.275205746250043,-0.29102685841382,-0.313459613983732,-0.0141762387523405,-0.243605965318094,-0.243677586470907,-0.292553406124313,-0.262287837843675,0.0213090481691256,-0.283816216345107,-0.280220636127988,-0.196502867078205,-0.233314474204995,-0.117960732622026,-0.249389229615048,-0.270778624631911,-0.215597325907208,-0.283014374371022,-0.136032760329992
"k__Bacteria|p__Firmicutes|c__Erysipelotrichi|o__Erysipelotrichales|f__[Coprobacillaceae]|g__Coprobacillus|s__unclassified",-0.229359876851412,-0.290818138331897,-0.272395048547874,-0.290889923778449,0.114772782410805,-0.183966083711891,-0.284200009321078,-0.286676275148915,-0.258974362132174,-0.0156977271689101,-0.20548526833025,-0.275205746250043,-0.29102685841382,-0.310540571537689,-0.0147214577917634,-0.258523096745592,-0.243677586470907,-0.292553406124313,-0.265303091551095,0.180698724078055,-0.283816216345107,-0.280220636127988,-0.25752525396273,-0.243500339437327,-0.390789772475903,-0.249389229615048,-0.270778624631911,-0.179786138842096,-0.258713900712784,-0.229080718466281
"k__Bacteria|p__Firmicutes|c__Clostridia|o__Clostridiales|f__Veillonellaceae|g__Megasphaera|s__geminatus",-0.221397008578227,-0.290818138331897,-0.272395048547874,-0.290889923778449,0.119431561522628,-0.183966083711891,-0.284200009321078,-0.286676275148915,-0.263181282382367,0.013648838428258,-0.20548526833025,-0.275205746250043,-0.29102685841382,-0.323089913957127,0.0445111782050218,-0.236140428772172,-0.243677586470907,-0.292553406124313,-0.269101433706681,0.0803909153181623,-0.283816216345107,-0.280220636127988,-0.257633738442205,-0.252655678588005,-0.150434958834015,-0.249389229615048,-0.270778624631911,-0.205966652758797,-0.255179683191552,-0.138814746202939
"k__Bacteria|p__Firmicutes|c__Bacilli|o__Lactobacillales|f__Streptococcaceae|g__unclassified|s__unclassified",-0.00834070392247615,-0.290818138331897,0.421158067451949,-0.290889923778449,-0.241014960342342,-0.183966083711891,-0.284200009321078,0.796240736510967,0.0528768750617454,-0.240539744996327,-0.20548526833025,0.969650240905351,-0.29102685841382,-0.0229557771006755,-0.386873631421858,-0.0363927686014068,-0.243677586470907,-0.292553406124313,-0.168678080656082,-0.542177840625769,0.869037987672578,-0.280220636127988,0.428578381856977,0.267027458285679,0.3163466289876,-0.249389229615048,-0.270778624631911,0.0488063796337176,-0.0704887691367967,-0.455035297795713
"k__Bacteria|p__Firmicutes|c__Bacilli|o__Lactobacillales|f__Lactobacillaceae|g__Lactobacillus|s__zeae",0.480873500438045,0.642811087583704,0.451536759221997,-0.290889923778449,-0.31256226245195,-0.183966083711891,0.961728790645226,0.765571268618901,0.0820027229804016,-0.219545009632686,1.81375441313189,1.07961873181292,-0.29102685841382,-0.0347243782725802,-0.178672197555205,0.720259701707126,1.57618245389915,-0.292553406124313,0.284030681865231,0.152833310594236,-0.283816216345107,-0.280220636127988,-0.234981246425827,-0.814034909982161,-0.161264230465756,-0.249389229615048,-0.270778624631911,0.123937801039213,0.0142256893785923,0.0850850917025566
"k__Bacteria|p__Firmicutes|c__Bacilli|o__Gemellales|f__Gemellaceae|g__unclassified|s__unclassified",0.0273077960145262,0.638452155919943,-0.272395048547874,-0.290889923778449,-0.130965338642643,-0.183966083711891,-0.284200009321078,-0.286676275148915,-0.0461948756453773,-0.0640723402600303,-0.20548526833025,-0.275205746250043,-0.29102685841382,-0.0635193534085647,-0.17060926314179,0.0125185897859289,-0.243677586470907,-0.292553406124313,-0.0788704284754636,-0.127373548236825,0.873982055366648,0.455631530270175,0.0241423250343253,-0.0808945989686558,-0.305906471559459,-0.249389229615048,1.02399911158244,0.0576924200948044,0.0122728313942368,-0.308249914196248
"k__Bacteria|p__Firmicutes|c__Clostridia|o__Clostridiales|f__Veillonellaceae|g__Veillonella|s__unclassified",0.727812515942348,-0.290818138331897,-0.272395048547874,-0.290889923778449,-0.224232963090896,-0.183966083711891,0.96234966765395,-0.286676275148915,-0.118256387760279,-0.609656304582332,1.81340219495423,0.970000045474622,-0.29102685841382,-0.200282465668776,-0.221329386141563,1.13209800722049,1.77470950119481,0.855271997193753,0.602400737208356,1.1087146069584,-0.283816216345107,-0.280220636127988,-0.995514360378601,-2.00629469848772,-1.60424250044886,1.29998517742604,1.36947951779671,0.311344653514865,0.0969773708859565,0.135421825058317
"k__Bacteria|p__Firmicutes|c__Clostridia|o__Clostridiales|f__Veillonellaceae|g__Phascolarctobacterium|s__unclassified",-0.230829074141935,-0.290818138331897,-0.272395048547874,-0.290889923778449,0.121029308401167,-0.183966083711891,-0.284200009321078,-0.286676275148915,-0.276981899746984,0.000917202012525343,-0.20548526833025,-0.275205746250043,-0.29102685841382,-0.334583173122597,0.0473006493616058,-0.248165209164624,-0.243677586470907,-0.292553406124313,-0.224433970197231,0.186073547317642,-0.283816216345107,-0.280220636127988,-0.260522350568879,-0.320210550645851,-0.267795989942768,-0.249389229615048,-0.270778624631911,-0.165415769818307,-0.258768303395668,-0.189734185741732
"k__Bacteria|p__Firmicutes|c__Bacilli|o__Lactobacillales|f__Lactobacillaceae|g__Lactobacillus|s__unclassified",0.51411387296699,-0.290818138331897,-0.272395048547874,-0.290889923778449,-0.797701004705361,2.01178393038484,0.954091596416774,1.08382210137581,-0.0266303645721358,-0.74697652169101,1.80800278966933,1.1565829274478,-0.29102685841382,-0.347489226836385,-1.01636375563048,0.790147666152764,-0.243677586470907,-0.292553406124313,-0.176638665147447,-0.56365161029774,-0.283816216345107,-0.280220636127988,0.10782548018836,-0.907530605674578,-0.483165063647763,-0.249389229615048,1.02598415181403,0.283963985948572,-0.181557054848664,-1.16227073650612
"k__Bacteria|p__Firmicutes|c__Clostridia|o__Clostridiales|f__Lachnospiraceae|g__Blautia|s__producta",-0.196408811051815,-0.290818138331897,-0.272395048547874,-0.290889923778449,-0.13005580704939,-0.183966083711891,-0.284200009321078,0.773620617582142,-0.133507103649096,-0.110362979782899,-0.20548526833025,-0.275205746250043,-0.29102685841382,-0.217739748694785,-0.228416987698252,-0.225719015939982,-0.243677586470907,-0.292553406124313,-0.330988748929796,-0.28603958089327,-0.283816216345107,-0.280220636127988,0.16214796999572,0.136250178635097,-0.00393973382655527,-0.249389229615048,-0.270778624631911,-0.136611633017559,-0.219533539813862,-0.39529070958688
"k__Bacteria|p__Firmicutes|c__Bacilli|o__Lactobacillales|f__Carnobacteriaceae|g__Granulicatella|s__unclassified",1.03567222569207,0.639761831607692,0.871341655940423,-0.290889923778449,-1.365510164178,-0.183966083711891,1.7946277874196,1.74394497595905,0.702171097866017,-0.879803464072934,1.80359102797657,1.20894959322626,1.30181828935884,0.514148383693549,-1.42429015198514,1.32534141764522,1.39001909630599,-0.292553406124313,0.368458609822022,-1.33063051366951,1.14394085665483,1.03859772362856,1.24891599374943,0.156053279385841,-0.131823723320482,1.91382115642661,1.38032990403471,0.860567912159469,0.536645031392294,-1.16986940670478
"k__Bacteria|p__Firmicutes|c__Bacilli|o__Lactobacillales|f__Enterococcaceae|g__Enterococcus|s__unclassified",0.537926227583213,-0.290818138331897,0.442042814026308,-0.290889923778449,-0.913538957744909,-0.183966083711891,1.01876212010976,0.970369070861123,0.417504958690063,-0.574485437499809,-0.20548526833025,0.989739311452646,1.08908042536731,0.288763698463591,-1.01874933624156,0.727614608506027,1.35921960032865,-0.292553406124313,0.117495862653227,-0.931179126819826,0.895957130014702,0.554348622826969,0.763447313223499,0.0984035949519583,-0.497093389345566,1.36392610363083,1.06129060088316,0.50043885072484,0.380166205596652,-0.784394550626989
"k__Bacteria|p__Firmicutes|c__Clostridia|o__Coriobacteriales|f__Coriobacteriaceae|g__Slackia|s__unclassified",-0.229148474636643,-0.290818138331897,-0.272395048547874,-0.290889923778449,0.141974838580142,-0.183966083711891,-0.284200009321078,-0.286676275148915,-0.29070368997115,-0.0730455166590923,-0.20548526833025,-0.275205746250043,-0.29102685841382,-0.355554265133357,0.0149816754933788,-0.240773463380708,-0.243677586470907,-0.292553406124313,-0.259308869859844,0.280439863904195,-0.283816216345107,-0.280220636127988,-0.319149827445062,-0.392401859382613,-0.216813801428929,-0.249389229615048,-0.270778624631911,-0.172760705161103,-0.238606973295389,-0.097503303415187
"k__Bacteria|p__Firmicutes|c__Clostridia|o__Clostridiales|f__Lachnospiraceae|g__Blautia|s__obeum",-0.208904410958181,-0.290818138331897,-0.272395048547874,-0.290889923778449,0.0942398839994712,-0.183966083711891,-0.284200009321078,-0.286676275148915,-0.318001305430642,-0.0255359977942765,-0.20548526833025,-0.275205746250043,-0.29102685841382,-0.346210157722289,0.0251004903162345,-0.232758063144018,-0.243677586470907,-0.292553406124313,-0.252671969100111,0.158153359306583,-0.283816216345107,-0.280220636127988,-0.269742462950297,-0.323745635434109,-0.357427700834856,-0.249389229615048,-0.270778624631911,-0.19995291352006,-0.31649183911331,-0.251865554715449
"k__Bacteria|p__Firmicutes|c__Bacilli|o__unclassified|f__unclassified|g__unclassified|s__unclassified",0.248303264752001,-0.290818138331897,0.422374886005579,-0.290889923778449,-0.759370358266588,-0.183966083711891,0.950015397310189,0.755069066715088,0.242525064115695,-0.522946946223291,-0.20548526833025,-0.275205746250043,0.727083178863865,0.128936786895654,-1.00976310150387,0.281991964718361,-0.243677586470907,-0.292553406124313,-0.182950094991494,-1.11294142113837,0.868537224961995,0.458237581418151,0.898594467999636,0.483448258226145,-0.0795373660325482,1.30160597331672,1.023562843125,0.366545245070977,0.115279254180025,-1.16303838709199
"k__Bacteria|p__Firmicutes|c__Bacilli|o__Lactobacillales|f__Enterococcaceae|g__unclassified|s__unclassified",0.256774030109027,-0.290818138331897,0.426420287424484,-0.290889923778449,-0.846165682242715,-0.183966083711891,0.95338728837025,0.780829460808347,0.287178426161247,-0.45113054339367,-0.20548526833025,-0.275205746250043,0.718853333731189,0.156728297894418,-1.06746408199545,0.284390179300996,-0.243677586470907,-0.292553406124313,-0.184830142948601,-1.15735577400115,0.868687480107075,0.470384684049627,0.907204020829568,0.518847639031194,-0.552990899873759,1.30346189242423,1.02487107792167,0.367895277030392,0.219538312529134,-1.15470741001424
"k__Bacteria|p__Firmicutes|c__Clostridia|o__Clostridiales|f__Ruminococcaceae|g__Ruminococcus|s__unclassified",0.0487154752402427,0.638452155919943,0.420752132012071,0.744530780695405,0.0925873291866916,-0.183966083711891,0.941733613175693,0.750276827801724,0.565980737089917,0.453242759377199,-0.20548526833025,-0.275205746250043,1.23199128679111,0.753847619145231,0.369799387884317,-0.0943966672606426,-0.243677586470907,0.73021280617424,0.343915384093002,-0.438196856255597,-0.283816216345107,0.519892628263086,0.698165457261432,1.34204479977699,1.13327054189352,-0.249389229615048,-0.270778624631911,0.183248394070715,0.539868226730695,0.720605762655155
"k__Bacteria|p__Firmicutes|c__Bacilli|o__Lactobacillales|f__Streptococcaceae|g__Streptococcus|s__unclassified",1.03706013552898,0.709273914704767,0.471802883625652,-0.290889923778449,-0.917359202033592,2.017010418207,0.98816002248506,0.751477042269848,0.42830236163199,-0.662669106335239,1.80379429503323,0.980091513346554,0.720504730105558,0.310266914792215,-0.920618631422009,1.39766765486771,1.3812028908118,0.592904948144731,0.580347986322003,-0.420431421741379,1.02708219813659,0.500339181420479,0.3223070489452,-0.756087791102142,-0.819903601292056,1.31118161512114,1.08805590868439,0.726529706893569,0.415549761924716,-0.747769438747603
"k__Bacteria|p__Firmicutes|c__Bacilli|o__Lactobacillales|f__Lactobacillaceae|g__unclassified|s__unclassified",-0.182384144145401,-0.290818138331897,-0.272395048547874,-0.290889923778449,-0.0582449406321968,-0.183966083711891,-0.284200009321078,0.768130523051505,-0.211150137722808,-0.135704751931525,-0.20548526833025,-0.275205746250043,-0.29102685841382,-0.302477494012907,-0.179769428978678,-0.193262804217912,-0.243677586470907,-0.292553406124313,-0.304908890493176,-0.139591882157547,-0.283816216345107,-0.280220636127988,-0.0192692293853228,-0.149939352803218,0.0607403738549062,-0.249389229615048,-0.270778624631911,-0.164649019903352,-0.276820784464526,-0.314684338849856
"k__Bacteria|p__Firmicutes|c__Clostridia|o__Clostridiales|f__Clostridiaceae|g__unclassified|s__unclassified",0.152128568959662,-0.290818138331897,-0.272395048547874,-0.290889923778449,-0.0132991517523143,-0.183966083711891,-0.284200009321078,-0.286676275148915,-0.0977962997244657,-0.180321057307351,-0.20548526833025,-0.275205746250043,0.723305860343005,-0.0802846722658228,-0.0516831378538856,0.274441633413752,1.35809867477519,0.583734714509823,0.205688975415779,0.537061636537397,-0.283816216345107,-0.280220636127988,-0.333007547713801,-0.590575409248259,-0.809412975724433,1.30938724496058,-0.270778624631911,0.0644642581531406,0.026606770040522,-0.0273566015897723
"k__Bacteria|p__Firmicutes|c__Clostridia|o__Clostridiales|f__Lachnospiraceae|g__Blautia|s__unclassified",0.360967981495463,0.639412752436826,0.545774546632355,1.46003730249996,0.0203196103976623,-0.183966083711891,0.946474456442206,0.761225245508745,0.876828633647633,0.554607887969892,-0.20548526833025,1.0853225600666,0.841134916212855,1.17493206666319,0.489076710321881,0.248664453028712,-0.243677586470907,1.13672394773757,0.807481113174975,-0.331375027856687,0.874579678682558,0.598878062561487,0.757445205061327,1.43803481388338,1.01031154021241,-0.249389229615048,1.02994245008908,0.444155485158614,0.981517945300062,1.30844402725832
"k__Bacteria|p__Firmicutes|c__Clostridia|o__Clostridiales|f__Lachnospiraceae|g__[Ruminococcus]|s__unclassified",-0.170127855053352,-0.290818138331897,0.436462767015619,0.666422754210763,0.521647368131584,-0.183966083711891,-0.284200009321078,-0.286676275148915,0.125442533792012,0.513911601541924,-0.20548526833025,-0.275205746250043,-0.29102685841382,0.321099093379451,0.713716269914077,-0.287649322357437,-0.243677586470907,0.635178696238734,0.278595875370966,0.416925128249354,-0.283816216345107,0.457615012841013,-0.00275868129979599,0.591444130029123,0.606681466323661,-0.249389229615048,-0.270778624631911,-0.0236624594503653,0.247002416231112,0.855681255610691
"k__Bacteria|p__Firmicutes|c__Clostridia|o__Clostridiales|f__Veillonellaceae|g__Veillonella|s__parvula",0.149366899096722,0.687218527377015,-0.272395048547874,-0.290889923778449,0.269454206231028,-0.183966083711891,-0.284200009321078,-0.286676275148915,-0.143518478104606,0.00912329292521809,-0.20548526833025,-0.275205746250043,-0.29102685841382,-0.120028666750396,0.355228934114331,0.302805590576021,1.35809867477519,0.599141943340051,0.351365770346381,0.978783813049758,-0.283816216345107,-0.280220636127988,-0.753812583033168,-0.922046617011304,-0.680908713673784,-0.249389229615048,1.02385370991007,-0.0190224723315274,0.0277688340693128,0.530589065406018
"k__Bacteria|p__Firmicutes|c__Clostridia|o__Coriobacteriales|f__unclassified|g__unclassified|s__unclassified",-0.0429335170048029,-0.290818138331897,0.420752132012071,0.66132371895674,0.403654367359924,-0.183966083711891,-0.284200009321078,-0.286676275148915,0.212439463274481,0.541367585629945,-0.20548526833025,0.9646521843519,-0.29102685841382,0.391524591296185,0.702244925243338,-0.132848683337752,-0.243677586470907,0.608273609301905,0.376695492566937,0.354137141888671,-0.283816216345107,0.457671626003292,-0.103323778211104,0.447322981228168,0.575622315475959,-0.249389229615048,-0.270778624631911,0.0030432724284651,0.325016739125662,1.05456563533418
"k__Bacteria|p__Firmicutes|c__Clostridia|o__Clostridiales|f__Ruminococcaceae|g__Faecalibacterium|s__prausnitzii",-0.0274381968994077,0.644201942395635,-0.272395048547874,0.806576855895558,0.386182765507531,-0.183966083711891,0.941099799178843,-0.286676275148915,0.190714644412289,0.383303192838737,-0.20548526833025,-0.275205746250043,-0.29102685841382,0.360057459938941,0.587736826831701,-0.103725192111941,-0.243677586470907,0.554749863883415,0.322966072541093,0.353201748125339,-0.283816216345107,0.464666935090217,-0.168629700227349,0.347800018437612,0.459694375360146,-0.249389229615048,-0.270778624631911,-0.0601389247794463,0.236228137348537,0.978521241083487
"k__Bacteria|p__Firmicutes|c__Erysipelotrichi|o__Erysipelotrichales|f__Erysipelotrichaceae|g__[Eubacterium]|s__biforme",-0.17198285849796,-0.290818138331897,-0.272395048547874,-0.290889923778449,0.253629909110432,-0.183966083711891,-0.284200009321078,-0.286676275148915,-0.17723685467901,0.0747465533180493,-0.20548526833025,-0.275205746250043,-0.29102685841382,-0.170118609964951,0.293286317059809,-0.198592630189626,-0.243677586470907,0.583217029463913,-0.060401262540866,0.365906149542471,-0.283816216345107,-0.280220636127988,-0.435701032472855,-0.295075072552511,-0.0488037199537278,-0.249389229615048,-0.270778624631911,-0.206797295814261,-0.13673058910391,0.355215055058764
"k__Bacteria|p__Firmicutes|c__Clostridia|o__Clostridiales|f__Lachnospiraceae|g__unclassified|s__unclassified",0.190391490685167,0.641156931003109,0.443631410813878,0.80424419069027,0.238524937920659,-0.183966083711891,0.944185855040695,-0.286676275148915,0.535450127682222,0.479682118790478,-0.20548526833025,0.964740085184529,0.751853819984981,0.809802467327845,0.524779644883083,0.097782073447263,-0.243677586470907,0.731731560982399,0.590952049316615,0.0703963812163694,0.87178770914526,0.507151035985207,0.393799934703293,0.965661290214726,0.64667196669068,-0.249389229615048,-0.270778624631911,0.236817747278551,0.619391242844941,0.943242731169612
"k__Bacteria|p__Firmicutes|c__Clostridia|o__Clostridiales|f__Lachnospiraceae|g__Coprococcus|s__unclassified",-0.204371149339042,-0.290818138331897,0.421158067451949,0.66635402134545,0.280866503014198,-0.183966083711891,-0.284200009321078,-0.286676275148915,-0.0113743815562793,0.346857291161091,-0.20548526833025,-0.275205746250043,-0.29102685841382,0.0902439083618175,0.420005817797084,-0.29550202604966,-0.243677586470907,-0.292553406124313,0.0242551809070049,0.105331267254409,-0.283816216345107,-0.280220636127988,-0.0777522019858142,0.335977095903694,0.385397039703819,-0.249389229615048,-0.270778624631911,-0.15431146505244,0.0216039147659737,0.428855303214599
"k__Bacteria|p__Firmicutes|c__Bacilli|o__Lactobacillales|f__Streptococcaceae|g__Lactococcus|s__unclassified",-0.0478683536118032,-0.290818138331897,0.511143102664379,-0.290889923778449,-0.229469836410627,-0.183966083711891,-0.284200009321078,0.750476963608843,0.158088715827148,-0.0364223112332528,-0.20548526833025,1.08998640083863,0.742535709241716,0.103358860647141,-0.192339958949367,-0.0772822417723243,-0.243677586470907,-0.292553406124313,-0.168729655985298,-0.604934624751871,-0.283816216345107,-0.280220636127988,0.500599756043195,0.526735807555051,0.668785783782344,-0.249389229615048,-0.270778624631911,0.0258672475182697,0.0229407425515451,-0.0854860239841435
"k__Bacteria|p__Firmicutes|c__Clostridia|o__Clostridiales|f__Lachnospiraceae|g__Roseburia|s__unclassified",-0.0464305794117937,0.640023561040921,-0.272395048547874,0.662635413602439,0.311344720568995,-0.183966083711891,0.94149598000097,-0.286676275148915,0.110973757461693,0.314465104784011,-0.20548526833025,-0.275205746250043,-0.29102685841382,0.174328247569746,0.468550901133673,-0.126541305624285,-0.243677586470907,-0.292553406124313,0.0724675917265993,0.000853005315766926,-0.283816216345107,0.500067910184691,-0.00858019125016034,0.349003425519807,1.02600838085696,-0.249389229615048,-0.270778624631911,-0.102515818424766,0.0385590324914734,0.63170003309132
"k__Bacteria|p__Firmicutes|c__Clostridia|o__Clostridiales|f__Ruminococcaceae|g__Faecalibacterium|s__unclassified",-0.0330649648786821,0.640023561040921,-0.272395048547874,0.918751120663876,0.133323030960621,-0.183966083711891,0.942287871078186,-0.286676275148915,0.319815081890083,0.4107898359905,-0.20548526833025,-0.275205746250043,0.718192010833293,0.424081570576325,0.313848447222362,-0.136641161171286,-0.243677586470907,-0.292553406124313,0.159249184854254,-0.286654161807352,-0.283816216345107,0.463823325456752,0.340519526883839,0.828575898514632,0.721513582613369,-0.249389229615048,-0.270778624631911,-0.00516260622529908,0.288408743295552,0.563757303911714
"k__Bacteria|p__Firmicutes|c__Erysipelotrichi|o__Erysipelotrichales|f__Erysipelotrichaceae|g__[Eubacterium]|s__dolichum",-0.111843277240012,-0.290818138331897,-0.272395048547874,-0.290889923778449,0.19384489810919,-0.183966083711891,-0.284200009321078,-0.286676275148915,-0.138844265826961,0.119118964307217,-0.20548526833025,-0.275205746250043,-0.29102685841382,-0.0893157242606334,0.178898621789606,-0.151936496121134,-0.243677586470907,0.56577056423002,-0.00388953547299537,0.300490168599621,0.876618867769281,-0.280220636127988,-0.237374434621962,-0.146861367307296,-0.354414737930577,-0.249389229615048,-0.270778624631911,-0.101507070378667,-0.0380853937711775,0.0674409430511534
"k__Bacteria|p__Firmicutes|c__Clostridia|o__Coriobacteriales|f__Coriobacteriaceae|g__Eggerthella|s__lenta",-0.149358386004529,-0.290818138331897,0.434061753543581,-0.290889923778449,-0.429962171408401,-0.183966083711891,-0.284200009321078,0.818173483747988,0.20059466390423,-0.145920796944932,-0.20548526833025,-0.275205746250043,1.00395034161591,0.165914013634079,-0.527905107135416,-0.242130033110549,-0.243677586470907,-0.292553406124313,-0.314259524790217,-1.03805905306094,-0.283816216345107,0.464329576633288,0.870976375893587,0.980889526871736,0.550188269700544,-0.249389229615048,-0.270778624631911,0.0634639755318866,0.0347922514437005,-0.540679870731964
"k__Bacteria|p__Firmicutes|c__Clostridia|o__Clostridiales|f__Lachnospiraceae|g__Dorea|s__unclassified",-0.174039372471333,-0.290818138331897,0.420752132012071,-0.290889923778449,0.438864806807714,-0.183966083711891,-0.284200009321078,-0.286676275148915,-0.158360568537038,0.18830697737203,-0.20548526833025,-0.275205746250043,-0.29102685841382,-0.0820027671229018,0.432230653266445,-0.213291157262025,-0.243677586470907,0.567981235173952,0.0252629045013609,0.510817531333315,-0.283816216345107,-0.280220636127988,-0.319124239949259,-0.146966617782388,0.169084239201027,-0.249389229615048,-0.270778624631911,-0.134705314169428,-0.108277093646018,0.307372838064198
"k__Bacteria|p__Firmicutes|c__Erysipelotrichi|o__Erysipelotrichales|f__[Coprobacillaceae]|g__unclassified|s__unclassified",-0.108095944119109,-0.290818138331897,0.423590225711124,0.669305276884735,0.0852612372379478,-0.183966083711891,-0.284200009321078,0.780246892079945,0.385507340718255,0.369584173145008,-0.20548526833025,-0.275205746250043,0.732641034743917,0.529407349588199,0.186008074263437,-0.264751698726709,-0.243677586470907,0.632717673238222,0.1179658985201,-0.504528010809044,-0.283816216345107,0.456028541645453,0.78287669362773,1.37911676767771,0.995876069666938,-0.249389229615048,-0.270778624631911,0.0987919368707669,0.319850508352117,0.290212426751804
"k__Bacteria|p__Firmicutes|c__Clostridia|o__unclassified|f__unclassified|g__unclassified|s__unclassified",-0.0226793465567995,-0.290818138331897,0.449566273259302,0.691602093902161,0.0859583731630446,-0.183966083711891,-0.284200009321078,-0.286676275148915,0.340648513116586,0.372988197132613,-0.20548526833025,-0.275205746250043,0.762669064405812,0.542355541773272,0.278927327476583,-0.143133756751016,-0.243677586470907,0.675170989491605,0.323206086306189,-0.059790593486492,-0.283816216345107,0.455518069492395,0.31254683228179,0.876662409723739,0.0128729481202084,-0.249389229615048,1.02588741194745,0.150508531415372,0.447896455707832,0.579755189696886
"k__Bacteria|p__Firmicutes|c__Clostridia|o__Clostridiales|f__Lachnospiraceae|g__Lachnospira|s__unclassified",-0.136994839564586,-0.290818138331897,-0.272395048547874,0.679532698744911,0.570908437990307,-0.183966083711891,-0.284200009321078,-0.286676275148915,0.226239550319859,0.580087158511217,-0.20548526833025,-0.275205746250043,0.731172841117422,0.432254382589729,0.748148218318537,-0.285786773142683,-0.243677586470907,0.706601163533782,0.230513568610644,0.267361974002732,-0.283816216345107,0.468650392348168,0.161810007039664,0.845044310987946,0.877187033543129,-0.249389229615048,-0.270778624631911,-0.0188288139212271,0.265371725540345,0.798778571409267
"k__Bacteria|p__Firmicutes|c__Clostridia|o__Clostridiales|f__Clostridiaceae|g__Clostridium|s__unclassified",-0.147662948502143,-0.290818138331897,-0.272395048547874,-0.290889923778449,0.149990541479139,-0.183966083711891,-0.284200009321078,-0.286676275148915,-0.0654299408608485,0.0143534245578009,-0.20548526833025,-0.275205746250043,0.877609722534807,-0.0345891471540632,0.13231671513479,-0.203821523133147,-0.243677586470907,0.571445302831286,-0.0532691130974221,0.144922963183011,-0.283816216345107,-0.280220636127988,-0.0493431134341186,0.0782443542795996,0.0203567401494725,-0.249389229615048,-0.270778624631911,-0.0529822992868858,-0.0510033558824589,0.118939459217545
"k__Bacteria|p__Firmicutes|c__Clostridia|o__Clostridiales|f__Ruminococcaceae|g__unclassified|s__unclassified",-0.00187445471033379,-0.290818138331897,0.421158067451949,0.687101539717675,0.253229776183739,-0.183966083711891,0.945054561906824,-0.286676275148915,0.417028091881654,0.397120542722846,-0.20548526833025,-0.275205746250043,0.771018221908925,0.637895289164979,0.385641050480602,-0.164088499571167,-0.243677586470907,0.576983814464358,0.316647546853105,-0.148421023848763,0.872536322805383,0.519626610491522,0.517557394394604,1.1360934055976,0.85865287861354,-0.249389229615048,-0.270778624631911,0.184722268652823,0.438069512244577,0.602322745212867
"k__Bacteria|p__Firmicutes|c__Clostridia|o__Clostridiales|f__Peptostreptococcaceae|g__unclassified|s__unclassified",-0.0144800403350854,-0.290818138331897,0.428436867661826,-0.290889923778449,-0.290570775536861,-0.183966083711891,-0.284200009321078,-0.286676275148915,0.20827190178133,-0.0293732602440314,-0.20548526833025,0.9646521843519,0.754887520588081,0.270190189507671,-0.325532403265219,-0.100503476921718,-0.243677586470907,-0.292553406124313,-0.0706420044273518,-0.612620158241064,0.997936917766496,0.466913087652836,0.630047412911248,0.782708620625197,-0.0050994649286636,-0.249389229615048,-0.270778624631911,0.159936387591186,0.23204976185221,-0.366834441603101
"k__Bacteria|p__Firmicutes|c__Clostridia|o__Clostridiales|f__Lachnospiraceae|g__[Ruminococcus]|s__gnavus",-0.117728222269261,-0.290818138331897,0.428436867661826,0.677155639197023,0.298581886238366,-0.183966083711891,-0.284200009321078,0.756462488002602,0.24022726130471,0.295400657028811,-0.20548526833025,-0.275205746250043,-0.29102685841382,0.385924378232585,0.452912916986753,-0.266251721726852,-0.243677586470907,0.608172603101817,0.171501507327885,-0.0340802261640935,-0.283816216345107,0.477735923377353,0.328309882098217,0.832620083469863,1.13979637464559,-0.249389229615048,-0.270778624631911,-0.00534111580955982,0.182568669411907,0.69449690294397
"k__Bacteria|p__Firmicutes|c__Clostridia|o__Clostridiales|f__unclassified|g__unclassified|s__unclassified",0.00255911127180044,-0.290818138331897,0.429644866720373,0.658210193372893,0.0869923789351164,-0.183966083711891,-0.284200009321078,-0.286676275148915,0.288364157889318,0.14591166291879,-0.20548526833025,-0.275205746250043,0.765670180501858,0.417145148211369,0.157481129560509,-0.0764170728049273,-0.243677586470907,0.563660610052337,0.204011576347986,-0.159926007740579,-0.283816216345107,0.45483703435242,0.36421143285518,0.740962779156597,0.525343438159598,1.29993746716762,-0.270778624631911,0.119828209020051,0.290306704270216,0.456531409673146
"k__Bacteria|p__Firmicutes|c__Clostridia|o__Clostridiales|f__Ruminococcaceae|g__Oscillospira|s__unclassified",-0.0473925725675116,-0.290818138331897,0.444424763843926,0.716751360990966,-0.0310871091839395,-0.183966083711891,-0.284200009321078,0.866544043846034,0.514545649015787,0.34535361708417,-0.20548526833025,-0.275205746250043,0.725606796467264,0.699625559837682,0.162941996863832,-0.195575685392403,-0.243677586470907,0.703759310373429,0.228410904963028,-0.570961576922115,0.869938729112934,0.48011902288318,0.886110381706666,1.47899749038028,1.0280633287901,-0.249389229615048,-0.270778624631911,0.184426852517109,0.486147792162516,0.508227143430998
"k__Bacteria|p__Firmicutes|c__Clostridia|o__Clostridiales|f__Veillonellaceae|g__unclassified|s__unclassified",0.0568573876538451,0.650782212952381,0.428436867661826,0.845823807845309,0.492342907557715,-0.183966083711891,0.946159098508324,-0.286676275148915,0.369431005258356,0.61697877787145,-0.20548526833025,-0.275205746250043,-0.29102685841382,0.597945689400541,0.866693283061882,-0.056045448768244,-0.243677586470907,0.698051260301971,0.4988232820248,0.315538249981719,0.87388241674817,0.492715631405479,0.0959804818584402,0.750779069574878,1.16349767344638,-0.249389229615048,-0.270778624631911,0.0790260096414506,0.407657858141263,1.24763027861772
"k__Bacteria|p__Firmicutes|c__Clostridia|o__Clostridiales|f__Veillonellaceae|g__Veillonella|s__dispar",0.45012014783789,0.810885516511406,-0.272395048547874,0.66229039757802,0.30842768690157,2.01256371626576,-0.284200009321078,-0.286676275148915,0.0627424588531741,0.0344900748062551,-0.20548526833025,0.9652673279844,-0.29102685841382,0.152403294379308,0.544317761887651,0.627205762292603,1.3642259804969,0.65850136873822,0.677566995145105,1.11321055975679,-0.283816216345107,-0.280220636127988,-0.724718967651174,-0.967518076402069,-0.271341020672858,-0.249389229615048,1.04319908700221,0.146305732712076,0.220489075294213,0.92628400478071
"k__Bacteria|p__Firmicutes|c__Clostridia|o__Clostridiales|f__Lachnospiraceae|g__Coprococcus|s__eutactus",-0.202681559519667,-0.290818138331897,-0.272395048547874,-0.290889923778449,0.0770882053758723,-0.183966083711891,-0.284200009321078,-0.286676275148915,-0.159089343827629,0.0810295123006878,-0.20548526833025,-0.275205746250043,-0.29102685841382,-0.179803049179699,0.019814642349263,-0.250014129190661,-0.243677586470907,-0.292553406124313,-0.230198667954142,-0.026403917421354,-0.283816216345107,0.466576486231489,-0.0909582689572974,0.00677819915265918,-0.0919044704655603,-0.249389229615048,-0.270778624631911,-0.154084887143383,-0.148328689121727,-0.161788736199678
"k__Bacteria|p__Firmicutes|c__Clostridia|o__Clostridiales|f__Lachnospiraceae|g__Anaerostipes|s__unclassified",-0.239011376398186,-0.290818138331897,-0.272395048547874,-0.290889923778449,0.0579210191911366,-0.183966083711891,-0.284200009321078,-0.286676275148915,-0.25881046190538,-0.0126911250827969,-0.20548526833025,-0.275205746250043,-0.29102685841382,-0.304129782599815,-0.0919735550376591,-0.241959102067973,-0.243677586470907,-0.292553406124313,-0.277352399224602,0.0819244748732176,-0.283816216345107,-0.280220636127988,-0.201389993881531,-0.205472032864692,-0.477316608599598,-0.249389229615048,-0.270778624631911,-0.171600788355142,-0.235700950182305,-0.33445995360529
"k__Bacteria|p__Firmicutes|c__Clostridia|o__Coriobacteriales|f__Coriobacteriaceae|g__unclassified|s__unclassified",-0.0781876565054268,0.649400486600453,-0.272395048547874,0.656753890580363,0.284166294672025,-0.183966083711891,-0.284200009321078,-0.286676275148915,0.171514011268105,0.493716264336376,-0.20548526833025,-0.275205746250043,-0.29102685841382,0.31074287707822,0.438756361230932,-0.17734827291925,-0.243677586470907,-0.292553406124313,0.140804585153305,0.0442178891194591,0.905705006672556,0.504183312392227,0.164971344934363,0.6542545675747,0.456494773677906,-0.249389229615048,-0.270778624631911,-0.0027820284554275,0.226873509776355,0.426940754752863
"k__Bacteria|p__Firmicutes|c__Clostridia|o__Clostridiales|f__Lachnospiraceae|g__Roseburia|s__faecis",-0.180045676764044,-0.290818138331897,-0.272395048547874,-0.290889923778449,0.349222763257212,-0.183966083711891,-0.284200009321078,-0.286676275148915,-0.192719372716527,0.103786735587464,-0.20548526833025,-0.275205746250043,-0.29102685841382,-0.16093555832437,0.282596141606068,-0.225848197026088,-0.243677586470907,0.555495466273833,-0.0352464923076237,0.523426895571547,-0.283816216345107,-0.280220636127988,-0.33245233456081,-0.214650619500928,-0.100751873885626,-0.249389229615048,-0.270778624631911,-0.182444854990896,-0.127147018532645,0.169803316791886
"k__Bacteria|p__Firmicutes|c__Clostridia|o__Coriobacteriales|f__Coriobacteriaceae|g__Collinsella|s__unclassified",-0.171579875412376,-0.290818138331897,0.456250143743952,0.680210822075609,0.494047239650411,-0.183966083711891,-0.284200009321078,-0.286676275148915,0.0564323465745905,0.5534226667271,-0.20548526833025,-0.275205746250043,-0.29102685841382,0.271132216505178,0.766113871687088,-0.271725889857054,-0.243677586470907,0.68765662166139,0.235786176502866,0.447101507807937,-0.283816216345107,-0.280220636127988,-0.162583104587579,0.447186696051572,0.447222419981316,-0.249389229615048,-0.270778624631911,-0.108439614909456,0.16023572938063,0.846789242381429
"k__Bacteria|p__Bacteroidetes|c__Bacteroidia|o__Bacteroidales|f__S24-7|g__unclassified|s__unclassified",-0.228425057866111,-0.290818138331897,-0.272395048547874,-0.290889923778449,0.109303692317787,-0.183966083711891,-0.284200009321078,-0.286676275148915,-0.289698529270843,-0.0189210151209926,-0.20548526833025,-0.275205746250043,-0.29102685841382,-0.326413303370405,0.00569776472292998,-0.231652738076814,-0.243677586470907,-0.292553406124313,-0.259637321620231,0.127537285247906,-0.283816216345107,-0.280220636127988,-0.260942393037079,-0.332897560169064,-0.27622361222223,-0.249389229615048,-0.270778624631911,-0.180783905108126,-0.267621681252579,-0.18772206852167
"k__Bacteria|p__Bacteroidetes|c__Bacteroidia|o__Bacteroidales|f__Bacteroidaceae|g__Bacteroides|s__plebeius",-0.208359944796515,-0.290818138331897,-0.272395048547874,-0.290889923778449,0.154586632691144,-0.183966083711891,-0.284200009321078,-0.286676275148915,-0.289171262563547,-0.0164829461005533,-0.20548526833025,-0.275205746250043,-0.29102685841382,-0.355251441040026,0.0218235303180345,-0.227998202879092,-0.243677586470907,-0.292553406124313,-0.265047659257733,0.181449450249223,-0.283816216345107,-0.280220636127988,-0.31017514287357,-0.339107232845786,-0.281934635944138,-0.249389229615048,-0.270778624631911,-0.178893143005479,-0.27942199495216,-0.294976702105087
"k__Bacteria|p__Bacteroidetes|c__Bacteroidia|o__Bacteroidales|f__Bacteroidaceae|g__Bacteroides|s__caccae",-0.21838107774899,-0.290818138331897,-0.272395048547874,-0.290889923778449,0.244539994281513,-0.183966083711891,-0.284200009321078,-0.286676275148915,-0.231000399362658,0.0512183723626638,-0.20548526833025,-0.275205746250043,-0.29102685841382,-0.284415940716611,0.184029524058193,-0.262958629128115,-0.243677586470907,-0.292553406124313,-0.241900765096961,0.147845330847462,-0.283816216345107,-0.280220636127988,-0.237981272496696,-0.194429252393177,0.330506141774737,-0.249389229615048,-0.270778624631911,-0.201305824606531,-0.276335465180567,-0.00081042436327318
"k__Bacteria|p__Bacteroidetes|c__Bacteroidia|o__Bacteroidales|f__[Odoribacteraceae]|g__Butyricimonas|s__unclassified",-0.223850116113169,-0.290818138331897,-0.272395048547874,-0.290889923778449,0.178533651818197,-0.183966083711891,-0.284200009321078,-0.286676275148915,-0.260109716241633,0.0714754325308861,-0.20548526833025,-0.275205746250043,-0.29102685841382,-0.289380539406238,0.0959166692904741,-0.238463611413065,-0.243677586470907,-0.292553406124313,-0.222911271385921,0.247035995109699,-0.283816216345107,-0.280220636127988,-0.329229792063287,-0.312298037785503,-0.220733949144389,-0.249389229615048,-0.270778624631911,-0.206989067389597,-0.216546902970543,-0.0359944046452759
"k__Bacteria|p__Bacteroidetes|c__Bacteroidia|o__Bacteroidales|f__[Paraprevotellaceae]|g__Paraprevotella|s__unclassified",-0.212089452717541,-0.290818138331897,-0.272395048547874,-0.290889923778449,0.0813763540373033,-0.183966083711891,-0.284200009321078,-0.286676275148915,-0.268133348477524,-0.127823067403577,-0.20548526833025,-0.275205746250043,-0.29102685841382,-0.300001517025048,0.00225645138506356,-0.257728320592683,-0.243677586470907,-0.292553406124313,-0.226217542690658,0.131341362744198,-0.283816216345107,-0.280220636127988,-0.252547453534657,-0.301147407012088,-0.0792519573434535,-0.249389229615048,-0.270778624631911,-0.179565311028243,-0.288773396403994,-0.117644641248775
"k__Bacteria|p__Bacteroidetes|c__Bacteroidia|o__Bacteroidales|f__Prevotellaceae|g__Prevotella|s__stercorea",-0.223378760887576,-0.290818138331897,-0.272395048547874,-0.290889923778449,0.180399365378487,-0.183966083711891,-0.284200009321078,-0.286676275148915,-0.231529252455828,0.015722084634133,-0.20548526833025,-0.275205746250043,-0.29102685841382,-0.29572143338732,0.124545482402641,-0.254499756480688,-0.243677586470907,-0.292553406124313,-0.197965067930219,0.220545667626553,-0.283816216345107,-0.280220636127988,-0.27980234954486,-0.278348808026244,-0.0175985427819065,-0.249389229615048,-0.270778624631911,-0.231615031472313,-0.274855405536498,0.0129974934178556
"k__Bacteria|p__Bacteroidetes|c__Bacteroidia|o__Bacteroidales|f__Porphyromonadaceae|g__Dysgonomonas|s__unclassified",-0.218181185520961,-0.290818138331897,-0.272395048547874,-0.290889923778449,0.0234397176351071,-0.183966083711891,-0.284200009321078,-0.286676275148915,-0.229551983518113,-0.0926393402120565,-0.20548526833025,-0.275205746250043,-0.29102685841382,-0.269842209661027,-0.0776083661264726,-0.246421219480604,-0.243677586470907,-0.292553406124313,-0.275400456690835,-0.00952302205139851,-0.283816216345107,-0.280220636127988,-0.142883572086618,-0.158260248184062,-0.0216934052741005,-0.249389229615048,-0.270778624631911,-0.228880270590137,-0.275968737130833,-0.219324113815947
"k__Bacteria|p__Bacteroidetes|c__Bacteroidia|o__Bacteroidales|f__[Paraprevotellaceae]|g__[Prevotella]|s__unclassified",-0.225960643291333,-0.290818138331897,-0.272395048547874,-0.290889923778449,0.101992471092141,-0.183966083711891,-0.284200009321078,-0.286676275148915,-0.310097704153149,-0.0850510673680587,-0.20548526833025,-0.275205746250043,-0.29102685841382,-0.338837228593429,-0.0459658903789115,-0.23729952545872,-0.243677586470907,-0.292553406124313,-0.229013142622497,0.222136457203542,-0.283816216345107,-0.280220636127988,-0.309085025723255,-0.371704254859347,-0.626223876510778,-0.249389229615048,-0.270778624631911,-0.160168170557575,-0.246938468588263,-0.316629146340089
"k__Bacteria|p__Bacteroidetes|c__Bacteroidia|o__Bacteroidales|f__Bacteroidaceae|g__Bacteroides|s__ovatus",-0.17634705292894,-0.290818138331897,-0.272395048547874,-0.290889923778449,-0.0992749511429154,-0.183966083711891,-0.284200009321078,0.752476121772682,-0.166957416595844,-0.15397839241446,-0.20548526833025,-0.275205746250043,-0.29102685841382,-0.28850400973957,-0.305332940391563,-0.197084137358439,-0.243677586470907,-0.292553406124313,-0.373313030124211,-0.297713745882561,-0.283816216345107,-0.280220636127988,0.123477200346707,-0.0160024608325171,0.0254454104087706,-0.249389229615048,-0.270778624631911,-0.128757318269512,-0.269224467769847,-0.508362566871188
"k__Bacteria|p__Bacteroidetes|c__Bacteroidia|o__Bacteroidales|f__Prevotellaceae|g__Prevotella|s__unclassified",-0.112228904351819,0.675332278540915,-0.272395048547874,-0.290889923778449,0.510548438729901,-0.183966083711891,-0.284200009321078,-0.286676275148915,-0.160772255578817,0.26976359388316,-0.20548526833025,-0.275205746250043,-0.29102685841382,-0.101964237581817,0.582187540890196,-0.137734954449279,-0.243677586470907,0.556666005137011,0.112630710854858,0.757490238996293,-0.283816216345107,-0.280220636127988,-0.587904458691167,-0.419156219779485,-0.00538132272680139,-0.249389229615048,-0.270778624631911,-0.151455603250783,-0.0684082058273028,0.652031603602893
"k__Bacteria|p__Bacteroidetes|c__Bacteroidia|o__Bacteroidales|f__Prevotellaceae|g__Prevotella|s__copri",-0.160363899879103,0.668912100578162,-0.272395048547874,-0.290889923778449,0.260331208916276,-0.183966083711891,-0.284200009321078,-0.286676275148915,-0.202826907509288,0.0744055577834894,-0.20548526833025,-0.275205746250043,-0.29102685841382,-0.235949830699983,0.231473298866765,-0.167835982991386,-0.243677586470907,-0.292553406124313,-0.152156775227807,0.322945896255465,-0.283816216345107,-0.280220636127988,-0.377119755711416,-0.33796481067048,-0.0430990754461425,-0.249389229615048,-0.270778624631911,-0.182045212900957,-0.212405904367169,0.244916965826336
"k__Bacteria|p__Bacteroidetes|c__Bacteroidia|o__Bacteroidales|f__Porphyromonadaceae|g__Parabacteroides|s__unclassified",-0.122556179034475,-0.290818138331897,-0.272395048547874,-0.290889923778449,0.0542641965153421,-0.183966083711891,-0.284200009321078,-0.286676275148915,-0.203575800082895,0.0136570432280781,-0.20548526833025,0.969912605803189,-0.29102685841382,-0.246711314997044,0.0722896032269591,-0.106371298749734,-0.243677586470907,-0.292553406124313,-0.153690626001001,0.104701419912618,-0.283816216345107,-0.280220636127988,-0.224335440977151,-0.308076784711776,0.0765120041783741,-0.249389229615048,-0.270778624631911,-0.165961392430553,-0.223418768996182,0.0315776062190889
"k__Bacteria|p__Bacteroidetes|c__Bacteroidia|o__Bacteroidales|f__[Barnesiellaceae]|g__unclassified|s__unclassified",-0.0567137725562103,-0.290818138331897,0.424399632372719,-0.290889923778449,-0.223373747176529,-0.183966083711891,0.943158227583704,-0.286676275148915,0.113446075524758,0.0525962200929933,-0.20548526833025,-0.275205746250043,-0.29102685841382,0.0737375456985104,-0.144193425303228,-0.110280481399626,-0.243677586470907,-0.292553406124313,-0.126151871387943,-0.504483679071275,0.867835735617442,0.505047558938245,0.32204556202565,0.417899825367199,0.368896826114768,-0.249389229615048,-0.270778624631911,-0.00720255077656968,0.0210505429693133,-0.0646119763005964
"k__Bacteria|p__Bacteroidetes|c__Bacteroidia|o__Bacteroidales|f__Bacteroidaceae|g__Bacteroides|s__fragilis",-0.104755137173741,0.648362937500795,0.462889636554463,0.767840130314948,0.175104608308,-0.183966083711891,-0.284200009321078,1.10846537644815,0.197121532378644,0.36417840273242,-0.20548526833025,-0.275205746250043,-0.29102685841382,0.265231995632648,0.348385982050103,-0.203724986684192,-0.243677586470907,-0.292553406124313,-0.0206472797574043,-0.277581293053992,-0.283816216345107,-0.280220636127988,0.414785034309241,0.766670336945158,1.18647220382912,-0.249389229615048,-0.270778624631911,-0.0671354649213566,0.0980482191801244,0.390476730061149
"k__Bacteria|p__Bacteroidetes|c__Bacteroidia|o__Bacteroidales|f__Rikenellaceae|g__unclassified|s__unclassified",-0.135208964918163,-0.290818138331897,-0.272395048547874,0.722941079790807,0.195743041657153,-0.183966083711891,0.943711696662892,-0.286676275148915,0.0767919792732224,0.291678214767912,-0.20548526833025,-0.275205746250043,-0.29102685841382,0.154643539271602,0.279195631208146,-0.218027264577416,-0.243677586470907,-0.292553406124313,0.000490365049146539,-0.119431889837085,-0.283816216345107,0.475458364379346,0.0905270334638419,0.47449117175146,0.481611107560269,-0.249389229615048,-0.270778624631911,-0.0723365057144388,0.0500304370000181,0.275495864902789
"k__Bacteria|p__Bacteroidetes|c__Bacteroidia|o__Bacteroidales|f__Bacteroidaceae|g__Bacteroides|s__unclassified",0.541480755238341,1.02712694370969,0.619320699247619,1.60025353503289,-0.443239283293751,-0.183966083711891,0.975988869650547,0.866365841777137,0.926683744688087,0.231364040267234,1.80409911816891,1.07411858129794,0.754409126662806,1.07196578879961,-0.14720072870614,0.496913369667591,-0.243677586470907,-0.292553406124313,0.570886149213411,-0.950417893619413,0.892637712145027,1.04701736896822,1.18970774068199,1.48759235054236,0.930580177250101,-0.249389229615048,1.0247258029886,0.523085353432238,0.889166865574244,0.392388500183652
"k__Bacteria|p__Bacteroidetes|c__Bacteroidia|o__Bacteroidales|f__Bacteroidaceae|g__Bacteroides|s__uniformis",-0.0645051009840669,-0.290818138331897,0.420752132012071,0.866404899871292,0.103603325537366,-0.183966083711891,-0.284200009321078,-0.286676275148915,0.344424380446768,0.414799694204614,-0.20548526833025,1.00648648129656,0.727083178863865,0.466625865598844,0.381819983425816,-0.173295563686016,-0.243677586470907,-0.292553406124313,0.153307597638378,-0.257470243776664,-0.283816216345107,0.455404595839807,0.375753727871753,0.90702548828815,0.746938061701703,-0.249389229615048,-0.270778624631911,0.0200589567811545,0.334111936050569,0.75081416972774
"k__Bacteria|p__Bacteroidetes|c__Bacteroidia|o__Bacteroidales|f__Porphyromonadaceae|g__Parabacteroides|s__distasonis",0.0368857940258962,-0.290818138331897,0.458207515989021,-0.290889923778449,-0.380841672313376,-0.183966083711891,0.941258290343302,0.791065939038926,0.173806871815919,-0.198172663572728,-0.20548526833025,0.982425850765236,0.716702433318142,0.092515849427505,-0.470250732312124,0.0306829953834895,-0.243677586470907,-0.292553406124313,-0.180511394033728,-0.718163078527812,-0.283816216345107,-0.280220636127988,0.56819266724385,0.454849701275686,0.268248206075768,-0.249389229615048,-0.270778624631911,0.101350951418873,0.0593308354688879,-0.477630210065094
"k__Bacteria|p__Bacteroidetes|c__Bacteroidia|o__Bacteroidales|f__Bacteroidaceae|g__unclassified|s__unclassified",0.0873153404538105,0.642724094893758,0.585120024337429,0.747006802550949,-0.0951369458813979,-0.183966083711891,0.942525316170138,-0.286676275148915,0.250127462221095,0.284423666525843,-0.20548526833025,-0.275205746250043,-0.29102685841382,0.328852683907114,0.0629261493263275,0.073470212465558,-0.243677586470907,-0.292553406124313,0.191754915152387,-0.240767006942724,0.868837712678935,-0.280220636127988,0.158874171829592,0.414390359960826,-0.0580676267369735,-0.249389229615048,1.02341737800001,0.111966594897578,0.307755482679096,0.29352291305073
"k__Bacteria|p__Proteobacteria|c__Alphaproteobacteria|o__Rickettsiales|f__mitochondria|g__unclassified|s__unclassified",-0.21399422392715,-0.290818138331897,-0.272395048547874,-0.290889923778449,0.183711839716059,-0.183966083711891,-0.284200009321078,-0.286676275148915,-0.300753169063153,-0.0572073024237772,-0.20548526833025,-0.275205746250043,-0.29102685841382,-0.352396986286925,0.0883259288975781,-0.254587983980649,-0.243677586470907,-0.292553406124313,-0.247365070809089,0.242564011237657,-0.283816216345107,-0.280220636127988,-0.315938827686038,-0.386387864413411,0.0688617532458785,-0.249389229615048,-0.270778624631911,-0.189988360828734,-0.26753239782413,-0.0507447267154739
"k__Bacteria|p__Proteobacteria|c__Gammaproteobacteria|o__Aeromonadales|f__unclassified|g__unclassified|s__unclassified",-0.221265503993569,-0.290818138331897,-0.272395048547874,-0.290889923778449,0.0600548764763965,-0.183966083711891,-0.284200009321078,-0.286676275148915,-0.253931046710001,0.0439802733529689,-0.20548526833025,-0.275205746250043,-0.29102685841382,-0.282985655794226,-0.0248661333100899,-0.254122083053429,-0.243677586470907,-0.292553406124313,-0.250239398644794,0.0822869112237425,-0.283816216345107,-0.280220636127988,-0.217877422513675,-0.188740473549739,-0.471563987157383,-0.249389229615048,-0.270778624631911,-0.180378532681208,-0.231798402315734,-0.343198705746306
"k__Bacteria|p__Proteobacteria|c__Gammaproteobacteria|o__Enterobacteriales|f__Enterobacteriaceae|g__Erwinia|s__unclassified",-0.217211184095013,-0.290818138331897,-0.272395048547874,-0.290889923778449,0.155816763606836,-0.183966083711891,-0.284200009321078,-0.286676275148915,-0.25592554243919,0.0460401203090908,-0.20548526833025,-0.275205746250043,-0.29102685841382,-0.296434852729883,0.13551403021908,-0.234533410743889,-0.243677586470907,-0.292553406124313,-0.245241015403019,0.135800473582393,-0.283816216345107,-0.280220636127988,-0.291441137428918,-0.256781541299449,-0.0212370123011518,-0.249389229615048,-0.270778624631911,-0.215430726821213,-0.281832170506441,-0.0242123241387524
"k__Bacteria|p__Proteobacteria|c__Gammaproteobacteria|o__Enterobacteriales|f__Enterobacteriaceae|g__Klebsiella|s__unclassified",-0.215189427218929,-0.290818138331897,-0.272395048547874,-0.290889923778449,0.194614052999329,-0.183966083711891,-0.284200009321078,-0.286676275148915,-0.294460573652747,-0.0920468413295617,-0.20548526833025,-0.275205746250043,-0.29102685841382,-0.332917197518554,0.0315011237572301,-0.235307966108777,-0.243677586470907,-0.292553406124313,-0.223064396542365,0.251988184054456,-0.283816216345107,-0.280220636127988,-0.30030885974271,-0.353448241299905,-0.172992069127947,-0.249389229615048,-0.270778624631911,-0.191028216069605,-0.298297821450955,-0.264721449758993
"k__Bacteria|p__Proteobacteria|c__Gammaproteobacteria|o__Pasteurellales|f__Pasteurellaceae|g__Aggregatibacter|s__unclassified",-0.237665781092663,-0.290818138331897,-0.272395048547874,-0.290889923778449,0.0624027768482873,-0.183966083711891,-0.284200009321078,-0.286676275148915,-0.265476675353282,-0.15529315965997,-0.20548526833025,-0.275205746250043,-0.29102685841382,-0.313184809231352,-0.161290916351963,-0.263271789856244,-0.243677586470907,-0.292553406124313,-0.265763010856776,0.130406262596369,-0.283816216345107,-0.280220636127988,-0.225528361443125,-0.265963297199859,-0.55035954203124,-0.249389229615048,-0.270778624631911,-0.170113101836356,-0.26088543819931,-0.380740298030276
"k__Bacteria|p__Proteobacteria|c__Gammaproteobacteria|o__Enterobacteriales|f__Enterobacteriaceae|g__Trabulsiella|s__unclassified",-0.165153283751094,0.638801570517547,-0.272395048547874,-0.290889923778449,0.0834270501883715,-0.183966083711891,-0.284200009321078,-0.286676275148915,-0.217041000605055,-0.02819849545129,-0.20548526833025,-0.275205746250043,-0.29102685841382,-0.255349300514424,0.0236777882869054,-0.199386784665737,-0.243677586470907,-0.292553406124313,-0.176797481174984,0.157359218716439,-0.283816216345107,-0.280220636127988,-0.251279674343795,-0.271119066281526,-0.152555728061584,-0.249389229615048,-0.270778624631911,-0.18741163688437,-0.213074873550284,-0.05255871895634
"k__Bacteria|p__Proteobacteria|c__Gammaproteobacteria|o__Pseudomonadales|f__Moraxellaceae|g__Acinetobacter|s__unclassified",-0.174343558044725,-0.290818138331897,-0.272395048547874,-0.290889923778449,-0.00212440621918149,-0.183966083711891,-0.284200009321078,-0.286676275148915,-0.181334721184282,-0.138159918310301,-0.20548526833025,-0.275205746250043,-0.29102685841382,-0.19961560788307,-0.155999524898585,-0.199262936744638,-0.243677586470907,-0.292553406124313,-0.205353600425465,-0.0215519746451559,0.867986096193957,-0.280220636127988,-0.0962867302722017,-0.119883140090782,-0.384024774883057,-0.249389229615048,-0.270778624631911,-0.0784198518956288,-0.133332533918583,-0.206239271779789
"k__Bacteria|p__Proteobacteria|c__Gammaproteobacteria|o__Enterobacteriales|f__Enterobacteriaceae|g__Escherichia|s__unclassified",1.09125283015514,1.07319798981322,-0.272395048547874,-0.290889923778449,-0.836224716797354,2.39447328232471,1.0341162511087,0.75765530567851,0.263526531900789,-0.865982480543438,1.99722781736002,0.969037788318003,-0.29102685841382,0.066824219664157,-0.942026149039384,1.54102404139805,1.43388596490589,0.632717673238222,0.531691257410875,0.00699707756670826,0.874878356461241,0.454609919531448,-0.136531871674517,-1.38029191268078,-1.22921354635388,1.42965450559736,1.02540357218574,0.649115748793177,0.285451920980863,-0.701161368731938
"k__Bacteria|p__Proteobacteria|c__Gammaproteobacteria|o__Enterobacteriales|f__Enterobacteriaceae|g__Citrobacter|s__unclassified",-0.000378731244069336,-0.290818138331897,-0.272395048547874,0.670743428346193,-0.132187415507436,-0.183966083711891,-0.284200009321078,-0.286676275148915,0.0845714261434123,0.0663776817181478,-0.20548526833025,-0.275205746250043,-0.29102685841382,0.121507903613734,-0.125185839692971,-0.0412239328108718,-0.243677586470907,-0.292553406124313,4.08918699074776e-05,-0.267637018843692,0.912151198666957,0.457615012841013,0.212730576801868,0.342703110573403,-0.323814370408679,1.2984095357845,-0.270778624631911,0.0577928799775067,0.117122581872708,-0.187844011977667
"k__Bacteria|p__Proteobacteria|c__Alphaproteobacteria|o__RF32|f__unclassified|g__unclassified|s__unclassified",-0.159766252472475,0.639500033654232,-0.272395048547874,-0.290889923778449,0.0897381890660508,-0.183966083711891,-0.284200009321078,-0.286676275148915,-0.173553572327198,0.00535595738288067,-0.20548526833025,-0.275205746250043,-0.29102685841382,-0.207056867085126,0.047753677096721,-0.166371693402699,-0.243677586470907,-0.292553406124313,-0.119517289078372,0.24244397665675,-0.283816216345107,-0.280220636127988,-0.277674276948169,-0.260821924591943,-0.334810438019039,-0.249389229615048,-0.270778624631911,-0.189040975639732,-0.178602389931833,0.013053946447701
"k__Bacteria|p__Proteobacteria|c__Gammaproteobacteria|o__Enterobacteriales|f__Enterobacteriaceae|g__Enterobacter|s__hormaechei",-0.158640467273547,0.640285221989778,-0.272395048547874,-0.290889923778449,0.0664372529940875,-0.183966083711891,-0.284200009321078,-0.286676275148915,-0.203645771680296,0.00975499969626779,-0.20548526833025,-0.275205746250043,-0.29102685841382,-0.255597203773073,0.00590558129136209,-0.163386270051785,-0.243677586470907,-0.292553406124313,-0.171064105371585,0.112054868560906,-0.283816216345107,-0.280220636127988,-0.29402806903974,-0.286606843270611,-0.277756515888543,-0.249389229615048,-0.270778624631911,-0.186573196628301,-0.192019861208335,-0.0492845185904337
"k__Bacteria|p__Proteobacteria|c__Gammaproteobacteria|o__Pasteurellales|f__Pasteurellaceae|g__Actinobacillus|s__unclassified",-0.0875746647273835,-0.290818138331897,-0.272395048547874,-0.290889923778449,-0.129635300907293,-0.183966083711891,-0.284200009321078,-0.286676275148915,-0.337394127875081,-0.28429410744961,-0.20548526833025,-0.275205746250043,-0.29102685841382,-0.417154890942209,-0.355673672130677,-0.0366927480228353,-0.243677586470907,-0.292553406124313,-0.268316497888427,0.10730325900139,-0.283816216345107,-0.280220636127988,-0.29207142633387,-0.59130286789569,-0.956696237409169,1.30593110534675,-0.270778624631911,-0.0740963735490962,-0.256699097883599,-0.711276025993631
"k__Bacteria|p__Proteobacteria|c__Gammaproteobacteria|o__Enterobacteriales|f__Enterobacteriaceae|g__unclassified|s__unclassified",1.21963958523696,1.60262423642041,-0.272395048547874,0.66021779793071,-0.682375820254016,2.454142526377,1.21447410564154,0.76655637252152,0.549884940447192,-0.546010820766743,2.1814978387303,0.988366740277494,0.717530250297989,0.496092139366549,-0.636370610458611,1.61178238101906,1.56227063895961,0.596590500391376,0.86681365356697,0.108387725620916,0.893322023029345,0.467025262953432,0.106435282354466,-0.909694053167651,-1.0194150332233,1.45371079493649,1.03747770208073,0.79236775749063,0.614236175626527,-0.411410238209675
"k__Bacteria|p__Proteobacteria|c__Gammaproteobacteria|o__Pasteurellales|f__Pasteurellaceae|g__Haemophilus|s__parainfluenzae",0.0570042953498083,0.639238167144656,-0.272395048547874,-0.290889923778449,0.345241967943378,2.04012317411475,-0.284200009321078,-0.286676275148915,-0.192049353548968,-0.0551830945431493,-0.20548526833025,-0.275205746250043,-0.29102685841382,-0.21503298391925,0.215686766655966,0.097685586428035,-0.243677586470907,0.555601935534067,0.0293058822707751,0.482679964775215,-0.283816216345107,-0.280220636127988,-0.441886745587351,-0.571207958181938,0.0763984285638474,-0.249389229615048,-0.270778624631911,-0.0250696642064825,-0.222615946297334,-0.105420151964764
"k__Bacteria|p__Proteobacteria|c__Betaproteobacteria|o__Burkholderiales|f__Alcaligenaceae|g__Sutterella|s__unclassified",-0.0501731652718504,0.682464247006372,0.426016482925879,0.696149203498923,0.7030059620471,-0.183966083711891,-0.284200009321078,-0.286676275148915,0.281702235488316,0.704576408486986,-0.20548526833025,-0.275205746250043,-0.29102685841382,0.573860261082279,1.12520662702885,-0.162461987535521,-0.243677586470907,1.57216356783801,0.565799585748151,0.686367210648277,-0.283816216345107,0.488003613262875,-0.231192921467314,0.577738685855446,0.890252279631897,-0.249389229615048,-0.270778624631911,-0.0458827943301021,0.427069547632684,1.65811942349468
"k__Bacteria|p__Proteobacteria|c__Gammaproteobacteria|o__Pasteurellales|f__Pasteurellaceae|g__Haemophilus|s__unclassified",0.442620412907237,0.708459630072434,-0.272395048547874,-0.290889923778449,-0.213289674514003,2.18885564369025,-0.284200009321078,-0.286676275148915,-0.135510039771399,-0.52019401339204,-0.20548526833025,0.966320980361345,-0.29102685841382,-0.252200384926861,-0.320695472098593,0.690070836173263,-0.243677586470907,0.596897017488119,0.194682129539136,0.525723711021951,-0.283816216345107,-0.280220636127988,-0.581608973297298,-1.32097964960276,-1.01416338075724,1.30673702738329,1.02695103610497,0.235385992226818,-0.0489791396264882,-0.322394634596555
"k__Bacteria|p__Actinobacteria|c__Actinobacteria|o__Bifidobacteriales|f__Bifidobacteriaceae|g__Bifidobacterium|s__longum",1.52084907917686,1.35671784837867,1.43807178715556,0.720860398120489,-1.2539589251351,2.00719462653205,-0.284200009321078,1.50934501663101,1.19662867907582,-0.441975166787932,2.25684505453944,2.06358928543616,1.43926916912965,1.25910798428533,-0.9357584002901,1.87542200862513,2.20697827696976,0.633013315988002,1.17422989528433,-0.94707066403349,1.95832718854231,1.94049250772822,1.27941876038613,0.431731230799263,-0.307605654999167,2.11737358024187,2.14808306865136,1.22633639843717,1.26040080827099,-0.273177887476538
"k__Bacteria|p__Actinobacteria|c__Actinobacteria|o__Actinomycetales|f__Corynebacteriaceae|g__Corynebacterium|s__unclassified",-0.199210132702233,-0.290818138331897,-0.272395048547874,-0.290889923778449,-0.0959418105874306,-0.183966083711891,-0.284200009321078,-0.286676275148915,-0.166094273092451,-0.142295366424081,-0.20548526833025,-0.275205746250043,0.721659087077863,-0.205467629492285,-0.240784549085424,-0.2525352164147,-0.243677586470907,-0.292553406124313,-0.276135268805422,-0.229740486512448,-0.283816216345107,-0.280220636127988,0.0832044503382546,0.0686406161362227,-0.239341346325186,-0.249389229615048,-0.270778624631911,-0.0955292823801805,-0.176425546987792,-0.44423656905054
"k__Bacteria|p__Actinobacteria|c__Actinobacteria|o__Actinomycetales|f__Micrococcaceae|g__Rothia|s__mucilaginosa",-0.111757989921529,-0.290818138331897,-0.272395048547874,-0.290889923778449,-0.0742199553939354,-0.183966083711891,-0.284200009321078,-0.286676275148915,-0.280260577605538,-0.332955758742578,-0.20548526833025,-0.275205746250043,-0.29102685841382,-0.381361176040529,-0.189400184625743,-0.0828100584283653,-0.243677586470907,-0.292553406124313,-0.250014611851615,0.105220508757762,-0.283816216345107,-0.280220636127988,-0.298747779831985,-0.550131881614481,-0.257710814174216,-0.249389229615048,1.0239021794833,-0.0952474606224858,-0.310346192432797,-0.253997982685145
"k__Bacteria|p__Actinobacteria|c__Actinobacteria|o__Actinomycetales|f__Actinomycetaceae|g__Parascardovia|s__unclassified",-0.169147779609527,0.650350628518347,-0.272395048547874,-0.290889923778449,0.0646909039437438,-0.183966083711891,-0.284200009321078,-0.286676275148915,-0.221799567219011,-0.0234542870502578,-0.20548526833025,-0.275205746250043,-0.29102685841382,-0.276937936077322,-0.0195982397565451,-0.169197535092364,-0.243677586470907,-0.292553406124313,-0.180446142323096,0.113136337978521,-0.283816216345107,-0.280220636127988,-0.250102454699611,-0.28812819908731,-0.205445461125413,-0.249389229615048,-0.270778624631911,-0.177813061947657,-0.231225426263139,-0.180627363884502
"k__Bacteria|p__Actinobacteria|c__Actinobacteria|o__Actinomycetales|f__Actinomycetaceae|g__Actinomyces|s__unclassified",0.485250770480338,0.645157034165138,0.421969444315161,-0.290889923778449,-0.396827251727988,2.00632538814034,0.941733613175693,-0.286676275148915,0.262192184047353,-0.232403684014087,-0.20548526833025,-0.275205746250043,0.718026611750597,0.187341183537576,-0.271405390071787,0.654003658319671,1.36929615080168,-0.292553406124313,0.289226609837931,-0.15036888397957,0.929737589014806,0.479232951487691,0.134560966650271,-0.329379910037485,0.0451395603674559,-0.249389229615048,1.02453207024232,0.272450815527681,0.200031120328689,0.00308699357775457
"k__Bacteria|p__Actinobacteria|c__Actinobacteria|o__Bifidobacteriales|f__Bifidobacteriaceae|g__Bifidobacterium|s__unclassified",0.841638820154634,0.677687255435487,0.575427832198041,-0.290889923778449,-0.648317650114769,-0.183966083711891,-0.284200009321078,0.795475787527143,0.461858566536295,-0.505326976403281,1.84178197819211,1.30929231704264,0.990563399446168,0.47533119949035,-0.655346446803606,1.08814735195449,1.39690432681485,0.899638402949197,0.647762276429555,-0.0412109301249611,0.983709239915058,0.568332554289442,0.336811145807532,-0.337386568345619,-1.0437841536244,1.30758964924704,1.1107519820923,0.650526354043701,0.583932861223784,-0.40742560437258
"k__Bacteria|p__Actinobacteria|c__Actinobacteria|o__Bifidobacteriales|f__Bifidobacteriaceae|g__Bifidobacterium|s__adolescentis",0.890048331832634,0.667470349449259,1.40037632248456,0.704189605083841,-0.571309552582166,-0.183966083711891,0.941020544175826,0.783737224503897,0.773899178349011,-0.145828678121137,1.83550084192945,1.04971342546123,0.969433565496086,0.877672279161442,-0.389261042002663,1.08944893417522,1.38080827511849,0.685321564819982,0.834308624731434,-0.370167730838131,0.952377388142187,0.523768450473825,0.750330216714566,0.401184793332877,-0.109593040823376,1.32033925152008,1.07515427488367,0.730426581041344,0.861426125184807,0.12392112932604
"k__Bacteria|p__Cyanobacteria|c__4C0d-2|o__YS2|f__unclassified|g__unclassified|s__unclassified",-0.215456785986326,-0.290818138331897,-0.272395048547874,-0.290889923778449,0.180825614823144,-0.183966083711891,-0.284200009321078,-0.286676275148915,-0.282290644791692,-0.0220675552181684,-0.20548526833025,-0.275205746250043,-0.29102685841382,-0.343491063814009,0.0753912494366454,-0.223559985758305,-0.243677586470907,-0.292553406124313,-0.2572515085348,0.230108006258627,-0.283816216345107,-0.280220636127988,-0.321811020841366,-0.377816287861186,-0.0457667040616862,-0.249389229615048,-0.270778624631911,-0.20400626012023,-0.259413947094453,-0.0291219246433633
"k__Bacteria|p__Cyanobacteria|c__Chloroplast|o__Streptophyta|f__unclassified|g__unclassified|s__unclassified",-0.210445015854733,-0.290818138331897,-0.272395048547874,-0.290889923778449,0.17540654809653,-0.183966083711891,-0.284200009321078,-0.286676275148915,-0.302254089880707,-0.0676496287226961,-0.20548526833025,-0.275205746250043,-0.29102685841382,-0.351628488776423,0.119013668287219,-0.227083106161427,-0.243677586470907,-0.292553406124313,-0.21967244343519,0.249802063720494,-0.283816216345107,-0.280220636127988,-0.34481241059497,-0.42003410256142,0.141219651713718,-0.249389229615048,-0.270778624631911,-0.204934942001454,-0.323963721344349,-0.0238555069072111
"k__Bacteria|p__Fusobacteria|c__Fusobacteria|o__Fusobacteriales|f__Fusobacteriaceae|g__Fusobacterium|s__unclassified",-0.214758257467819,-0.290818138331897,-0.272395048547874,-0.290889923778449,0.0902235300755648,-0.183966083711891,-0.284200009321078,-0.286676275148915,-0.248090515928697,-0.0887760511145229,-0.20548526833025,-0.275205746250043,-0.29102685841382,-0.309306980000869,-0.00233281078985551,-0.239627338241896,-0.243677586470907,-0.292553406124313,-0.221410065960583,0.20314256900623,-0.283816216345107,-0.280220636127988,-0.278835729338875,-0.28810921317062,-0.261904951074143,-0.249389229615048,-0.270778624631911,-0.218165886369388,-0.233300402384832,-0.0875103815829096
"k__Bacteria|p__Fusobacteria|c__Fusobacteria|o__Fusobacteriales|f__Fusobacteriaceae|g__unclassified|s__unclassified",-0.22100843868366,-0.290818138331897,-0.272395048547874,-0.290889923778449,0.128098942936223,-0.183966083711891,-0.284200009321078,-0.286676275148915,-0.267184301019613,-0.0368977888193456,-0.20548526833025,-0.275205746250043,-0.29102685841382,-0.342174254394851,0.0549637023598959,-0.231943620362067,-0.243677586470907,-0.292553406124313,-0.24506516055717,0.180647232712858,-0.283816216345107,-0.280220636127988,-0.295422883600219,-0.340185069008107,0.0858172288310414,-0.249389229615048,-0.270778624631911,-0.206912597651615,-0.286450459482761,-0.0756163343901641
"k__Bacteria|p__Tenericutes|c__Mollicutes|o__RF39|f__unclassified|g__unclassified|s__unclassified",-0.216812462783515,-0.290818138331897,-0.272395048547874,-0.290889923778449,0.0498150338328425,-0.183966083711891,-0.284200009321078,-0.286676275148915,-0.235846451445271,-0.031514983235662,-0.20548526833025,-0.275205746250043,-0.29102685841382,-0.273019097442703,-0.0178602783373756,-0.254924350936877,-0.243677586470907,-0.292553406124313,-0.256074103566042,0.0903858801881947,-0.283816216345107,-0.280220636127988,-0.214628409811977,-0.206410796654374,-0.332389029558524,-0.249389229615048,-0.270778624631911,-0.199329526113152,-0.233990872228867,-0.111394936034357
"k__Bacteria|p__Verrucomicrobia|c__Verrucomicrobiae|o__Verrucomicrobiales|f__Verrucomicrobiaceae|g__Akkermansia|s__muciniphila",-0.19452988868079,-0.290818138331897,1.99836183847548,0.680752989841731,0.255762570033613,-0.183966083711891,-0.284200009321078,-0.286676275148915,0.228568236462146,0.547895776462431,-0.20548526833025,-0.275205746250043,-0.29102685841382,0.33983235958159,0.540524850642111,-0.320531674986053,-0.243677586470907,-0.292553406124313,0.0471479055642226,-0.253586782766914,-0.283816216345107,-0.280220636127988,0.366868507691098,0.955783282693812,1.33790196709118,-0.249389229615048,-0.270778624631911,-0.143305776351651,0.143232719626287,0.752157147894029
