#OTU ID,P000648.0,P000648.1,P000648.2,P000648.3,P000648.4,P005558.0,P005558.1,P005558.2,P005558.3,P005558.4,P008579.0,P008579.1,P008579.2,P008579.3,P008579.4,P015163.0,P015163.1,P015163.2,P015163.3,P015163.4,P016803.0,P016803.1,P016803.2,P016803.3,P016803.4,P019475.0,P019475.1,P019475.2,P019475.3,P019475.4
k__Bacteria|p__Firmicutes|c__Clostridia|o__Clostridiales|f__Clostridiaceae|g__Clostridium|s__perfringens,-0.24415836,-0.28112417,-0.2803824,-0.2806673,-0.28090292,-0.24421683,-0.28121278,-0.28091878,-0.28078547,-0.28029475,-0.24400803,-0.27520573,-0.28099412,-0.28841096,-0.28113365,-0.24401535,-0.2811355,-0.2925534,-0.28053343,-0.28078812,-0.24422064,-0.28113168,-0.28068355,-0.2807569,-0.28084654,-0.24407081,-0.28101242,-0.28071338,-0.28087753,-0.28097552
k__Bacteria|p__Firmicutes|c__Clostridia|o__Clostridiales|f__Veillonellaceae|g__Megamonas|s__unclassified,-0.24502158,-0.2817846,-0.28180215,-0.28148276,-0.28161168,-0.24498257,-0.28197834,-0.28174335,-0.28165752,-0.28029475,-0.24503802,-0.27520573,-0.28198826,-0.28841096,-0.28111452,-0.24401535,-0.28167742,-0.2925534,-0.2819966,-0.28161728,-0.2449941,-0.2818406,-0.28191593,-0.28172144,-0.2820623,-0.2449569,-0.28175777,-0.28148502,-0.2814442,-0.28185624
k__Bacteria|p__Firmicutes|c__Bacilli|o__Lactobacillales|f__Leuconostocaceae|g__Leuconostoc|s__unclassified,-0.24486083,-0.2813893,-0.28146,-0.2814241,-0.281456,-0.24530862,-0.28198162,-0.28156728,-0.28109962,-0.28029475,-0.24515334,-0.27520573,-0.28127548,-0.28841096,-0.28095806,-0.24401535,-0.2817797,-0.2925534,-0.2816651,-0.2813898,-0.2448102,-0.2815277,-0.28184968,-0.2816905,-0.2817388,-0.24494803,-0.28152627,-0.28155318,-0.2810228,-0.28153884
k__Bacteria|p__Firmicutes|c__Bacilli|o__Turicibacterales|f__Turicibacteraceae|g__Turicibacter|s__unclassified,-0.24457997,-0.28177255,-0.28197384,-0.28137416,-0.28157684,-0.2443872,-0.28155512,-0.28175724,-0.28159386,-0.28029475,-0.24450539,-0.27520573,-0.28203216,-0.28841096,-0.28132063,-0.24401535,-0.28128272,-0.2925534,-0.28185838,-0.2816116,-0.24462771,-0.2817039,-0.28165722,-0.2815297,-0.2817232,-0.24465242,-0.28156972,-0.28152275,-0.2815855,-0.28174913
k__Bacteria|p__Firmicutes|c__Clostridia|o__Clostridiales|f__Clostridiaceae|g__Peptoniphilus|s__asaccharolyticus,-0.24391243,-0.28058308,-0.28070492,-0.28073308,-0.28068125,-0.24393591,-0.2806533,-0.28069782,-0.2807179,-0.28029475,-0.24404056,-0.27520573,-0.28038007,-0.28841096,-0.28076583,-0.24401535,-0.2806399,-0.2925534,-0.28059644,-0.28079265,-0.24387631,-0.28064486,-0.28084075,-0.28076476,-0.28067833,-0.24405119,-0.2807985,-0.28080612,-0.28074747,-0.2806722
k__Bacteria|p__Firmicutes|c__Clostridia|o__Clostridiales|f__Lachnospiraceae|g__Lachnobacterium|s__unclassified,-0.24449965,-0.28195986,-0.28228074,-0.2822352,-0.2821981,-0.24421039,-0.2815383,-0.2817977,-0.2822603,-0.28029475,-0.24428311,-0.27520573,-0.282234,-0.28841096,-0.28227735,-0.24401535,-0.28143108,-0.2925534,-0.28225118,-0.28217924,-0.24455044,-0.28182817,-0.28188717,-0.28200907,-0.28209743,-0.2443904,-0.2819481,-0.28201658,-0.28207487,-0.28202033
k__Bacteria|p__Firmicutes|c__Clostridia|o__Clostridiales|f__Veillonellaceae|g__Megasphaera|s__micronuciformis,-0.2448748,-0.28264976,-0.28181255,-0.28165048,-0.28202003,-0.24455827,-0.28219372,-0.281872,-0.28166872,-0.28029475,-0.24464837,-0.27520573,-0.2832169,-0.28841096,-0.2821601,-0.24401535,-0.28276306,-0.2925534,-0.28162438,-0.2815926,-0.24502191,-0.2823375,-0.28149804,-0.28186807,-0.28191745,-0.24479449,-0.28203654,-0.28168732,-0.28162467,-0.28205207
k__Bacteria|p__Firmicutes|c__Clostridia|o__Clostridiales|f__Veillonellaceae|g__Selenomonas|s__unclassified,-0.24415576,-0.28074986,-0.28068072,-0.2806064,-0.28058046,-0.24415576,-0.28089312,-0.2808128,-0.28059858,-0.28029475,-0.24417213,-0.27520573,-0.28077585,-0.28841096,-0.2804568,-0.24401535,-0.28087452,-0.2925534,-0.28072572,-0.28058428,-0.244088,-0.28079844,-0.28077662,-0.2807203,-0.28076535,-0.2441807,-0.28066665,-0.2806986,-0.28059083,-0.28067148
k__Bacteria|p__Firmicutes|c__Clostridia|o__Clostridiales|f__Ruminococcaceae|g__Ruminococcus|s__bromii,-0.24439113,-0.28137586,-0.28154942,-0.28151935,-0.28142634,-0.24444929,-0.28142315,-0.2814793,-0.2813723,-0.28029475,-0.24432066,-0.27520573,-0.2815895,-0.28841096,-0.2809118,-0.24401535,-0.28132552,-0.2925534,-0.28175375,-0.28127164,-0.24443069,-0.28130466,-0.28149375,-0.28150654,-0.2815975,-0.24429166,-0.28125986,-0.2813859,-0.28115493,-0.28142065
k__Bacteria|p__Firmicutes|c__Erysipelotrichi|o__Erysipelotrichales|f__[Coprobacillaceae]|g__Catenibacterium|s__unclassified,-0.24430336,-0.28128755,-0.2818618,-0.2819593,-0.28215116,-0.24407978,-0.28116876,-0.2812091,-0.28176057,-0.28029475,-0.24422757,-0.27520573,-0.2815302,-0.28841096,-0.28240997,-0.24401535,-0.28152606,-0.2925534,-0.2820559,-0.28233945,-0.24408999,-0.28126478,-0.28157175,-0.28188318,-0.2818985,-0.24415684,-0.28148144,-0.28184378,-0.281547,-0.28184795
k__Bacteria|p__Firmicutes|c__Clostridia|o__Coriobacteriales|f__Coriobacteriaceae|g__Collinsella|s__aerofaciens,-0.24417922,-0.28090438,-0.28090507,-0.28090006,-0.28079385,-0.244216,-0.28102043,-0.28102785,-0.28075022,-0.28029475,-0.24418685,-0.27520573,-0.28084278,-0.28841096,-0.28074113,-0.24401535,-0.2809829,-0.2925534,-0.28085303,-0.2807629,-0.24417064,-0.28091842,-0.28088734,-0.28092402,-0.280892,-0.24418879,-0.2808606,-0.28100008,-0.28087407,-0.2808054
k__Bacteria|p__Firmicutes|c__Erysipelotrichi|o__Erysipelotrichales|f__Erysipelotrichaceae|g__Holdemania|s__unclassified,-0.24461347,-0.28197756,-0.2817732,-0.2816325,-0.2816649,-0.24459279,-0.28170225,-0.28172696,-0.28164774,-0.28029475,-0.24459818,-0.27520573,-0.2821693,-0.28841096,-0.28157368,-0.24401535,-0.28139725,-0.2925534,-0.28195065,-0.28159848,-0.24479987,-0.2818293,-0.28160682,-0.28161734,-0.28159004,-0.24463919,-0.28175497,-0.28169683,-0.2817967,-0.28182417
k__Bacteria|p__Firmicutes|c__Bacilli|o__Bacillales|f__Staphylococcaceae|g__Staphylococcus|s__unclassified,-0.24396038,-0.28047544,-0.28060818,-0.28037208,-0.2805528,-0.2439676,-0.28071612,-0.28050566,-0.28034985,-0.28029475,-0.24406682,-0.27520573,-0.2808107,-0.28841096,-0.28018844,1.4135164,-0.28053838,-0.2925534,-0.2808646,-0.28060043,-0.24383289,-0.2805686,-0.2807263,-0.2806124,-0.2807727,-0.24400648,-0.28058848,-0.28050828,-0.28027457,-0.28071567
k__Bacteria|p__Firmicutes|c__Bacilli|o__Lactobacillales|f__unclassified|g__unclassified|s__unclassified,-0.2433113,-0.2803282,-0.2804533,-0.28037897,-0.28037894,-0.24316137,-0.2800783,-0.28034872,-0.2805267,-0.28029475,-0.24321581,-0.27520573,-0.28047302,-0.28841096,-0.28037024,1.4131238,-0.2799242,-0.2925534,-0.2805422,-0.28035274,-0.24344608,-0.2802385,-0.28016746,-0.28023887,-0.2802673,-0.24329938,-0.28032225,-0.28028458,-0.28040248,-0.28033036
k__Bacteria|p__Firmicutes|c__Bacilli|o__Lactobacillales|f__Lactobacillaceae|g__Pediococcus|s__unclassified,-0.24419457,-0.28062958,-0.2807658,-0.2808972,-0.28107464,-0.24429142,-0.28100592,-0.28139627,-0.28122473,-0.28029475,-0.2439143,-0.27520573,-0.28055936,-0.28841096,-0.2812569,-0.24401535,-0.28107095,-0.2925534,-0.2812602,-0.28147662,-0.24405098,-0.28074777,-0.2808599,-0.28080297,-0.28070503,-0.2441194,-0.28023475,-0.2808567,-0.28089696,-0.2810203
k__Bacteria|p__Firmicutes|c__Clostridia|o__Clostridiales|f__Veillonellaceae|g__Dialister|s__invisus,-0.18480843,-0.21321926,-0.21292739,-0.21300992,-0.21356058,-0.1852607,-0.21332449,-0.21327776,-0.21289906,0.44073364,-0.18500073,-0.27520573,-0.21280855,-0.28841096,-0.21335855,-0.24401535,-0.21326366,-0.2925534,-0.21343723,-0.2134096,-0.18493599,-0.21332926,-0.21302253,-0.21322182,-0.21331747,-0.18519717,-0.21331587,-0.2133731,-0.21278146,-0.21315105
k__Bacteria|p__Firmicutes|c__Erysipelotrichi|o__Erysipelotrichales|f__[Coprobacillaceae]|g__Coprobacillus|s__unclassified,-0.24409169,-0.28093648,-0.28013045,-0.28024265,-0.28074902,-0.24410912,-0.28084087,-0.2807622,-0.28078043,0.43889052,-0.24376601,-0.27520573,-0.28096646,-0.28841096,-0.280272,-0.24401535,-0.28070047,-0.2925534,-0.28100318,-0.28082174,-0.24399802,-0.2809131,-0.28059167,-0.28037137,-0.28079203,-0.243857,-0.28056276,-0.28024012,-0.2807979,-0.28099686
k__Bacteria|p__Firmicutes|c__Clostridia|o__Clostridiales|f__Veillonellaceae|g__Megasphaera|s__geminatus,-0.24381873,-0.2801001,-0.27967703,-0.27988136,-0.2800387,-0.24440554,-0.28059703,-0.2799769,-0.27967122,0.45020273,-0.24407811,-0.27520573,-0.2798013,-0.28841096,-0.27930683,-0.24401535,-0.28065163,-0.2925534,-0.28022575,-0.27987587,-0.24365285,-0.2801839,-0.2805242,-0.28017095,-0.28028002,-0.24381755,-0.2802317,-0.27997217,-0.27973574,-0.28010634
k__Bacteria|p__Firmicutes|c__Bacilli|o__Lactobacillales|f__Streptococcaceae|g__unclassified|s__unclassified,-0.24391162,-0.28095913,-0.28077564,-0.28069955,-0.28118366,-0.24395344,-0.28092223,-0.28107205,-0.28092158,-0.28029475,-0.24376123,0.96965027,-0.28120065,-0.28841096,-0.28056565,-0.24401535,-0.28089023,-0.2925534,-0.2813835,-0.28095222,-0.24380842,-0.2809679,-0.2807191,-0.28064477,-0.2812122,-0.24400815,-0.28056002,-0.28069156,-0.28079033,-0.28105217
k__Bacteria|p__Firmicutes|c__Bacilli|o__Lactobacillales|f__Lactobacillaceae|g__Lactobacillus|s__zeae,-0.15500996,-0.17863926,-0.17940615,-0.17878988,-0.17898045,-0.1552133,-0.17887773,-0.17941907,-0.17867498,-0.28029475,-0.15500505,1.0796187,-0.17889318,-0.28841096,-0.17830038,1.4236665,-0.17861186,-0.2925534,-0.17980129,-0.1788728,-0.15508315,-0.17863408,-0.17859323,-0.1788072,-0.17884591,-0.15518673,-0.17845193,-0.1790117,-0.17821182,-0.17864275
k__Bacteria|p__Firmicutes|c__Bacilli|o__Gemellales|f__Gemellaceae|g__unclassified|s__unclassified,-0.24462655,-0.28169468,-0.2819478,-0.28184628,-0.28160486,-0.2446945,-0.28162286,-0.28161114,-0.28172594,-0.28029475,-0.2446332,-0.27520573,-0.28163326,-0.28841096,-0.28131163,-0.24401535,-0.28128475,-0.2925534,-0.2819237,-0.281524,-0.24471387,-0.28160667,-0.28184006,-0.2817306,-0.28176743,-0.24454047,-0.281766,-0.28169912,-0.28164235,-0.28156915
k__Bacteria|p__Firmicutes|c__Clostridia|o__Clostridiales|f__Veillonellaceae|g__Veillonella|s__unclassified,-0.24313885,-0.27976948,-0.279716,-0.27987537,-0.2801273,-0.24334504,-0.2799601,-0.2798664,-0.2797982,-0.28029475,-0.24336064,0.97,-0.2796005,-0.28841096,-0.28014866,-0.24401535,-0.279869,0.855272,-0.27986258,-0.28011033,-0.24313547,-0.2798205,-0.28000432,-0.2799508,-0.27992946,-0.24327496,-0.28017044,-0.27996504,-0.27985245,-0.28010696
k__Bacteria|p__Firmicutes|c__Clostridia|o__Clostridiales|f__Veillonellaceae|g__Phascolarctobacterium|s__unclassified,-0.2430932,-0.28002244,-0.2798915,-0.27995974,-0.27998638,-0.2429648,-0.27981025,-0.27989608,-0.2798891,-0.28029475,-0.24305618,-0.27520573,-0.28012818,0.4275708,-0.2801676,-0.24401535,-0.280015,-0.2925534,-0.2798214,-0.27989495,-0.24311797,-0.27993542,-0.279687,-0.27986246,-0.2798326,-0.24310893,-0.2799045,-0.27998278,-0.2800647,-0.27992356
k__Bacteria|p__Firmicutes|c__Bacilli|o__Lactobacillales|f__Lactobacillaceae|g__Lactobacillus|s__unclassified,-0.24497384,-0.2814981,-0.28196776,-0.28186458,-0.28150028,-0.24476954,-0.28181648,-0.28166538,-0.28176194,-0.28029475,-0.24475268,1.156583,-0.28174302,-0.28841096,-0.28096265,-0.24401535,-0.2821784,-0.2925534,-0.2820716,-0.28144407,-0.24473232,-0.28143835,-0.28167295,-0.2816949,-0.28202713,-0.24450281,-0.28118506,-0.28147194,-0.2814365,-0.28140682
k__Bacteria|p__Firmicutes|c__Clostridia|o__Clostridiales|f__Lachnospiraceae|g__Blautia|s__producta,-0.24437368,-0.28127182,-0.28133428,-0.28133348,-0.28125522,-0.24436805,-0.28133523,-0.28132242,-0.28124416,-0.28029475,-0.24444148,-0.27520573,-0.28128767,-0.28841096,-0.28118703,-0.24401535,-0.2811491,-0.2925534,-0.28135562,-0.2812389,-0.24439377,-0.28125155,-0.28137583,-0.28130895,-0.28131938,-0.2444183,-0.28135404,-0.28134724,-0.28130257,-0.28131074
k__Bacteria|p__Firmicutes|c__Bacilli|o__Lactobacillales|f__Carnobacteriaceae|g__Granulicatella|s__unclassified,0.36425334,0.41855872,0.4181761,0.41901228,0.41950852,0.36462295,0.41936463,0.41876537,0.4185825,0.442267,0.36450362,1.2089496,0.4184797,0.4281994,0.41946602,1.4367862,0.4201663,-0.2925534,0.41930515,0.41945714,0.3637655,0.41877723,0.41906857,0.41931176,0.41931626,0.36435872,0.41877332,0.41912264,0.41809493,0.41917214
k__Bacteria|p__Firmicutes|c__Bacilli|o__Lactobacillales|f__Enterococcaceae|g__Enterococcus|s__unclassified,-0.13013938,-0.15060334,-0.15041152,-0.1501266,-0.1502873,-0.13001433,-0.15032297,-0.15028438,-0.15005733,-0.28029475,-0.12995127,0.9897393,-0.15132023,-0.28841096,-0.14984408,1.4143008,-0.14975038,-0.2925534,-0.15120244,-0.15000665,-0.13028425,-0.15038592,-0.15004247,-0.15005766,-0.15020098,-0.13035364,-0.15017712,-0.15030514,-0.14995602,-0.15010211
k__Bacteria|p__Firmicutes|c__Clostridia|o__Coriobacteriales|f__Coriobacteriaceae|g__Slackia|s__unclassified,-0.24501497,-0.28210464,-0.28225684,-0.2820938,-0.28237724,-0.24515069,-0.28201446,-0.28216502,-0.282063,-0.28029475,-0.24528125,-0.27520573,-0.2822347,-0.28841096,-0.28160265,-0.24401535,-0.28165433,-0.2925534,-0.2828364,-0.28223118,-0.24507964,-0.28201014,-0.28217036,-0.28210682,-0.28242618,-0.24510822,-0.28223237,-0.28211755,-0.28210276,-0.28257814
k__Bacteria|p__Firmicutes|c__Clostridia|o__Clostridiales|f__Lachnospiraceae|g__Blautia|s__obeum,-0.24520272,-0.28208297,-0.28250355,-0.28240544,-0.28211385,-0.244948,-0.28210434,-0.2820627,-0.28233594,-0.28029475,-0.24529454,-0.27520573,-0.28222996,-0.28841096,-0.28225145,-0.24401535,-0.28211996,-0.2925534,-0.28230852,-0.28234378,-0.24522676,-0.282162,-0.28229535,-0.2825091,-0.2823985,-0.2450777,-0.28239667,-0.2823488,-0.28211236,-0.2822173
k__Bacteria|p__Firmicutes|c__Bacilli|o__unclassified|f__unclassified|g__unclassified|s__unclassified,-0.24435031,-0.2814931,-0.28212145,-0.28188944,-0.28196356,-0.24424364,-0.28110802,-0.28171393,-0.28212968,-0.28029475,-0.24421176,-0.27520573,-0.28172302,-0.28841096,-0.28183272,-0.24401535,-0.28117624,-0.2925534,-0.2822423,-0.28210026,-0.24448308,-0.2814623,-0.2815519,-0.2817724,-0.28165752,-0.2442911,-0.2816349,-0.28175947,-0.28173488,-0.28173012
k__Bacteria|p__Firmicutes|c__Bacilli|o__Lactobacillales|f__Enterococcaceae|g__unclassified|s__unclassified,-0.24518004,-0.2814507,-0.2815709,-0.28187388,-0.28167933,-0.24526146,-0.28207695,-0.2815975,-0.2816836,-0.28029475,-0.24521515,-0.27520573,-0.28142577,-0.28841096,-0.28179216,-0.24401535,-0.28155977,-0.2925534,-0.2818772,-0.281977,-0.24499132,-0.2816425,-0.2820518,-0.28184947,-0.28197008,-0.24498719,-0.281633,-0.28181392,-0.28187376,-0.28194815
k__Bacteria|p__Firmicutes|c__Clostridia|o__Clostridiales|f__Ruminococcaceae|g__Ruminococcus|s__unclassified,0.16219628,0.18729953,0.18724227,0.18731281,0.18756306,0.1621446,0.18689242,0.18730554,0.18748656,0.44287968,0.16210926,-0.27520573,0.1876025,0.54659045,0.1873571,-0.24401535,0.18741885,0.7302128,0.18773058,0.1872898,0.16233385,0.18699694,0.18682784,0.186997,0.18694988,0.16216737,0.18713856,0.18705678,0.1871603,0.18716542
k__Bacteria|p__Firmicutes|c__Bacilli|o__Lactobacillales|f__Streptococcaceae|g__Streptococcus|s__unclassified,0.5144324,0.591968,0.59179425,0.5916766,0.5919725,0.5146141,0.5920703,0.5919781,0.5917753,0.43796766,0.5144656,0.9800915,0.59205365,0.43133658,0.59158826,1.4371694,0.59211373,0.5929049,0.5920063,0.5919497,0.5145389,0.5919715,0.59190154,0.5919469,0.592036,0.51432526,0.5918659,0.5917095,0.59168804,0.59220314
k__Bacteria|p__Firmicutes|c__Bacilli|o__Lactobacillales|f__Lactobacillaceae|g__unclassified|s__unclassified,-0.24509165,-0.28243005,-0.28239495,-0.28256583,-0.2829162,-0.24540585,-0.28213286,-0.2819821,-0.28245348,-0.28029475,-0.24515252,-0.27520573,-0.2822678,-0.28841096,-0.28273726,-0.24401535,-0.28225806,-0.2925534,-0.28305644,-0.28283373,-0.24505275,-0.28242445,-0.2823022,-0.28253856,-0.28253895,-0.24513844,-0.28261757,-0.28260183,-0.282273,-0.28243336
k__Bacteria|p__Firmicutes|c__Clostridia|o__Clostridiales|f__Clostridiaceae|g__unclassified|s__unclassified,-0.21755657,-0.2504511,-0.25055388,-0.25051218,-0.25065464,-0.21750379,-0.250374,-0.25045496,-0.25041103,-0.28029475,-0.21755347,-0.27520573,-0.25063866,0.42694178,-0.2506377,-0.24401535,-0.2505932,0.5837347,-0.25062114,-0.25062153,-0.21758309,-0.25042254,-0.25029984,-0.25056973,-0.25056732,-0.21750042,-0.25042063,-0.2505626,-0.2504283,-0.25062472
k__Bacteria|p__Firmicutes|c__Clostridia|o__Clostridiales|f__Lachnospiraceae|g__Blautia|s__unclassified,0.84915006,0.97675395,0.9771798,0.97745454,0.9774213,0.8495573,0.9772373,0.9769276,0.9769106,0.96904236,0.8493846,1.0853226,0.97658575,0.9779028,0.976991,-0.24401535,0.97737205,1.136724,0.97768617,0.9773146,0.8489921,0.9767874,0.9773036,0.97743845,0.97746277,0.84897435,0.9770667,0.977339,0.9767375,0.97718954
k__Bacteria|p__Firmicutes|c__Clostridia|o__Clostridiales|f__Lachnospiraceae|g__[Ruminococcus]|s__unclassified,0.15267551,0.1758655,0.17596522,0.17604706,0.17610884,0.15276209,0.17603576,0.17570978,0.17563927,0.44058016,0.15269952,-0.27520573,0.1761131,0.43070993,0.1752961,-0.24401535,0.1758914,0.6351787,0.17629644,0.17564063,0.15255547,0.1758082,0.1762954,0.17614886,0.17663562,0.15272167,0.17580783,0.17588206,0.17527151,0.17597622
k__Bacteria|p__Firmicutes|c__Clostridia|o__Clostridiales|f__Veillonellaceae|g__Veillonella|s__parvula,-0.17314091,-0.19924755,-0.1995429,-0.19939137,-0.19935045,-0.17318407,-0.19925186,-0.19936052,-0.19929698,0.4460901,-0.17325124,-0.27520573,-0.19925982,-0.28841096,-0.19907972,-0.24401535,-0.19935603,0.59914196,-0.19953427,-0.19936211,-0.17315668,-0.19915065,-0.19947036,-0.19940338,-0.1993268,-0.17313012,-0.19932902,-0.1993688,-0.19929087,-0.19936271
k__Bacteria|p__Firmicutes|c__Clostridia|o__Coriobacteriales|f__unclassified|g__unclassified|s__unclassified,0.3945022,0.45435017,0.45428097,0.45423478,0.45429647,0.39433014,0.45416343,0.45442805,0.4541872,0.4544499,0.3941757,0.9646522,0.45478547,0.43695882,0.45399868,-0.24401535,0.45417994,0.6082736,0.45456147,0.45397854,0.39456797,0.45414925,0.4539473,0.45408902,0.45421487,0.39440894,0.4539976,0.45420277,0.45418572,0.4541399
k__Bacteria|p__Firmicutes|c__Clostridia|o__Clostridiales|f__Ruminococcaceae|g__Faecalibacterium|s__prausnitzii,-0.16978997,-0.19510132,-0.19476163,-0.19538122,-0.19534516,-0.17000443,-0.19545469,-0.19490103,-0.19516942,-0.28029475,-0.16999735,-0.27520573,-0.19469693,0.6693674,-0.19554773,-0.24401535,-0.19597799,0.55474985,-0.19508648,-0.19517678,-0.16960122,-0.19511151,-0.19514737,-0.19522408,-0.19521797,-0.16968846,-0.19539288,-0.19517311,-0.19505751,-0.19502056
k__Bacteria|p__Firmicutes|c__Erysipelotrichi|o__Erysipelotrichales|f__Erysipelotrichaceae|g__[Eubacterium]|s__biforme,-0.24321714,-0.27975458,-0.27988327,-0.27968454,-0.28030688,-0.24329253,-0.28001264,-0.2802267,-0.2796548,-0.28029475,-0.24323899,-0.27520573,-0.28039464,-0.28841096,-0.27932972,-0.24401535,-0.2795624,0.583217,-0.2807987,-0.28019214,-0.24326155,-0.27985442,-0.2798146,-0.27997768,-0.2805413,-0.24320555,-0.27971023,-0.27993637,-0.27977222,-0.28067005
k__Bacteria|p__Firmicutes|c__Clostridia|o__Clostridiales|f__Lachnospiraceae|g__unclassified|s__unclassified,0.1902562,0.2192242,0.21853459,0.21857667,0.21905239,0.19013783,0.21921375,0.21915427,0.21868497,0.5415159,0.19005805,0.9647401,0.21962325,0.8643401,0.21857163,-0.24401535,0.21946812,0.73173153,0.21929821,0.21870443,0.19025522,0.21892756,0.218754,0.21863152,0.21886581,0.19029813,0.21882829,0.21870935,0.2188615,0.21901126
k__Bacteria|p__Firmicutes|c__Clostridia|o__Clostridiales|f__Lachnospiraceae|g__Coprococcus|s__unclassified,-0.08300842,-0.09512061,-0.09434824,-0.09520746,-0.095219344,-0.08347848,-0.09579259,-0.09494321,-0.09462785,0.44639534,-0.0832232,-0.27520573,-0.09486386,0.51309866,-0.095468596,-0.24401535,-0.09633514,-0.2925534,-0.094601855,-0.0948482,-0.08276505,-0.09536815,-0.09511083,-0.09537856,-0.09535822,-0.083158985,-0.09496009,-0.09521638,-0.09436193,-0.09497582
k__Bacteria|p__Firmicutes|c__Bacilli|o__Lactobacillales|f__Streptococcaceae|g__Lactococcus|s__unclassified,0.37602702,0.43261927,0.43280363,0.43279603,0.43283647,0.37608698,0.43268436,0.43267736,0.4327252,0.44318587,0.37608778,1.0899864,0.43265942,0.4332142,0.4325841,-0.24401535,0.43288136,-0.2925534,0.43297052,0.43283617,0.3759699,0.43260944,0.43279412,0.43285114,0.4328739,0.37594903,0.43265948,0.43273085,0.43256694,0.4328187
k__Bacteria|p__Firmicutes|c__Clostridia|o__Clostridiales|f__Lachnospiraceae|g__Roseburia|s__unclassified,-0.24369347,-0.2799604,-0.28051525,-0.28006792,-0.28023696,-0.24315688,-0.28036854,-0.28060162,-0.28033173,-0.28029475,-0.2436082,-0.27520573,-0.2806349,0.5188548,-0.28038666,-0.24401535,-0.28014317,-0.2925534,-0.28062785,-0.28069788,-0.2434626,-0.280213,-0.28001586,-0.280186,-0.28049195,-0.24373144,-0.27982554,-0.2802734,-0.28020328,-0.28054345
k__Bacteria|p__Firmicutes|c__Clostridia|o__Clostridiales|f__Ruminococcaceae|g__Faecalibacterium|s__unclassified,-0.15694922,-0.18047166,-0.1804499,-0.18039054,-0.18019536,-0.15680832,-0.18062325,-0.18060905,-0.18033117,0.43981248,-0.15690956,-0.27520573,-0.18075997,0.544355,-0.18001997,-0.24401535,-0.18095988,-0.2925534,-0.18067545,-0.18002987,-0.15695542,-0.1803694,-0.18022072,-0.18039045,-0.18031806,-0.15682422,-0.1802876,-0.18033096,-0.1800251,-0.1801151
k__Bacteria|p__Firmicutes|c__Erysipelotrichi|o__Erysipelotrichales|f__Erysipelotrichaceae|g__[Eubacterium]|s__dolichum,-0.21127918,-0.243238,-0.2425828,-0.24288222,-0.2435233,-0.21169412,-0.24338564,-0.2426867,-0.24280271,0.46244007,-0.2116015,-0.27520573,-0.24281868,-0.28841096,-0.24370958,-0.24401535,-0.24366161,0.56577057,-0.2424509,-0.24354687,-0.21126533,-0.24338517,-0.2433809,-0.2433683,-0.24330384,-0.21144733,-0.24381077,-0.2431264,-0.2430563,-0.24355897
k__Bacteria|p__Firmicutes|c__Clostridia|o__Coriobacteriales|f__Coriobacteriaceae|g__Eggerthella|s__lenta,-0.08064368,-0.092965245,-0.09297204,-0.09285402,-0.09290011,-0.08031431,-0.09287515,-0.0930699,-0.093279526,0.4529351,-0.08049956,-0.27520573,-0.09359864,0.44625956,-0.09292705,-0.24401535,-0.093105346,-0.2925534,-0.0934812,-0.09285997,-0.08080633,-0.09288908,-0.09256154,-0.092776194,-0.09281075,-0.08058384,-0.09264307,-0.0926345,-0.09261064,-0.09285763
k__Bacteria|p__Firmicutes|c__Clostridia|o__Clostridiales|f__Lachnospiraceae|g__Dorea|s__unclassified,0.374543,0.43132466,0.43144852,0.4314732,0.43179005,0.37450454,0.4311508,0.43132955,0.43101996,0.43981248,0.37470767,-0.27520573,0.43174726,0.43133658,0.43147922,-0.24401535,0.43168902,0.56798124,0.43160072,0.43142423,0.3745532,0.43108225,0.43120268,0.43150768,0.43153912,0.3746614,0.43120638,0.4315325,0.4311468,0.43171394
k__Bacteria|p__Firmicutes|c__Erysipelotrichi|o__Erysipelotrichales|f__[Coprobacillaceae]|g__unclassified|s__unclassified,0.46697605,0.5382603,0.53735775,0.53755736,0.53810745,0.46702695,0.5379052,0.5374497,0.53735554,0.56888616,0.46700674,-0.27520573,0.5386966,0.42882764,0.53781605,1.4135164,0.5385627,0.63271767,0.53771436,0.5375268,0.4671934,0.53781545,0.5374344,0.5377002,0.5377885,0.4668318,0.5378754,0.5374119,0.537386,0.5381472
k__Bacteria|p__Firmicutes|c__Clostridia|o__unclassified|f__unclassified|g__unclassified|s__unclassified,0.3984931,0.45881343,0.45861787,0.45836595,0.45903796,0.39834118,0.45875353,0.45881724,0.45880353,0.45732164,0.3984688,-0.27520573,0.4587356,0.45913693,0.45933664,1.4131238,0.4590274,0.675171,0.45873895,0.4592107,0.39860892,0.458803,0.45842963,0.4586165,0.45875168,0.39849073,0.4588908,0.45859852,0.4588703,0.45904166
k__Bacteria|p__Firmicutes|c__Clostridia|o__Clostridiales|f__Lachnospiraceae|g__Lachnospira|s__unclassified,-0.0319316,-0.03657698,-0.036573872,-0.036614228,-0.036575668,-0.03199128,-0.03684771,-0.036804963,-0.03653124,-0.28029475,-0.03184371,-0.27520573,-0.03652384,0.42694178,-0.036375992,-0.24401535,-0.03665369,0.70660114,-0.036748048,-0.03655749,-0.03185363,-0.036633246,-0.036623962,-0.036581464,-0.03677848,-0.031843144,-0.036436398,-0.036641017,-0.03662701,-0.036604825
k__Bacteria|p__Firmicutes|c__Clostridia|o__Clostridiales|f__Clostridiaceae|g__Clostridium|s__unclassified,-0.24350941,-0.28005812,-0.2802733,-0.28034768,-0.28030646,-0.24365419,-0.2804019,-0.28038928,-0.2802317,-0.28029475,-0.2437761,-0.27520573,-0.27988935,-0.28841096,-0.28034008,-0.24401535,-0.2804209,0.5714453,-0.28017855,-0.2804099,-0.24350101,-0.28015852,-0.28052855,-0.28046218,-0.2803067,-0.24369848,-0.28033805,-0.2803898,-0.28006494,-0.28035092
k__Bacteria|p__Firmicutes|c__Clostridia|o__Clostridiales|f__Ruminococcaceae|g__unclassified|s__unclassified,0.49190223,0.56622106,0.56633484,0.56577563,0.56635034,0.49174786,0.5662446,0.5668118,0.56602216,0.4770483,0.49165845,-0.27520573,0.5668094,0.56703556,0.5659076,1.4186043,0.5660317,0.5769838,0.5667093,0.56637883,0.492013,0.5661664,0.56590885,0.56600904,0.56615376,0.49201548,0.5659226,0.5661971,0.5661881,0.5664982
k__Bacteria|p__Firmicutes|c__Clostridia|o__Clostridiales|f__Peptostreptococcaceae|g__unclassified|s__unclassified,-0.24419421,-0.2808181,-0.2806899,-0.28074536,-0.2807905,-0.24433592,-0.28102317,-0.28075457,-0.28065884,-0.28029475,-0.24425995,0.9646522,-0.2807262,-0.28841096,-0.28072703,-0.24401535,-0.28096902,-0.2925534,-0.2807634,-0.2807587,-0.24414757,-0.28086567,-0.28089753,-0.28083813,-0.28089696,-0.24417861,-0.28083268,-0.28077063,-0.28065956,-0.28082627
k__Bacteria|p__Firmicutes|c__Clostridia|o__Clostridiales|f__Lachnospiraceae|g__[Ruminococcus]|s__gnavus,0.14941046,0.17196652,0.17203376,0.17212942,0.17280066,0.14934611,0.17228696,0.17262518,0.1723842,0.5434564,0.14930728,-0.27520573,0.17213765,0.43070993,0.1724678,-0.24401535,0.17179075,0.6081726,0.17350256,0.17302062,0.14945215,0.17212343,0.17177391,0.17227267,0.17262149,0.1493285,0.17232841,0.17244256,0.172136,0.17274521
k__Bacteria|p__Firmicutes|c__Clostridia|o__Clostridiales|f__unclassified|g__unclassified|s__unclassified,0.11182825,0.12987864,0.13007718,0.1301656,0.13029855,0.111826286,0.12901697,0.12969503,0.13015142,0.44027317,0.11184479,-0.27520573,0.12986633,0.45730743,0.13086185,-0.24401535,0.12832968,0.5636606,0.13039799,0.13041446,0.11212004,0.1297262,0.12964807,0.12982856,0.12938643,0.11233743,0.13002902,0.1303504,0.13018328,0.1299792
k__Bacteria|p__Firmicutes|c__Clostridia|o__Clostridiales|f__Ruminococcaceae|g__Oscillospira|s__unclassified,0.3858108,0.4441378,0.44394085,0.4439476,0.4445878,0.38586658,0.44410658,0.44410098,0.44409174,0.44807237,0.38579845,-0.27520573,0.4444437,0.44440633,0.44440043,-0.24401535,0.44421726,0.7037593,0.44438457,0.44451013,0.385787,0.44416547,0.443994,0.44412833,0.44432402,0.3858822,0.4441817,0.44404775,0.4439879,0.44457045
k__Bacteria|p__Firmicutes|c__Clostridia|o__Clostridiales|f__Veillonellaceae|g__unclassified|s__unclassified,-0.238902,-0.27493674,-0.27476192,-0.27465868,-0.274858,-0.23862824,-0.27502316,-0.2751748,-0.27484268,1.9033376,-0.23856445,-0.27520573,-0.27527863,-0.28841096,-0.27470246,-0.24401535,-0.2749943,0.6980513,-0.2750118,-0.27480265,-0.23878887,-0.274998,-0.2744364,-0.27456275,-0.2750935,-0.23877752,-0.27436483,-0.27471054,-0.27499938,-0.27489328
k__Bacteria|p__Firmicutes|c__Clostridia|o__Clostridiales|f__Veillonellaceae|g__Veillonella|s__dispar,0.2669538,0.30714136,0.30718952,0.30725545,0.3073912,0.26715398,0.3073711,0.30730236,0.30720633,0.4657381,0.2673655,0.9652673,0.306858,-0.28841096,0.30726314,-0.24401535,0.3072266,0.6585014,0.30749398,0.30747336,0.2669105,0.3073015,0.30753726,0.30745745,0.30748016,0.26727432,0.30751854,0.3074377,0.30702302,0.30743766
k__Bacteria|p__Firmicutes|c__Clostridia|o__Clostridiales|f__Lachnospiraceae|g__Coprococcus|s__eutactus,-0.24347731,-0.2797847,-0.27954698,-0.27971745,-0.27940935,-0.2436361,-0.2801922,-0.27977943,-0.2793923,-0.28029475,-0.24354473,-0.27520573,-0.27968794,0.42568257,-0.27920654,-0.24401535,-0.28034735,-0.2925534,-0.27964497,-0.279235,-0.2432963,-0.27981895,-0.27985328,-0.27976727,-0.27978042,-0.2434228,-0.27954406,-0.27972052,-0.2793799,-0.27942222
k__Bacteria|p__Firmicutes|c__Clostridia|o__Clostridiales|f__Lachnospiraceae|g__Anaerostipes|s__unclassified,-0.24286613,-0.27919292,-0.27931482,-0.27929774,-0.2792587,-0.24302295,-0.2792976,-0.27924532,-0.27909756,-0.28029475,-0.24300274,-0.27520573,-0.2789017,0.4300829,-0.27906653,-0.24401535,-0.27945647,-0.2925534,-0.2791685,-0.27924466,-0.24268973,-0.2792137,-0.27949205,-0.27935064,-0.27938133,-0.24291515,-0.27921295,-0.2793638,-0.27925873,-0.27925277
k__Bacteria|p__Firmicutes|c__Clostridia|o__Coriobacteriales|f__Coriobacteriaceae|g__unclassified|s__unclassified,-0.24290425,-0.27976203,-0.27956253,-0.2800333,-0.28013292,-0.24279952,-0.2795786,-0.27956724,-0.27985734,-0.28029475,-0.24276897,-0.27520573,-0.280186,0.48321578,-0.28008133,-0.24401535,-0.28016287,-0.2925534,-0.2801141,-0.27976108,-0.2428039,-0.2795989,-0.2793603,-0.279729,-0.27985942,-0.24274299,-0.27949238,-0.2797018,-0.27956775,-0.27980512
k__Bacteria|p__Firmicutes|c__Clostridia|o__Clostridiales|f__Lachnospiraceae|g__Roseburia|s__faecis,-0.1968825,-0.22602753,-0.22500034,-0.22601631,-0.2265823,-0.19727813,-0.22671774,-0.22581232,-0.22569445,-0.28029475,-0.19688559,-0.27520573,-0.22561423,-0.28841096,-0.22677627,-0.24401535,-0.22719648,0.55549544,-0.22556007,-0.22642434,-0.19663706,-0.22611648,-0.22637607,-0.22629082,-0.22640541,-0.19677089,-0.22637677,-0.22611758,-0.22611311,-0.22647272
k__Bacteria|p__Firmicutes|c__Clostridia|o__Coriobacteriales|f__Coriobacteriaceae|g__Collinsella|s__unclassified,-0.09369246,-0.10753304,-0.10711994,-0.10730599,-0.10752995,-0.09385878,-0.10785335,-0.10762142,-0.10742797,-0.28029475,-0.093583465,-0.27520573,-0.10738486,0.49562883,-0.10762386,-0.24401535,-0.10783358,0.68765664,-0.107366964,-0.10772843,-0.09353195,-0.10777648,-0.10749084,-0.10747625,-0.107595384,-0.09365393,-0.107378006,-0.10747584,-0.10753706,-0.10760334
k__Bacteria|p__Bacteroidetes|c__Bacteroidia|o__Bacteroidales|f__S24-7|g__unclassified|s__unclassified,-0.2453601,-0.2815642,-0.28245354,-0.2825833,-0.2820031,-0.24530284,-0.28187004,-0.28188628,-0.28276533,-0.28029475,-0.24560043,-0.27520573,-0.2816139,-0.28841096,-0.2820074,-0.24401535,-0.2817313,-0.2925534,-0.28290147,-0.28251284,-0.24517247,-0.28174335,-0.28244084,-0.28231496,-0.2821192,-0.2450714,-0.2821734,-0.282121,-0.28212857,-0.28208762
k__Bacteria|p__Bacteroidetes|c__Bacteroidia|o__Bacteroidales|f__Bacteroidaceae|g__Bacteroides|s__plebeius,-0.24450769,-0.2813502,-0.281211,-0.28145275,-0.28132835,-0.24464595,-0.28146923,-0.28117308,-0.281231,-0.28029475,-0.24465545,-0.27520573,-0.2813012,-0.28841096,-0.2813462,-0.24401535,-0.2815982,-0.2925534,-0.28137755,-0.2811709,-0.24450125,-0.28125492,-0.28137255,-0.28135788,-0.28122398,-0.2444717,-0.2814818,-0.2813309,-0.28116918,-0.28121334
k__Bacteria|p__Bacteroidetes|c__Bacteroidia|o__Bacteroidales|f__Bacteroidaceae|g__Bacteroides|s__caccae,-0.2442864,-0.28100315,-0.28117713,-0.28114533,-0.28102207,-0.24423689,-0.28106543,-0.28111202,-0.28108042,-0.28029475,-0.24428418,-0.27520573,-0.28096646,-0.28841096,-0.28106552,-0.24401535,-0.2809716,-0.2925534,-0.28108993,-0.28108868,-0.24424553,-0.28106332,-0.2811318,-0.28114223,-0.28113413,-0.24430819,-0.28107,-0.28119588,-0.28110301,-0.28100556
k__Bacteria|p__Bacteroidetes|c__Bacteroidia|o__Bacteroidales|f__[Odoribacteraceae]|g__Butyricimonas|s__unclassified,-0.24465796,-0.2822931,-0.2819631,-0.2817586,-0.2824298,-0.24463025,-0.28210282,-0.2825716,-0.2820818,-0.28029475,-0.24434502,-0.27520573,-0.2829511,-0.28841096,-0.28222555,-0.24401535,-0.28181085,-0.2925534,-0.28266627,-0.28225636,-0.24487373,-0.2821944,-0.2814321,-0.2817192,-0.2818632,-0.24481255,-0.2817722,-0.28195325,-0.28194475,-0.28235647
k__Bacteria|p__Bacteroidetes|c__Bacteroidia|o__Bacteroidales|f__[Paraprevotellaceae]|g__Paraprevotella|s__unclassified,-0.24491385,-0.28232265,-0.282497,-0.28259498,-0.28223425,-0.24492705,-0.28225207,-0.28204882,-0.282319,-0.28029475,-0.24532056,-0.27520573,-0.28222215,-0.28841096,-0.28244597,-0.24401535,-0.28238487,-0.2925534,-0.28250793,-0.2819422,-0.24506375,-0.28227925,-0.2821625,-0.2824422,-0.28222716,-0.24517742,-0.2827109,-0.28247768,-0.2817473,-0.2817776
k__Bacteria|p__Bacteroidetes|c__Bacteroidia|o__Bacteroidales|f__Prevotellaceae|g__Prevotella|s__stercorea,-0.24497175,-0.2822136,-0.2825008,-0.28249174,-0.28202963,-0.24494185,-0.28207764,-0.28231132,-0.28227925,-0.28029475,-0.24519655,-0.27520573,-0.2824377,-0.28841096,-0.28178567,-0.24401535,-0.28198883,-0.2925534,-0.28284007,-0.28184894,-0.24516085,-0.2819371,-0.28214997,-0.28213453,-0.2819027,-0.24500719,-0.28217477,-0.2822805,-0.28212637,-0.28198344
k__Bacteria|p__Bacteroidetes|c__Bacteroidia|o__Bacteroidales|f__Porphyromonadaceae|g__Dysgonomonas|s__unclassified,-0.24496742,-0.28223562,-0.28259566,-0.28243828,-0.28272444,-0.24470049,-0.28204715,-0.28243926,-0.28274754,-0.28029475,-0.24472445,-0.27520573,-0.28259802,-0.28841096,-0.28263995,-0.24401535,-0.2817117,-0.2925534,-0.2832294,-0.2827019,-0.24495284,-0.2823022,-0.28200048,-0.28219324,-0.28259152,-0.24500287,-0.28230783,-0.28243536,-0.2824521,-0.28232944
k__Bacteria|p__Bacteroidetes|c__Bacteroidia|o__Bacteroidales|f__[Paraprevotellaceae]|g__[Prevotella]|s__unclassified,-0.2443037,-0.28168905,-0.2817698,-0.28150278,-0.28138745,-0.2436575,-0.28126842,-0.28209227,-0.28165072,-0.28029475,-0.24390233,-0.27520573,-0.2822922,-0.28841096,-0.28151485,-0.24401535,-0.28114766,-0.2925534,-0.28175345,-0.28136533,-0.24453528,-0.28143495,-0.28093028,-0.281249,-0.2813117,-0.24423829,-0.28106105,-0.28157014,-0.2818805,-0.2815548
k__Bacteria|p__Bacteroidetes|c__Bacteroidia|o__Bacteroidales|f__Bacteroidaceae|g__Bacteroides|s__ovatus,-0.24476588,-0.28167558,-0.28157923,-0.28165305,-0.28147,-0.24471155,-0.28185326,-0.28155303,-0.28137088,0.44440973,-0.24492179,-0.27520573,-0.28183246,-0.28841096,-0.2814576,-0.24401535,-0.28196698,-0.2925534,-0.28141326,-0.28145808,-0.24478875,-0.28166902,-0.2817538,-0.28186405,-0.28170645,-0.24474493,-0.2817986,-0.28168732,-0.2813402,-0.2816653
k__Bacteria|p__Bacteroidetes|c__Bacteroidia|o__Bacteroidales|f__Prevotellaceae|g__Prevotella|s__unclassified,-0.058098137,-0.06652692,-0.0669339,-0.0667934,-0.066827476,-0.058209278,-0.06679301,-0.06688176,-0.066604495,0.4536928,-0.058241908,-0.27520573,-0.06640511,-0.28841096,-0.06643364,-0.24401535,-0.067003265,0.556666,-0.06691628,-0.06686505,-0.057987288,-0.066584066,-0.06693332,-0.06689711,-0.06704173,-0.05807221,-0.06659609,-0.06685394,-0.06665823,-0.06681086
k__Bacteria|p__Bacteroidetes|c__Bacteroidia|o__Bacteroidales|f__Prevotellaceae|g__Prevotella|s__copri,-0.24384725,-0.28065026,-0.28026205,-0.28026465,-0.28068805,-0.24404675,-0.28081238,-0.28039655,-0.2802322,0.44165394,-0.24378037,-0.27520573,-0.2805012,-0.28841096,-0.28069574,-0.24401535,-0.28066745,-0.2925534,-0.2806943,-0.280643,-0.2436049,-0.28089923,-0.2803762,-0.2804436,-0.28069898,-0.24401528,-0.28073865,-0.28068602,-0.28038195,-0.28029323
k__Bacteria|p__Bacteroidetes|c__Bacteroidia|o__Bacteroidales|f__Porphyromonadaceae|g__Parabacteroides|s__unclassified,-0.22027233,-0.2532133,-0.25304085,-0.25313342,-0.25329375,-0.22042118,-0.25338364,-0.2531077,-0.253024,-0.28029475,-0.22036365,0.9699126,-0.25317508,0.6673904,-0.25313348,-0.24401535,-0.25368637,-0.2925534,-0.2532007,-0.253259,-0.2201051,-0.2532642,-0.2533062,-0.25329235,-0.25334644,-0.22026916,-0.2531816,-0.25318193,-0.25299639,-0.2532782
k__Bacteria|p__Bacteroidetes|c__Bacteroidia|o__Bacteroidales|f__[Barnesiellaceae]|g__unclassified|s__unclassified,-0.24429873,-0.2811606,-0.2814587,-0.28124586,-0.28135473,-0.24439201,-0.28114504,-0.2812188,-0.2810138,-0.28029475,-0.24436261,-0.27520573,-0.28127056,-0.28841096,-0.28103834,-0.24401535,-0.28087765,-0.2925534,-0.2814697,-0.28133887,-0.24434087,-0.28105697,-0.28139573,-0.281314,-0.2812803,-0.24431087,-0.2813326,-0.28139395,-0.28134015,-0.28144836
k__Bacteria|p__Bacteroidetes|c__Bacteroidia|o__Bacteroidales|f__Bacteroidaceae|g__Bacteroides|s__fragilis,-0.11095774,-0.12770379,-0.12747133,-0.12729028,-0.12750489,-0.11098089,-0.12770614,-0.12743285,-0.12715264,0.63534087,-0.11070442,-0.27520573,-0.12802327,-0.28841096,-0.12714875,1.4131238,-0.1277367,-0.2925534,-0.12762386,-0.12721509,-0.11089939,-0.12759203,-0.12730026,-0.12730616,-0.12757665,-0.11075829,-0.12740013,-0.12739474,-0.12754482,-0.12739864
k__Bacteria|p__Bacteroidetes|c__Bacteroidia|o__Bacteroidales|f__Rikenellaceae|g__unclassified|s__unclassified,-0.24258322,-0.27834594,-0.2786125,-0.27897644,-0.27917582,-0.24307996,-0.27897322,-0.2786197,-0.2787546,-0.28029475,-0.24284247,-0.27520573,-0.27798623,0.6584453,-0.27926105,-0.24401535,-0.2793539,-0.2925534,-0.27899635,-0.2794358,-0.2422069,-0.27873546,-0.2791505,-0.27921128,-0.27905834,-0.2426119,-0.27883548,-0.27908006,-0.27845582,-0.27890366
k__Bacteria|p__Bacteroidetes|c__Bacteroidia|o__Bacteroidales|f__Bacteroidaceae|g__Bacteroides|s__unclassified,0.17315432,0.19942471,0.19990772,0.19986418,0.199691,0.17336884,0.1991908,0.19894473,0.1996096,0.86129314,0.17352653,1.0741186,0.19936416,1.0560106,0.19942765,-0.24401535,0.19961742,-0.2925534,0.19980736,0.1997261,0.17305279,0.1993259,0.19970414,0.19978261,0.19946373,0.17298841,0.20005159,0.19960198,0.19939408,0.1994763
k__Bacteria|p__Bacteroidetes|c__Bacteroidia|o__Bacteroidales|f__Bacteroidaceae|g__Bacteroides|s__uniformis,0.4116612,0.4738841,0.47403693,0.47394738,0.47401893,0.4116257,0.47376674,0.47382236,0.47395402,0.47393587,0.41157702,1.0064865,0.47414935,0.87122333,0.4737119,-0.24401535,0.47373268,-0.2925534,0.47429174,0.47394454,0.41165447,0.4738092,0.47386688,0.47387782,0.47403857,0.4115463,0.47375643,0.47383446,0.4738894,0.47401094
k__Bacteria|p__Bacteroidetes|c__Bacteroidia|o__Bacteroidales|f__Porphyromonadaceae|g__Parabacteroides|s__distasonis,0.2313177,0.2659689,0.26617002,0.26646405,0.2663442,0.23142895,0.26598853,0.26587126,0.26617646,0.4448683,0.23126397,0.98242587,0.2658953,0.54826385,0.26568294,-0.24401535,0.2659124,-0.2925534,0.26679486,0.26603746,0.23124468,0.26576358,0.26638103,0.26622558,0.2665406,0.23098877,0.26610336,0.2661463,0.2662385,0.26621598
k__Bacteria|p__Bacteroidetes|c__Bacteroidia|o__Bacteroidales|f__Bacteroidaceae|g__unclassified|s__unclassified,-0.09258585,-0.10674515,-0.10621042,-0.10637847,-0.10669454,-0.09296589,-0.10682372,-0.10614631,-0.106102854,0.5317566,-0.09279326,-0.27520573,-0.10648426,0.85781825,-0.106468946,-0.24401535,-0.10683128,-0.2925534,-0.10616479,-0.10629983,-0.09271515,-0.106732175,-0.106435046,-0.106532425,-0.10668709,-0.09253973,-0.10723974,-0.10650197,-0.10655913,-0.10653676
k__Bacteria|p__Proteobacteria|c__Alphaproteobacteria|o__Rickettsiales|f__mitochondria|g__unclassified|s__unclassified,-0.24443369,-0.2813916,-0.2816981,-0.28171426,-0.28199,-0.24447876,-0.2813141,-0.28144065,-0.28178704,-0.28029475,-0.2446762,-0.27520573,-0.281506,-0.28841096,-0.281909,-0.24401535,-0.28139818,-0.2925534,-0.28199118,-0.28204334,-0.24442357,-0.28140178,-0.28167748,-0.28171924,-0.2817136,-0.24458995,-0.28173888,-0.28163168,-0.28144914,-0.28191054
k__Bacteria|p__Proteobacteria|c__Gammaproteobacteria|o__Aeromonadales|f__unclassified|g__unclassified|s__unclassified,-0.24381046,-0.28035843,-0.28033596,-0.2803578,-0.28057605,-0.24399005,-0.28056145,-0.28049058,-0.28043076,-0.28029475,-0.24384779,-0.27520573,-0.2802977,-0.28841096,-0.28049862,-0.24401535,-0.28056365,-0.2925534,-0.280613,-0.28060704,-0.24373229,-0.28045925,-0.28046656,-0.28041643,-0.28048006,-0.24385059,-0.28041404,-0.28042436,-0.2803582,-0.28049505
k__Bacteria|p__Proteobacteria|c__Gammaproteobacteria|o__Enterobacteriales|f__Enterobacteriaceae|g__Erwinia|s__unclassified,-0.24567361,-0.28321886,-0.28359872,-0.28318417,-0.2837217,-0.24524286,-0.2833144,-0.28378582,-0.2831301,-0.28029475,-0.24539506,-0.27520573,-0.28418043,-0.28841096,-0.28307116,-0.24401535,-0.28291255,-0.2925534,-0.28514355,-0.28370744,-0.2458029,-0.28298575,-0.2827889,-0.28327855,-0.28365946,-0.24551255,-0.28293937,-0.283499,-0.28289184,-0.28365067
k__Bacteria|p__Proteobacteria|c__Gammaproteobacteria|o__Enterobacteriales|f__Enterobacteriaceae|g__Klebsiella|s__unclassified,-0.24472407,-0.28218076,-0.28207877,-0.28190446,-0.2821651,-0.24451438,-0.28183478,-0.28197294,-0.28220248,-0.28029475,-0.24457029,-0.27520573,-0.2826147,-0.28841096,-0.28198645,-0.24401535,-0.28171402,-0.2925534,-0.28238553,-0.28203303,-0.24491952,-0.28200275,-0.28174543,-0.28183198,-0.28205955,-0.24461415,-0.28197083,-0.28173485,-0.28200167,-0.28223813
k__Bacteria|p__Proteobacteria|c__Gammaproteobacteria|o__Pasteurellales|f__Pasteurellaceae|g__Aggregatibacter|s__unclassified,-0.2442585,-0.28090498,-0.2809681,-0.28103828,-0.28083056,-0.2443327,-0.2809605,-0.28105634,-0.28100795,-0.28029475,-0.24410243,-0.27520573,-0.28078753,-0.28841096,-0.28061998,-0.24401535,-0.2806595,-0.2925534,-0.28115666,-0.2809291,-0.2440899,-0.28097826,-0.28108403,-0.28085673,-0.28098482,-0.2442334,-0.2806714,-0.28103226,-0.28117615,-0.28080678
k__Bacteria|p__Proteobacteria|c__Gammaproteobacteria|o__Enterobacteriales|f__Enterobacteriaceae|g__Trabulsiella|s__unclassified,-0.24457686,-0.2818528,-0.28162515,-0.2817235,-0.28210056,-0.24445811,-0.2815946,-0.2816575,-0.2818381,-0.28029475,-0.24436896,-0.27520573,-0.2818368,-0.28841096,-0.28151554,-0.24401535,-0.28210855,-0.2925534,-0.28236443,-0.28192925,-0.24447697,-0.28174898,-0.2813632,-0.28172094,-0.28221148,-0.24424103,-0.28170925,-0.28161734,-0.28162614,-0.2818041
k__Bacteria|p__Proteobacteria|c__Gammaproteobacteria|o__Pseudomonadales|f__Moraxellaceae|g__Acinetobacter|s__unclassified,-0.24500445,-0.28178096,-0.28240237,-0.28207904,-0.28169227,-0.24491309,-0.28180176,-0.28202933,-0.28177392,-0.28029475,-0.2450472,-0.27520573,-0.28182232,-0.28841096,-0.28135923,-0.24401535,-0.28166366,-0.2925534,-0.28223902,-0.28184178,-0.24496472,-0.28159192,-0.2822944,-0.28213125,-0.28183028,-0.24483931,-0.28198606,-0.282156,-0.28198266,-0.28188902
k__Bacteria|p__Proteobacteria|c__Gammaproteobacteria|o__Enterobacteriales|f__Enterobacteriaceae|g__Escherichia|s__unclassified,0.5494516,0.6322481,0.63234985,0.6323394,0.6322683,0.5494297,0.6323216,0.6322957,0.6323163,0.44624272,0.549495,0.9690378,0.6323868,-0.28841096,0.6321998,1.4143008,0.6324139,0.63271767,0.63248074,0.6322325,0.54943156,0.6322291,0.6322917,0.6323076,0.6322701,0.549435,0.63227284,0.6322789,0.63215977,0.63222027
k__Bacteria|p__Proteobacteria|c__Gammaproteobacteria|o__Enterobacteriales|f__Enterobacteriaceae|g__Citrobacter|s__unclassified,-0.24429147,-0.28142297,-0.28154156,-0.28159705,-0.28197163,-0.2442427,-0.28108925,-0.2816016,-0.2816361,-0.28029475,-0.24432933,-0.27520573,-0.28164107,-0.28841096,-0.2816745,-0.24401535,-0.28099948,-0.2925534,-0.28198045,-0.2819484,-0.24436665,-0.2813226,-0.28136355,-0.28154308,-0.2816335,-0.24434593,-0.28157008,-0.28167015,-0.2818594,-0.2821111
k__Bacteria|p__Proteobacteria|c__Alphaproteobacteria|o__RF32|f__unclassified|g__unclassified|s__unclassified,-0.24518546,-0.28177485,-0.28167033,-0.28148097,-0.28140134,-0.24528587,-0.28220522,-0.28210622,-0.28161472,-0.28029475,-0.24518588,-0.27520573,-0.28175867,-0.28841096,-0.28099683,-0.24401535,-0.28160158,-0.2925534,-0.28201193,-0.2814232,-0.24530916,-0.2819225,-0.28180465,-0.28170073,-0.28190345,-0.24519238,-0.2816587,-0.2816372,-0.2814744,-0.28168583
k__Bacteria|p__Proteobacteria|c__Gammaproteobacteria|o__Enterobacteriales|f__Enterobacteriaceae|g__Enterobacter|s__hormaechei,-0.24526691,-0.28182918,-0.28285295,-0.2826575,-0.28236777,-0.24516314,-0.28195024,-0.28219032,-0.28295696,-0.28029475,-0.24564907,-0.27520573,-0.28195018,-0.28841096,-0.2822529,-0.24401535,-0.28183848,-0.2925534,-0.2830338,-0.28287488,-0.2453014,-0.28201878,-0.2826422,-0.28260607,-0.28253096,-0.24522093,-0.28238893,-0.28233606,-0.28231573,-0.28257424
k__Bacteria|p__Proteobacteria|c__Gammaproteobacteria|o__Pasteurellales|f__Pasteurellaceae|g__Actinobacillus|s__unclassified,-0.2443349,-0.2813362,-0.28102344,-0.28097868,-0.28105065,-0.24432418,-0.2813024,-0.28118587,-0.28102988,-0.28029475,-0.24434128,-0.27520573,-0.2815199,-0.28841096,-0.28066605,-0.24401535,-0.28114015,-0.2925534,-0.2812867,-0.28091982,-0.24429734,-0.28126675,-0.2812134,-0.28100884,-0.2812177,-0.24435568,-0.2811495,-0.28098336,-0.28111517,-0.28123835
k__Bacteria|p__Proteobacteria|c__Gammaproteobacteria|o__Enterobacteriales|f__Enterobacteriaceae|g__unclassified|s__unclassified,0.49172264,0.5660701,0.56535804,0.5656337,0.56642336,0.4921081,0.56620455,0.5656985,0.56561303,0.4902786,0.49192175,0.9883667,0.5660399,-0.28841096,0.56614625,1.4166504,0.56650865,0.5965905,0.56595707,0.56614995,0.4917116,0.5660776,0.5658302,0.5659163,0.56617785,0.49179435,0.5661447,0.5657297,0.5656191,0.56638
k__Bacteria|p__Proteobacteria|c__Gammaproteobacteria|o__Pasteurellales|f__Pasteurellaceae|g__Haemophilus|s__parainfluenzae,-0.24343298,-0.28010464,-0.28032005,-0.28025985,-0.27999988,-0.24333906,-0.28012794,-0.28021246,-0.2801339,-0.28029475,-0.24345349,-0.27520573,-0.28016233,-0.28841096,-0.27994716,-0.24401535,-0.28009626,0.55560195,-0.28023654,-0.28001034,-0.2434368,-0.28005564,-0.2801797,-0.28018945,-0.2801189,-0.2433914,-0.28009862,-0.28023255,-0.28016382,-0.28003967
k__Bacteria|p__Proteobacteria|c__Betaproteobacteria|o__Burkholderiales|f__Alcaligenaceae|g__Sutterella|s__unclassified,-0.2392103,-0.2750587,-0.27510765,-0.27513528,-0.27518818,-0.23922414,-0.27520114,-0.27527344,-0.27504936,-0.28029475,-0.23928726,-0.27520573,-0.27518788,0.42945546,-0.275014,-0.24401535,-0.2754709,1.5721636,-0.2752434,-0.2752233,-0.23913527,-0.27505785,-0.2751683,-0.27522588,-0.27518234,-0.23920542,-0.27498698,-0.2751767,-0.2750523,-0.27530283
k__Bacteria|p__Proteobacteria|c__Gammaproteobacteria|o__Pasteurellales|f__Pasteurellaceae|g__Haemophilus|s__unclassified,0.4046014,0.46608937,0.46517992,0.465377,0.4659291,0.40469062,0.46619806,0.46615955,0.46536463,0.46588776,0.4043915,0.966321,0.46607536,0.4357122,0.46532828,-0.24401535,0.46623278,0.596897,0.465842,0.46544743,0.4046124,0.46592087,0.46546856,0.46551767,0.46597064,0.4046187,0.4656607,0.46555823,0.4654764,0.46590078
k__Bacteria|p__Actinobacteria|c__Actinobacteria|o__Bifidobacteriales|f__Bifidobacteriaceae|g__Bifidobacterium|s__longum,0.6055255,0.69645536,0.6969472,0.69702727,0.6969756,0.60583067,0.6968448,0.6968281,0.6966585,0.45020273,0.60586387,2.0635893,0.69634867,0.69808275,0.6966028,2.2597907,0.6967424,0.6330133,0.69724405,0.6969789,0.6053686,0.696628,0.69702685,0.6969863,0.69710636,0.6057067,0.696663,0.69709516,0.69667757,0.6968775
k__Bacteria|p__Actinobacteria|c__Actinobacteria|o__Actinomycetales|f__Corynebacteriaceae|g__Corynebacterium|s__unclassified,-0.24393257,-0.28083795,-0.2806042,-0.28064752,-0.28104138,-0.2441331,-0.28083214,-0.28068194,-0.2804318,-0.28029475,-0.24400066,-0.27520573,-0.28091896,-0.28841096,-0.2806771,-0.24401535,-0.28085613,-0.2925534,-0.28074187,-0.2809198,-0.24385466,-0.28082895,-0.28085187,-0.28082064,-0.28101698,-0.24398689,-0.28076833,-0.28081518,-0.28082675,-0.28117377
k__Bacteria|p__Actinobacteria|c__Actinobacteria|o__Actinomycetales|f__Micrococcaceae|g__Rothia|s__mucilaginosa,-0.24400574,-0.28063044,-0.28092325,-0.2809819,-0.28118497,-0.24429917,-0.28073433,-0.28066927,-0.28095126,-0.28029475,-0.2442587,-0.27520573,-0.28037488,-0.28841096,-0.28086755,-0.24401535,-0.2809497,-0.2925534,-0.28128722,-0.2811752,-0.24388377,-0.2807669,-0.2808853,-0.28097552,-0.28115362,-0.24400845,-0.280937,-0.28091395,-0.28071672,-0.28093624
k__Bacteria|p__Actinobacteria|c__Actinobacteria|o__Actinomycetales|f__Actinomycetaceae|g__Parascardovia|s__unclassified,-0.2443137,-0.2815215,-0.28169364,-0.28139007,-0.28139904,-0.24412097,-0.2812255,-0.28165898,-0.28168562,-0.28029475,-0.24404767,-0.27520573,-0.2815392,-0.28841096,-0.28122598,-0.24401535,-0.28097135,-0.2925534,-0.28186548,-0.28140932,-0.24439523,-0.28139976,-0.28111035,-0.28110883,-0.28134358,-0.24419549,-0.28125674,-0.2813614,-0.28180426,-0.28128374
k__Bacteria|p__Actinobacteria|c__Actinobacteria|o__Actinomycetales|f__Actinomycetaceae|g__Actinomyces|s__unclassified,-0.24367929,-0.28019613,-0.2805615,-0.28072965,-0.28030944,-0.24377668,-0.28034443,-0.28020787,-0.28025833,-0.28029475,-0.24372652,-0.27520573,-0.28044465,-0.28841096,-0.2798017,1.4344834,-0.28080973,-0.2925534,-0.28084368,-0.2801035,-0.24353871,-0.28000614,-0.28046334,-0.2805301,-0.28039145,-0.24338883,-0.28008962,-0.2803852,-0.27999455,-0.2801355
k__Bacteria|p__Actinobacteria|c__Actinobacteria|o__Bifidobacteriales|f__Bifidobacteriaceae|g__Bifidobacterium|s__unclassified,0.53357625,0.61404073,0.61429113,0.6145914,0.61436796,0.5334627,0.61419225,0.6140438,0.6141425,0.44837698,0.5335517,1.3092923,0.61407435,-0.28841096,0.61440814,1.4732968,0.6146729,0.8996384,0.61421335,0.61422783,0.5334755,0.61397433,0.61427313,0.61458474,0.6145133,0.5333915,0.61416817,0.61440897,0.6138737,0.61413145
k__Bacteria|p__Actinobacteria|c__Actinobacteria|o__Bifidobacteriales|f__Bifidobacteriaceae|g__Bifidobacterium|s__adolescentis,0.5951371,0.68467844,0.6844918,0.68440855,0.68484247,0.5953518,0.68498755,0.6847209,0.68449944,0.6605366,0.5951139,1.0497134,0.68463844,0.4431689,0.6846078,1.4740356,0.6846745,0.68532157,0.6849047,0.68493426,0.59506595,0.6848438,0.68475246,0.68469715,0.6849394,0.5951319,0.6847156,0.68463933,0.68453676,0.68494093
k__Bacteria|p__Cyanobacteria|c__4C0d-2|o__YS2|f__unclassified|g__unclassified|s__unclassified,-0.24400702,-0.2800937,-0.28010982,-0.2809196,-0.2815676,-0.24441645,-0.28063798,-0.28038907,-0.2808595,-0.28029475,-0.24408522,-0.27520573,-0.2796498,-0.28841096,-0.28149807,-0.24401535,-0.2814554,-0.2925534,-0.28076366,-0.2815501,-0.24371496,-0.2805117,-0.28055376,-0.2809655,-0.2814134,-0.24378571,-0.28077084,-0.28081778,-0.2807957,-0.28101707
k__Bacteria|p__Cyanobacteria|c__Chloroplast|o__Streptophyta|f__unclassified|g__unclassified|s__unclassified,-0.24430963,-0.28132713,-0.2809047,-0.28104675,-0.2813258,-0.24450085,-0.28136805,-0.28135556,-0.28130627,-0.28029475,-0.24422222,-0.27520573,-0.2812263,-0.28841096,-0.2813995,-0.24401535,-0.28129005,-0.2925534,-0.2814721,-0.28111267,-0.24449345,-0.28123915,-0.28080255,-0.28090495,-0.2809033,-0.24425863,-0.28130013,-0.28101116,-0.28114408,-0.2810954
k__Bacteria|p__Fusobacteria|c__Fusobacteria|o__Fusobacteriales|f__Fusobacteriaceae|g__Fusobacterium|s__unclassified,-0.24401836,-0.28071475,-0.28068173,-0.28088522,-0.28064263,-0.24423955,-0.2808801,-0.28071988,-0.28058243,-0.28029475,-0.24402162,-0.27520573,-0.2805642,-0.28841096,-0.28071064,-0.24401535,-0.28107613,-0.2925534,-0.2806825,-0.28054577,-0.24401444,-0.28065002,-0.28074002,-0.28075784,-0.28053042,-0.24393913,-0.2805819,-0.28081918,-0.28064808,-0.2804549
k__Bacteria|p__Fusobacteria|c__Fusobacteria|o__Fusobacteriales|f__Fusobacteriaceae|g__unclassified|s__unclassified,-0.2440468,-0.2811575,-0.28138047,-0.28092837,-0.28136164,-0.24394295,-0.28092697,-0.281205,-0.2810585,-0.28029475,-0.2439912,-0.27520573,-0.281424,-0.28841096,-0.2813308,-0.24401535,-0.28094792,-0.2925534,-0.2813006,-0.28133902,-0.24422923,-0.28107083,-0.28092116,-0.2810866,-0.28108963,-0.24412905,-0.2812357,-0.28116065,-0.28115594,-0.28127652
k__Bacteria|p__Tenericutes|c__Mollicutes|o__RF39|f__unclassified|g__unclassified|s__unclassified,-0.24509598,-0.28211796,-0.2820874,-0.28200513,-0.28213477,-0.24488944,-0.2819883,-0.28208947,-0.2822806,-0.28029475,-0.24495497,-0.27520573,-0.28252065,-0.28841096,-0.2820863,-0.24401535,-0.28188664,-0.2925534,-0.28266025,-0.28212488,-0.24521405,-0.28196907,-0.28176856,-0.28189427,-0.2819916,-0.24488693,-0.28194988,-0.28184295,-0.28201178,-0.28221178
k__Bacteria|p__Verrucomicrobia|c__Verrucomicrobiae|o__Verrucomicrobiales|f__Verrucomicrobiaceae|g__Akkermansia|s__muciniphila,-0.243017,-0.2805222,-0.28085417,-0.2801814,-0.2802044,-0.24299741,-0.2801046,-0.2803718,-0.28001973,-0.28029475,-0.24310395,-0.27520573,-0.2807904,1.3892394,-0.27970278,-0.24401535,-0.2797369,-0.2925534,-0.28057605,-0.2799988,-0.2431522,-0.2802769,-0.28046748,-0.28035313,-0.28016207,-0.243321,-0.28052267,-0.28038424,-0.27981174,-0.28017998
