Mechanisms of missingness,Taxonomic Level,Condition,Mask Ratio,MSE (CLR)_mean,MSE (CLR)_std,MSE (CLR)_median,RMSE (CLR)_mean,RMSE (CLR)_std,RMSE (CLR)_median,MAE (CLR)_mean,MAE (CLR)_std,MAE (CLR)_median,R2 (CLR)_mean,R2 (CLR)_std,R2 (CLR)_median,Pearson (CLR)_mean,Pearson (CLR)_std,Pearson (CLR)_median,Spearman (CLR)_mean,Spearman (CLR)_std,Spearman (CLR)_median,CCC (CLR)_mean,CCC (CLR)_std,CCC (CLR)_median,NRMSE (CLR)_mean,NRMSE (CLR)_std,NRMSE (CLR)_median,MSE (RA)_mean,MSE (RA)_std,MSE (RA)_median,RMSE (RA)_mean,RMSE (RA)_std,RMSE (RA)_median,MAE (RA)_mean,MAE (RA)_std,MAE (RA)_median,R2 (RA)_mean,R2 (RA)_std,R2 (RA)_median,Pearson (RA)_mean,Pearson (RA)_std,Pearson (RA)_median,Spearman (RA)_mean,Spearman (RA)_std,Spearman (RA)_median,CCC (RA)_mean,CCC (RA)_std,CCC (RA)_median,NRMSE (RA)_mean,NRMSE (RA)_std,NRMSE (RA)_median,MSE (RA non-zero)_mean,MSE (RA non-zero)_std,MSE (RA non-zero)_median,RMSE (RA non-zero)_mean,RMSE (RA non-zero)_std,RMSE (RA non-zero)_median,MAE (RA non-zero)_mean,MAE (RA non-zero)_std,MAE (RA non-zero)_median,R2 (RA non-zero)_mean,R2 (RA non-zero)_std,R2 (RA non-zero)_median,Pearson (RA non-zero)_mean,Pearson (RA non-zero)_std,Pearson (RA non-zero)_median,Spearman (RA non-zero)_mean,Spearman (RA non-zero)_std,Spearman (RA non-zero)_median,CCC (RA non-zero)_mean,CCC (RA non-zero)_std,CCC (RA non-zero)_median,NRMSE (RA non-zero)_mean,NRMSE (RA non-zero)_std,NRMSE (RA non-zero)_median,Aitchison distance (mean)_mean,Aitchison distance (mean)_std,Aitchison distance (mean)_median,Bray-Curtis (mean)_mean,Bray-Curtis (mean)_std,Bray-Curtis (mean)_median,Jensen-Shannon (mean)_mean,Jensen-Shannon (mean)_std,Jensen-Shannon (mean)_median,Zero precision_mean,Zero precision_std,Zero precision_median,Zero recall_mean,Zero recall_std,Zero recall_median,Zero F1_mean,Zero F1_std,Zero F1_median,Richness true_mean,Richness true_std,Richness true_median,Richness imputed_mean,Richness imputed_std,Richness imputed_median,Richness abs diff_mean,Richness abs diff_std,Richness abs diff_median,Evenness true_mean,Evenness true_std,Evenness true_median,Evenness imputed_mean,Evenness imputed_std,Evenness imputed_median,Evenness abs diff_mean,Evenness abs diff_std,Evenness abs diff_median,Shannon eff true_mean,Shannon eff true_std,Shannon eff true_median,Shannon eff imputed_mean,Shannon eff imputed_std,Shannon eff imputed_median,Shannon eff abs diff_mean,Shannon eff abs diff_std,Shannon eff abs diff_median,Bray-Curtis rarefied_mean,Bray-Curtis rarefied_std,Bray-Curtis rarefied_median,Jaccard index rarefied_mean,Jaccard index rarefied_std,Jaccard index rarefied_median
MAR,l7_species,all,0.1,0.5387036790040685,0.03407759784108554,0.5454322708182426,0.7336288331356212,0.023390743566522983,0.7385312986333328,0.23937641305574817,0.011290162071774565,0.24159876449332673,0.3323506372580505,0.014399439480361183,0.3304432298071356,0.5768243196947627,0.012603179850464755,0.5749359190456718,0.29525946910138434,0.0570886216791979,0.29251987482846764,0.498474559152786,0.009964209091314612,0.4973980039273279,0.0721277257326272,0.0022208232000593357,0.07253691543317255,0.0003314231759203,4.542795039228783e-05,0.0003338998534474,0.01816596190196381,0.0012565402662998632,0.018268950690685203,0.0018308328734467,4.526656909232537e-05,0.0018326959523219,0.0851869095342597,0.06904301868943095,0.0725388696494502,0.3661654433956625,0.05499880000215036,0.35707154442577843,0.18572658669931805,0.018656230971101934,0.1887413380654239,0.31698261276767337,0.047240787441394656,0.3189142449062561,0.01987236612588577,0.0013837047618208682,0.02005050335451965,0.00808984846872017,0.0016881590379221568,0.00770789407719155,0.08952074041078707,0.009182441276980095,0.08777956172658036,0.028587399029858813,0.0028093298346285097,0.027528682308512797,0.00928328557426937,0.0718515249828132,0.0103387113121668,0.33033900610567357,0.05695669255785333,0.323479931745439,0.43672012938461846,0.02699078261553494,0.43445309027321155,0.27847277770579104,0.04880135595100464,0.2805379731248584,0.09796411193103403,0.009779408534727177,0.0959690445310262,20.7610530499647,0.6421426297638261,20.902255902063274,0.7625418917905687,0.018853526026952287,0.7633178641420904,0.7884479225479926,0.01457990692461227,0.78898184255464,0.9607687154580471,0.059785945367985004,0.9824150058616647,0.002415296410461296,0.0072934076978666195,1.2542330364981813e-05,0.009447533819157056,0.020026950865856746,0.0003492941347693,32.68747028084121,2.7904655659610644,33.855555555555554,532.2671090199703,25.763015741323596,538.2618949958983,499.5885276280181,23.660051412880655,504.445652173913,0.5427283559785889,0.018304192335723102,0.5399295958485664,0.7278226380983382,0.019982446415358474,0.7271085958883687,0.25473844894829273,0.020965747275743518,0.2486825227813546,8.046063473794323,0.8095939284987463,8.11406064279785,167.01207164344495,15.447292315628156,163.96756666320567,160.29169139988807,14.939002695263008,158.61172801147177,0.7666038118140724,0.018286334509285417,0.7671220978674393,0.054672409217417464,0.002594027099323912,0.05537874056550105
MAR,l7_species,all,0.2,0.5469257698657579,0.021502555532122134,0.548028554339888,0.7394154989099864,0.014548380492299192,0.7402894924484729,0.2402203190652791,0.007725642463017767,0.24063147245632305,0.32674126910390155,0.008816332670132291,0.32469126416858585,0.5717761918298826,0.007802370541127739,0.5701397749547878,0.2905975338332197,0.0352255863136828,0.28712013998998165,0.4902586540594703,0.008831057300952539,0.4893926328808093,0.07226469409179989,0.0011102469082617168,0.07226991471039475,0.00034405987936727,2.8404202909283818e-05,0.0003426552714012,0.01853464565904795,0.0007650632950276528,0.018510417431194498,0.00187997670604173,1.708396114835339e-05,0.00188041269758275,0.03233890637723108,0.06893218215133583,0.02310484795305665,0.3121893225139233,0.038134064049135864,0.30545149536256766,0.18862963993002976,0.012466503301558353,0.19315478912967154,0.262292356144226,0.025173495152592356,0.2627931144671215,0.019884799621962622,0.0007003100620634146,0.01983789055644485,0.00835492987081711,0.0007840984587589498,0.0081799244996644,0.0913163284321957,0.004250232997604564,0.0904421872783109,0.029400538691698442,0.0013882480382562943,0.029459501337909748,-0.0450695842987381,0.07147338658992429,-0.0588175323773123,0.2732393382117938,0.04159235621178508,0.2633273771848738,0.40921917401246277,0.01811854879310076,0.41252262339590445,0.2209680006203864,0.026522239452993774,0.22072178453996555,0.0980156672642344,0.00384075810835702,0.09697205492107905,20.947207372521383,0.38821585912188333,20.962562982186093,0.7830102980664032,0.007115469818289654,0.783191888543239,0.8048616631703028,0.005046841860729815,0.8042278137171134,0.9789166308800095,0.03820678517718444,0.9922861150070126,0.004601960540172042,0.005963132371737057,0.000248025331164,0.009096523307444461,0.01177654689431167,0.0004959262232847,32.45313693238092,1.4793057806174739,32.40013218770655,553.9991306147658,36.17117805731966,546.9881127450981,521.5483466235613,35.150040617429646,515.1372549019608,0.547203139432567,0.015194085882526727,0.5508139601778308,0.7412849806735189,0.026136870990501018,0.7495133763139981,0.2621546286666373,0.02231518048917414,0.2641091949002452,8.12006778026752,0.531325637796435,8.17495524598408,190.38048900673022,25.173882134144,187.76110030894583,183.2543563638691,24.941301381270087,180.32949503543944,0.7868776357333188,0.0073815272267857435,0.7871549359210208,0.05396147908308687,0.002324627122875733,0.053428679522819
MAR,l7_species,all,0.3,0.5526485188904652,0.012177979469624624,0.5523875681527322,0.7433626406372276,0.008199145979461085,0.7432258428399754,0.24217684390202518,0.0031459470078997335,0.2410943692410032,0.32939451817017024,0.00781109815652324,0.3279408793893068,0.5741277404671282,0.006724798997186486,0.5728393193182422,0.3050404360928134,0.0213210424782062,0.30402041647342554,0.49474265274175533,0.009652600135347803,0.49890389260984647,0.07240679430636837,0.001221922135992337,0.0721897489826751,0.00032762158524262004,2.5670826955486534e-05,0.00033150684764225,0.0180876028102014,0.0007150833852395069,0.0182073132676593,0.0018584883175918302,2.0546285747873923e-05,0.00185773004899735,0.05387942962862553,0.03491127798339343,0.0530291828234725,0.32442103918724335,0.02514466224133711,0.32901869619536256,0.18985392595721487,0.009555074819971691,0.18971176905186354,0.27285223140746967,0.020590999575379534,0.271909317430601,0.01954969969297169,0.000701262639556244,0.0197015906942607,0.00781577926436826,0.0006486524208468217,0.00787012841122155,0.08833828767753935,0.0036706333950239163,0.0887137433996366,0.028810746514091316,0.0006313573945378498,0.028652902414043453,-0.02015339757116916,0.03183254362154511,-0.0142580051975512,0.2848112840449869,0.02370532469399552,0.2877305317876715,0.4093508151169317,0.014677191194093907,0.4101885139837771,0.23025857445431144,0.02001994083773546,0.2273988286653824,0.09552042516575546,0.0033945443311698027,0.09599363951588616,21.04347504546812,0.24617738296155728,21.002254539935652,0.7740603842770224,0.008557528013988965,0.773744565407417,0.798046479704913,0.006706322437157759,0.7991617972773057,0.9914746652238344,0.00781305322711633,0.9903923426681944,0.005940039309624516,0.005043400550528206,0.00613362020245725,0.011763591571289096,0.009953331673399944,0.012191904242401401,33.024986750790774,0.7524793098790691,32.999754646384105,565.7949938676242,43.86852302237085,577.8416250480216,532.7744515612778,43.45761490818073,544.5169035728006,0.5531395047145284,0.014848149111897167,0.5564911461544336,0.7338876533831127,0.015762695594506868,0.7345823861325906,0.24778342982057316,0.020233533164855946,0.2438039910080576,8.339474222635214,0.23886603726378142,8.298029469582973,178.94150679272494,17.873073183840127,176.71724745504332,171.4586744858934,17.965593388510534,169.36552312832612,0.7775520463339327,0.00847983175480117,0.7767831057924512,0.05409507177221752,0.002275161718032663,0.053870871975440895
MAR,l7_species,all,0.4,0.5600540556638366,0.014355826663711976,0.5680703756794623,0.7483119401034392,0.009620346636368501,0.7537043164604678,0.24285965421749206,0.004306498429346435,0.24322525253557725,0.31742564451573496,0.010180650647094931,0.32037200684178,0.5638659385781781,0.008451537897906543,0.5660557702843276,0.2957964695908782,0.023087090002713036,0.2912693098890127,0.48863026554455313,0.008535798586866915,0.4887261679732626,0.07268532328056979,0.0009863869048471446,0.0726980413210846,0.00033038035914490004,9.930452519906475e-06,0.00033018197352184997,0.01817451234361363,0.0002737805625562226,0.018170894715963698,0.0018683384865140098,1.9233974088261817e-05,0.0018734655047233,0.04395436360214753,0.029637224117521222,0.0498894749876847,0.31723459742925264,0.017350845371164107,0.31020016090544844,0.1832947394143263,0.010441722485077687,0.18118093963378684,0.267373971399069,0.020341052440392613,0.271335686626785,0.01940337177627606,0.0003755731861800659,0.01933156350739755,0.00787001963146805,0.00034026520320640154,0.007928567563099051,0.08869448990519309,0.0019169106875674409,0.08904236530425255,0.02913264352191136,0.0007245063223718056,0.0290882413334579,-0.026522360742084927,0.03659771669360967,-0.0231650483953754,0.27972498188141726,0.021396016160948193,0.27268344391386806,0.4014828332197265,0.01043496010127018,0.40046640671328015,0.2253255577220278,0.021917690767822632,0.22999629762930335,0.0947498373092839,0.002804226739526916,0.09465227179947135,21.204138946523337,0.26613109541278546,21.346288574302097,0.7781629796330995,0.008010950207769242,0.7802983827172721,0.8014039404297486,0.00623166239005953,0.8023318461600979,0.9822698161931008,0.011654816106108898,0.9811495736538791,0.009641834747498164,0.010990790407954023,0.00566267732102625,0.018879863674890494,0.02115641354136863,0.011258861562919099,33.02083826376209,0.9054141403864342,32.98605889724311,566.1813760245541,32.271358447775505,569.0417989608891,533.3186250155071,31.49304030364625,535.5023091355174,0.5525237024353489,0.007791672565492779,0.553459284056721,0.7265943136577492,0.018200039765426935,0.7330389649594098,0.24652158589987358,0.010521252613597041,0.24098583421233055,8.231589433163988,0.3035010049435578,8.24228557025442,173.64773746987962,17.79253797838199,170.7007178174267,166.42636122750096,17.78732562889077,163.32151700154913,0.7810210138733527,0.008450437516109298,0.7839606624491721,0.0541210602751656,0.0024690459821418162,0.0543917247086385
MAR,l7_species,all,0.5,0.5510483755105561,0.00936704802042864,0.5529081724288534,0.7423020151212595,0.0063327944923067345,0.7435779530095179,0.2408467049551631,0.005185881177997943,0.2411771744682863,0.3234028784183776,0.007656874776878307,0.3235912219418946,0.5690468167435085,0.006568810221035948,0.569146100020452,0.28059992792876465,0.021772987381970046,0.28197541659390896,0.49028128556572276,0.012080799689490208,0.49134952898037965,0.0720924831662593,0.000962481223678114,0.0721848148445821,0.00033086334055252,1.7980655456613926e-05,0.0003290460917764,0.0181836744462082,0.0004913973125339048,0.01813962432459785,0.00187331460438808,1.870309283598213e-05,0.0018760811218431,0.04756691695030174,0.0405292486579748,0.05680861940764155,0.3190421096454218,0.013548256859099637,0.3206152564505917,0.185373455706973,0.01135417162925938,0.18354007273141945,0.26513465842969824,0.016861590296005494,0.26982983768029906,0.01942103120375731,0.0006093574628856049,0.01946475482878625,0.00799237327698767,0.000475945878298051,0.00782650789682035,0.08936511334076012,0.002635188076950053,0.08846636943502384,0.029346334144670628,0.0009101143435394102,0.029376894879550752,-0.026676305052097997,0.038117464393607504,-0.01830855246278705,0.27969232449536635,0.015175504467375454,0.28131906075650803,0.4116130285509595,0.009631845242756606,0.4087617224904003,0.22265382970660763,0.018618620633270903,0.22734115577275715,0.09548734145465973,0.003006191876296486,0.09548069088943685,21.027858006747767,0.1769503567848626,21.049836584939158,0.7802355327276576,0.0077898381661860895,0.7813877872476666,0.8024598156310878,0.006874643568711179,0.8027573665993533,0.9601396605172743,0.061322815684466875,0.9718619038116144,0.009873504015962908,0.013080436570579513,0.00228900785178265,0.021381565040588354,0.02592240500569245,0.0072765860683695,32.67766627405382,0.8733169084474319,32.584384679308,572.9098185889125,41.46417374359954,578.3745722894643,540.4139625386383,41.713212587826206,545.9030693018742,0.5514332544518734,0.006398776570228706,0.5528003552656988,0.7336859866910966,0.03319350283785623,0.7313655293257542,0.25126646397067465,0.011555302326087613,0.2543955351782034,8.146724826958373,0.2550460965575437,8.168396885507581,185.88588623658163,30.47264517397933,189.69065093570703,178.65045215369747,30.17954186990876,181.9922780580892,0.7836384713970677,0.007808556435500595,0.7843616923599799,0.05353269343143341,0.004790926866481377,0.0525233935264448
MAR,l7_species,all,0.6,0.5502600905512811,0.013171529908873134,0.546901917651329,0.7417487893857134,0.008868821542570886,0.7395160751814616,0.2388917008315611,0.00407258972761437,0.2378260062620271,0.32117799507544625,0.009601604587326522,0.3206204087730805,0.567007369138852,0.008120749591123744,0.5662368772944857,0.28065198662542623,0.041868997080688516,0.2807536138122694,0.4912891207463229,0.00971313078158702,0.48851184395948044,0.07185123767250638,0.0011363534482570414,0.07174799867337775,0.0003328324708790375,1.6807666425678886e-05,0.0003335638141458,0.018238632698811336,0.0004595005449217913,0.01826325929540555,0.0018837101298329626,1.4383864938179841e-05,0.001884310615545,0.039281968897439935,0.03791295296337424,0.044838938176611,0.30747401647128636,0.024541297380914966,0.2959113169001102,0.18107029316339687,0.010931532125623781,0.18108622260139762,0.254681247654508,0.024009745816245195,0.2512822654941463,0.01944636113673215,0.0005793529892710152,0.01951714716891735,0.008146708169705301,0.0004796172897852152,0.008247375394601651,0.09022493403107366,0.002655333994327955,0.09081459649198885,0.02995035933561656,0.0008188346581470072,0.0298224226660334,-0.038113216386685196,0.044378748426267337,-0.03256118300104355,0.26584293800557024,0.029350477291351908,0.2564507288035135,0.40410497765736814,0.013780137239765188,0.4066384691801578,0.2101402237310347,0.025890686251117807,0.2049129857441957,0.09624104357082557,0.003065728022167927,0.09650522216410751,21.02988075063697,0.262603493411046,20.98505060574536,0.7845652690754507,0.005990879746756581,0.7848153713745263,0.806089826081148,0.004678619622405796,0.8072054151487738,0.9795804334314823,0.009934456738735204,0.9783779846876348,0.006891184841752763,0.006575150552799131,0.00430613565618815,0.013609780244133188,0.012891170616719183,0.00857420360021075,32.3594096797754,0.3961532109445122,32.313568446495275,579.0822293446669,28.840484302593033,576.3078912085807,546.7678974698163,28.76423633419909,544.156142927068,0.5515660977020719,0.009754492957380607,0.5491504852523128,0.7358311745415338,0.022552969396368312,0.7349604870072988,0.2516936775644199,0.011737378286844208,0.25426864818758943,8.052795171463917,0.2172350041848828,8.021912601293169,195.55053606686502,16.562124563951972,195.7297173159349,188.34806451942433,16.322278442828228,188.72776213849392,0.7873744404762664,0.006273068590174082,0.7877463653487169,0.052944645283266714,0.002856323342184685,0.0533989559506778
MAR,l7_species,all,0.7,0.5557984507805434,0.010319199288903068,0.5545718058679858,0.7454909146450287,0.006907301500120094,0.7446954125382637,0.24323447885947427,0.0038104251724057816,0.24360526607854927,0.31939030824521597,0.00934961758361161,0.32129960392998924,0.565803770214167,0.008034337315604632,0.5679001654777267,0.266391223315169,0.027128385859227763,0.270709894406418,0.4917046569422715,0.011593675342771587,0.4928323905235778,0.07248880513402436,0.000500818470305035,0.07253886483925695,0.0003373497923487125,1.8114780176754773e-05,0.00033388961368495,0.01836134879103805,0.0004906705879034618,0.01827067271673575,0.001884376436777825,3.0029354616427822e-05,0.00188475848865955,0.019283236127238312,0.031412958093408716,0.0164281883587225,0.2944819408953041,0.0248789338040813,0.29584624059087583,0.1795455838789153,0.006549326042942732,0.177880243444755,0.2481674955746171,0.026943826966895085,0.2493817302163785,0.019370484431718488,0.0006712581540024596,0.019227941711922103,0.008150879145085938,0.0005792431286259732,0.008137040855211799,0.09023237782633718,0.003206624730345875,0.090201597521841,0.02978425957249634,0.000966131161042241,0.02962018063491145,-0.052357032878055924,0.024801414661358417,-0.0518432488106976,0.2543772559849188,0.026718445361755622,0.2501022352229393,0.41047465023080554,0.0071620641766669095,0.40777782091966974,0.2048178649075962,0.02880578348793462,0.2030294754531291,0.0952431961521136,0.004041695371402893,0.095860786904165,21.14558982567187,0.17630247084374248,21.124045206460902,0.7848427859179841,0.01250722619773319,0.7850019105267299,0.8057712851512263,0.010663201755981212,0.8057885764111712,0.9686580991050142,0.01289144450473663,0.9719723460884907,0.0137290686933737,0.012001108059441535,0.01138106514134685,0.026830157335426638,0.02304158122031017,0.02246241015571825,32.367280054588306,0.9315807537087436,31.897830628314317,551.1085711717664,39.102429200825256,553.5146747220033,519.0802176049792,38.708718633094094,520.4479467647316,0.5543631577977243,0.006647146874865315,0.5538881638191366,0.7333292962952703,0.026277026145250276,0.7361125170178588,0.25431732630572695,0.02069225600408562,0.2613993591564653,8.156596789209793,0.28561828760737445,8.103137051849561,192.21424156615413,25.761086078782295,201.3484621238532,185.06252646012848,25.69668445360283,194.45269634146598,0.7880630997382604,0.01267703443713965,0.7881045057742204,0.05543518096526673,0.003528888263529601,0.05559101788462595
MAR,l7_species,all,0.8,0.7076882401502953,0.12435203359161245,0.7394998719217338,0.8386332241711582,0.07644218265315156,0.8597106703256752,0.2775513250026864,0.030069831182284137,0.2862276376648837,0.12483034551313178,0.15600174902037087,0.10874956637565031,0.45587272000144075,0.08156273852438789,0.4344357410029275,0.19859336628639918,0.04772297058318995,0.19617762725598642,0.4235644821939821,0.052601352839784246,0.4101945515206171,0.08112309186667042,0.007035116433142027,0.08304101582408505,0.000408335277498575,5.541669677840623e-05,0.0003983947470662,0.020173188108036498,0.0013553641854542817,0.01995442333011745,0.0019431634148601,2.6381723302337848e-05,0.00195539454047285,-0.18134313504218555,0.14207293594651454,-0.20029449584538978,0.21550972412168373,0.03770281328761827,0.2021702229166625,0.1484999927045367,0.02823115957263546,0.1410959380970366,0.19610633033253339,0.020044999410769555,0.1886752265340016,0.0213299727538761,0.0013230448437184948,0.021313116942465002,0.00930009779597805,0.0009127179312599893,0.00912441799787685,0.0963517103938799,0.0046826915553592596,0.09551420652643955,0.03197049484032655,0.0017312290546068862,0.0317617843346732,-0.1784705566405767,0.08319951187390144,-0.1872612162812401,0.19009760375292525,0.027183829310173695,0.1817511858533288,0.34433941460757445,0.051172290273550414,0.3305963720500542,0.1614413239755048,0.014377907535930955,0.15564400205466739,0.10191106493795175,0.003812779713506099,0.10066786214176635,23.13819375798485,1.6773406196615985,23.64435203268942,0.8093275622892545,0.010987987755414107,0.8144218261069562,0.8262833840898683,0.009056692208983828,0.8293695193207435,0.95968580888933,0.006714309832983506,0.959848754738055,0.07863272205554722,0.05134319229792648,0.0824611112046496,0.1420947833731432,0.08915548861815081,0.1518703151977639,32.066490620221884,1.076587594015963,32.020061420982735,511.8621647338034,44.22954005477532,516.1594773170692,482.8389897168263,42.202872706380845,486.32461921859885,0.5535912230889881,0.009788622797749275,0.5542485637457215,0.6840556636330509,0.06039313600002286,0.6800156808883453,0.2506821263206932,0.013649682407637339,0.2465220345309757,8.126662942242701,0.41370940282269336,8.009834437913078,171.73149426850136,41.6205403509505,176.26306657815226,165.66292279955968,40.64674284186987,170.03312453244172,0.8114797992074839,0.010266419007479552,0.8162065341390519,0.059931102618483674,0.005052478845142449,0.06184903558123255
MAR,l7_species,all,0.9,1.27271048634556,0.36089971444920704,1.2852310535899738,1.1177286690550745,0.16222591441466236,1.1336803136642948,0.39055382343363676,0.05924920574590686,0.3999036912943009,-0.5446836623230179,0.42809321019134305,-0.4826816680723258,0.11709179504149682,0.18417941599560847,0.0237438853550891,0.05382430844388337,0.07806967365400008,0.0506395174051785,0.11149713433724738,0.17592335699592845,0.0225069937445836,0.10882668478713176,0.01574961963690566,0.1097464113017639,0.0004005252274624445,4.148443603746968e-05,0.0003891242706901,0.019990337429234124,0.0010127149371097885,0.0197262330588008,0.0021016818574422446,9.396218068392478e-05,0.0021277881316008,-0.19254037644917832,0.10917584209977048,-0.1679078602528059,0.15184173174206164,0.05027191346992053,0.1713187283302179,0.047892640852565546,0.05517099154980747,0.0275263599095301,0.13312155975838025,0.05074784500034337,0.1386833084056963,0.021322836692326676,0.0013623121890927457,0.0209852597822044,0.0090603560763426,0.0008381033155456964,0.0089809597702785,0.09509852700492855,0.004324871970932875,0.0947679258519389,0.03119910896855832,0.0019201017153267937,0.0307239060437964,-0.20588532301224463,0.0729965613849509,-0.1831335607905992,0.13659711067312183,0.04737459805362914,0.1422693005742235,0.14322778477203532,0.10842687463859972,0.1067567855219263,0.10859667304124064,0.04787159826712894,0.1087590704613419,0.10145659811710085,0.005397102514622673,0.0994148538325603,29.603272828485338,3.397250434251631,30.71813514669838,0.8753504936247131,0.03913524825485298,0.886223756811751,0.884650573666553,0.034401997862204714,0.8942924533706171,0.9304374949836424,0.04824335460454022,0.9483950448292382,0.09512677306320078,0.06504690983248063,0.093803320645754,0.1672706193542007,0.10465307035241285,0.1704973273593415,32.445392089829355,1.4282630912728536,32.18023255813954,548.9447596390187,98.62552922283376,579.8439716312057,519.4413658770527,95.99332649201138,550.4397163120567,0.560305510236313,0.005818436354733909,0.5612318440584986,0.7739923377663189,0.08186366025222795,0.8212025064937897,0.3048226520364983,0.03723165130492754,0.3216501859912932,8.361018309051955,0.3859081637841118,8.247916528604353,319.5953225330773,121.11221399171488,378.1757398943077,313.04566020915513,120.17187634332205,370.8978868596269,0.8782299095746972,0.0390546472749315,0.889340724065871,0.05471859286159573,0.012587284289736572,0.0549198770149865
MCAR,l7_species,all,0.1,0.5230360537064092,0.033139306113588896,0.5170048126851194,0.7228890707886294,0.022789984173389108,0.7190293629420597,0.23277722346197166,0.01218230086107039,0.23278863778187656,0.3577074399618318,0.0156802084834832,0.3545246876606146,0.5985053977808892,0.013627986895329697,0.5955313579412702,0.3078103037744849,0.04636153273008963,0.30487044968017313,0.5230268639150732,0.013738436045616607,0.5211402412520538,0.0716363339701045,0.0025129198295763856,0.07164964866319035,0.00035457838220216,5.049090132667302e-05,0.0003629560632896,0.01878456736707223,0.0013817907198567555,0.0190495750642166,0.00185150469988339,4.090063510492043e-05,0.0018691743823368,-0.030330339515737343,0.08505656898195896,-0.027341802185788598,0.30589656448728303,0.04425910478751718,0.3017368657429049,0.18785180167122156,0.015288472121955232,0.18506595268250245,0.2783077473963403,0.03858627697966879,0.2739194206760148,0.0212128430469751,0.0009587607343376383,0.021132804908997847,0.00876414744741115,0.0015457823857951453,0.0096167244423052,0.09325527680680498,0.008666717634295933,0.09806408538336026,0.030659793468286612,0.0024745162425505425,0.031017099767941703,-0.12364506356215835,0.09038001353345305,-0.10166816004051525,0.26107012237260613,0.04431406810620244,0.2583304299059469,0.4453543470432665,0.03662266935319868,0.4414426804057912,0.23227025910276797,0.03859909874832048,0.22514462487454115,0.10533053508936926,0.006986502456660797,0.1069262282018635,20.535203543719927,0.6007593076358451,20.44414132276075,0.7711517075014473,0.017035114521199424,0.7785111302432894,0.7931985688305175,0.013660873071487506,0.8009309674868992,0.9717207172553035,0.02032923703700479,0.9674485906545573,0.010794804772892283,0.01125709102307271,0.0107955350038924,0.026403975672369275,0.02154543007182618,0.041586740170445,31.797777777777775,2.564406572671121,32.03333333333333,478.50444444444446,35.11072362655387,485.73333333333335,447.21777777777777,34.15093553338199,451.8,0.5562367040937124,0.019775111734303685,0.5583056339665071,0.7020557551877397,0.021744101477323672,0.7018468926827877,0.2401315367886129,0.026722106842288592,0.23235484874251683,8.220956110737866,0.8141597561878433,8.13437475624627,138.5709495988258,15.964092927722989,136.72584670535497,131.8876497671683,16.07191795628751,130.30134684761242,0.7755036057767695,0.016664410376634582,0.7827417090125337,0.05962188765746461,0.004159140766770637,0.05829222952049665
MCAR,l7_species,all,0.2,0.5265956829981895,0.008981304300910233,0.5278862707778038,0.7256453439030548,0.006192995147469093,0.7265521901171562,0.23085811115858398,0.004454414443907703,0.2309324875535321,0.34470171721832477,0.014375817415337482,0.3452319188801577,0.587538832808425,0.012412487710070816,0.5876950779567429,0.3279940902231216,0.041038864975050375,0.3313548422279202,0.5079788928726897,0.008137467800376656,0.5082757498321465,0.0710617384602127,0.0008077781034107306,0.0712321649433752,0.00034487986799152,2.594384355006381e-05,0.00033736453074705,0.01855921800584289,0.0006954574858376115,0.0183674536473974,0.00187157070754221,3.472085590824684e-05,0.00187036027297375,0.00566346986049224,0.025019812445126337,0.0112734362144843,0.29360266831866755,0.025320779685938488,0.29690928809553546,0.18957704585413074,0.010854010552057316,0.18739303210158914,0.2541192371352283,0.0269900603105367,0.25967753429812324,0.01984239710756368,0.0009151928220929602,0.0197804976909267,0.008640427733732591,0.0009692713388545739,0.0084536220311243,0.09282299974727894,0.005198124838106569,0.0919417967198628,0.030610715292403563,0.0018175644331032206,0.0304532420934201,-0.07853172750373322,0.028169011019231062,-0.07881246328658126,0.24923740442560294,0.02875873770842504,0.2518265975278138,0.4387340729320354,0.02087725003866863,0.43726040563550284,0.20826854397737002,0.02890339730803869,0.2109912290179364,0.09930363741760125,0.006219030751113917,0.09908862312987515,20.61193197104018,0.171063764026277,20.638658902425448,0.7795091996913508,0.01446123648578657,0.779005053693582,0.8013033953468194,0.01139788806710509,0.7996579152085728,0.9855707299645842,0.010504881926958283,0.9853459378889179,0.0058373349735222,0.004998471566758032,0.008915517200559,0.014450530312758142,0.0088430741428638,0.0186121760783843,31.361538461538466,1.5413495481572594,31.296703296703296,526.8516483516484,48.28674027430388,522.4945054945056,495.51648351648356,47.36116817225573,490.489010989011,0.5552927140389772,0.01022161190875278,0.5550568672911653,0.730588697970622,0.01655852792057885,0.726870558063837,0.25054222778965957,0.017001657725087518,0.24878191929202875,8.003399126591244,0.42254955339276634,8.0090259948465,165.2166942225128,17.926337799642923,166.88959016835457,158.07991501913344,17.99825572237636,159.3416032760495,0.782998989773934,0.014497431262405228,0.7837399451541321,0.054551680523601,0.002959115902987044,0.0547333381617225
MCAR,l7_species,all,0.3,0.5359295194457805,0.017311991966612025,0.5334788236110992,0.7319867000969673,0.01178465701820205,0.7303962064569287,0.23450179426352538,0.006810192792770504,0.2330498926371331,0.34083548678730613,0.0062135393503553234,0.34110234205189116,0.5844244174117497,0.0055078255120427945,0.5853786333581912,0.30978714025707405,0.02026441005210476,0.30383986716665345,0.5002440488661969,0.008590805678523727,0.4998689214316866,0.07126017871059824,0.0009869233669773372,0.07142066106787735,0.00033533620066790004,2.54062111204588e-05,0.0003296186901441,0.01830036557615362,0.0006934779072698946,0.01815422382587885,0.0018834270954708702,1.4908781802681687e-05,0.0018852252506674498,0.01712278764051761,0.06198953325838934,0.026228667316481248,0.298371900247088,0.03129687712203754,0.29948071062523013,0.19409144194805508,0.008555889224443954,0.19826019692545044,0.2516155246207212,0.018072428741925967,0.25073782288975616,0.019449106732338038,0.0005455767955214553,0.01929486510360805,0.00823988927941135,0.0006314918637509822,0.00812980099345315,0.09071412133197068,0.0034701057268375878,0.09016511344303624,0.03004445128888076,0.0011124550744766573,0.0298051667861601,-0.06828990912999452,0.06032897951223367,-0.0703696004057472,0.2530499224228434,0.029339815953011345,0.2529763541611999,0.4292755830600682,0.012719732427861325,0.42678620650167826,0.20561570046054908,0.017083358490853896,0.20292596771281354,0.09645989133423347,0.0027520108783362003,0.0968143465138912,20.76416065434223,0.2898575522959219,20.752684771267504,0.7844473852636347,0.0062095076208229655,0.7851963169030084,0.804661085168704,0.00569463027079649,0.8042407601410049,0.9452372945084663,0.11318307696998083,0.9836287642659434,0.0059436339977402925,0.011022872314076355,0.0009300993268434249,0.014498666496222256,0.023100735719606427,0.0088866385496251,32.165441176470594,1.4441880715094029,31.863970588235293,564.1735294117647,45.308112625497174,577.9889705882354,532.1580882352941,44.428117424254204,545.7316176470588,0.5558483895053915,0.010171180405169455,0.5564935443831283,0.7374005307193832,0.020187084233131997,0.7418362279715957,0.2443500993111592,0.008198667630743827,0.24442189843242385,8.11934567738648,0.4203410455780387,8.034941931260493,173.55094981519943,19.238032559447362,177.827903600669,166.21849054713505,19.037301201361025,170.8252564046592,0.7879575422957007,0.005987847419949306,0.7886378121101858,0.053164736682332556,0.003461313268798154,0.053396685361289706
MCAR,l7_species,all,0.4,0.534800633532134,0.009691117888901521,0.5374245554744999,0.7312734713450804,0.006645268914372786,0.733091342117485,0.23524008435262647,0.003820981466708442,0.2363089763878937,0.3386554900470181,0.012131647341727062,0.3411398847504594,0.5821185419873471,0.010669786252765328,0.5841905308237616,0.2855956355319303,0.03199028209106149,0.28824702318717976,0.5009788567682351,0.00949349647243556,0.5036549604600122,0.07128866078126159,0.0006686086482704476,0.0711666915677992,0.00034507780494417,1.4966241075379022e-05,0.0003443832437036,0.01857233467297777,0.00040302982951596054,0.01855749193164425,0.0018797559158833198,1.978768269181817e-05,0.0018840201251204502,-0.005157145163158181,0.030606860912251097,-0.01550594456753945,0.2923438120660217,0.017354409523970046,0.2874981024838965,0.18641908030457888,0.00823796536090099,0.18640363539237945,0.25561011490729746,0.016584110581879852,0.2527545533956369,0.01970470392234731,0.00041422819765693286,0.019711753044246,0.00849724584711533,0.00037987031790719615,0.008634435037915299,0.0921595528245192,0.002071679485085504,0.09292141524793805,0.030323491913432487,0.0005085874421080556,0.0303020781582682,-0.08841907335515026,0.035876497201765147,-0.0985692525560465,0.2504831264473277,0.018460779991078,0.24818929783174595,0.42271236432367837,0.012933423458092404,0.42593899078133246,0.21131292354051837,0.01680081170860818,0.2075630269649187,0.09783016598506362,0.0021098768927842776,0.09780397806667504,20.728662832070043,0.15987681536118675,20.760629307607786,0.7829183389654227,0.008241569841147973,0.7846943821126859,0.8038769773942398,0.007290539326608219,0.8054741405689667,0.970050642676572,0.028112077301211562,0.9763984599871098,0.011181453305287702,0.007368432319268188,0.012312907505838099,0.0220111816566687,0.014450366760436262,0.024317352256264947,31.896571428571427,0.8005445435676657,31.782967032967033,550.2007252747253,29.79747635134765,541.5989010989011,518.5263956043956,29.548092606046996,510.11538461538464,0.5552986476114873,0.0069643224765506785,0.5539259098783658,0.7264785261593982,0.015289961670180936,0.7242184831739205,0.2502998404388091,0.01116782669919442,0.2509354651390716,8.141161475284523,0.24147402817640712,8.163068416480364,174.6469749053228,14.838277054333698,171.57104065660053,167.5694888780416,14.819147577267314,164.58707696367884,0.7863885068652691,0.008426714048248293,0.7889658803932844,0.05406057114348019,0.0021836264471321496,0.05428573892674915
MCAR,l7_species,all,0.5,0.5414914010225418,0.011043721370995675,0.5406001126482592,0.735826474964189,0.007512934351841879,0.7352544196825206,0.23675220285094345,0.004213976394441749,0.2374066761438744,0.3337162164500179,0.006558179104625274,0.3343078246369222,0.5780456714878431,0.0058562491421899855,0.5790357153240253,0.2970110407108574,0.025802875518811146,0.30260760830215183,0.4955402759053973,0.007065566944840288,0.4968891798058336,0.07155813497435473,0.0008422931227312414,0.07167314036140915,0.00033700197763775,2.354861370532415e-05,0.00034162531546905,0.01834747955750149,0.0006428854441448208,0.018482917388245902,0.0018720118467032102,2.7663218582873738e-05,0.0018796771254288,0.02300726282003083,0.05593871598751652,0.02434745665489775,0.3099682361417723,0.03561958250326662,0.29931973962957376,0.18621903136550796,0.008936494815207361,0.18812158616562974,0.2666962349587695,0.028627422504644708,0.2579367611599734,0.01948780224969186,0.0007342094141057886,0.0194339996429944,0.00821157125054892,0.0006445436219116423,0.00820153840019865,0.09055352414002175,0.0035948290596746414,0.09056228038311956,0.029783616161134153,0.0010893275268278328,0.0298469860205208,-0.05191412959846779,0.056278549606373206,-0.05003428458644695,0.27153834401212995,0.03841303808677064,0.26044740795269616,0.42095546955874336,0.016872588746680087,0.41883089867701995,0.22457021367440894,0.030576601631299216,0.21623162742075241,0.09623805920521514,0.0042403805338117806,0.09572132885493276,20.867407889651556,0.19083871092522492,20.870825490465403,0.7796929341519062,0.01152173053976416,0.7828855227411236,0.8019447629290829,0.008820423587155344,0.8056886132489642,0.9851215092216872,0.008980597669381063,0.9847344285432168,0.011660178222562014,0.009258353099303538,0.01019707519465945,0.02289455736612476,0.0180126347621359,0.02017451256491795,32.25598642314439,0.823212590860852,32.13436123348018,562.8213602520207,33.93055159493895,553.0372547056468,530.6834923786478,33.67364325904664,521.6541850220265,0.5541972243049884,0.006783400030486192,0.5553240876430149,0.7284790649293194,0.016483659061751737,0.7235965842991379,0.2487934656374684,0.013352119589172281,0.2503824182812462,8.15596499474434,0.25934638269890914,8.207864103779272,176.79321575617652,16.64748703290703,176.40786612091688,169.70185070075348,16.71523450739974,169.4207549405595,0.782664036989161,0.011719964490486989,0.7855024066070553,0.0542083675990996,0.0026688795245569,0.05381791655714825
MCAR,l7_species,all,0.6,0.5428353192503583,0.009083192278308807,0.5431124391635878,0.7367507136734167,0.0061577833737541865,0.7369616266560883,0.23777651616223888,0.0024754866898210725,0.2370811177571184,0.3312662372617273,0.006407658261086578,0.3318887865666902,0.5756828817909801,0.005671252538570729,0.5761017950988858,0.27952719417007343,0.024345237629111147,0.2846512799560302,0.49576361834570754,0.007057261444510096,0.4948721464224919,0.07127972150700063,0.0005419680146219915,0.0713752137575676,0.00033547669439342224,1.7936775126455733e-05,0.0003252639592095,0.0183102769603865,0.0004865783912405579,0.0180350758027116,0.0018762838146763332,2.064090866993012e-05,0.0018789553867699,0.022901680719349903,0.056713226761002704,0.0338862835064813,0.3074154410056059,0.030741112672509764,0.3216200546669614,0.1862874100979019,0.00825539679801273,0.1832392851352659,0.25982151105150164,0.02544019413609975,0.2599713767675618,0.019167286757799655,0.0005156616241019052,0.0188773624429275,0.008169940227225732,0.0003510668582491472,0.0080851021253215,0.09036926384146776,0.0019373764409884395,0.089917195937827,0.02990401184293988,0.0007467305071332213,0.0297079652843241,-0.05104896350141484,0.057392392351271755,-0.0272226401991106,0.2686803554645642,0.03260846082128635,0.280836007398678,0.4182206106165459,0.009698923480783555,0.4166557769572435,0.216848880509237,0.026707138108012767,0.21433877076337,0.09464396889619825,0.0020537336938971653,0.0942618126858396,20.88992755958602,0.16598865862784817,20.872831004695566,0.7814722088127097,0.008596938461023265,0.7825849185896646,0.8033986013290684,0.006479076069107529,0.8037954842972153,0.9203233808770226,0.1028886485380132,0.9637282919322928,0.006354229488556107,0.006786017333964317,0.0063452683594188,0.012542063490550997,0.013300493018430023,0.0126092403515979,32.2676817431572,0.5884250824594459,32.32244897959184,574.4510594649323,36.99202825498483,581.0488721804511,542.4440571687292,37.02684254547604,548.1466165413534,0.5543790291262053,0.00676131160843383,0.5520209748427078,0.7279446254929212,0.03294450710886508,0.728807234215206,0.24499253715663707,0.014793185287661105,0.2449104564285483,8.148213869031387,0.21457304152001186,8.208774820334732,181.69861970888212,27.29314851151264,183.08772811548883,174.49012724903065,26.95695283855601,175.7812947337472,0.7846312874515182,0.00857174503870493,0.7856568056407113,0.05263596719138941,0.002599799064779589,0.0518058849846316
MCAR,l7_species,all,0.7,0.7794072046690211,0.28566925453864433,0.6877675673434201,0.8710924245482632,0.15724576648157954,0.825413183433801,0.2800963378062125,0.04871089605354939,0.26471767060594503,0.02943058567146721,0.3566508360878923,0.14215831027294415,0.436191694091802,0.15406972193343166,0.47670364470728355,0.21259932508156898,0.09345887973079396,0.22711535060051896,0.3930620056194214,0.11448498313081372,0.42825458845896003,0.08413457422035438,0.014967321485369257,0.08014992234200766,0.00040724418111808333,6.944863107296297e-05,0.00039417084205245,0.020120159511443265,0.0017052961099655363,0.01983637158298255,0.0019470427909173166,2.7117142394037907e-05,0.0019329854794813,-0.1635009611128739,0.1847381744531048,-0.13808255003436415,0.22662180348673758,0.04034179160984528,0.22848522139322824,0.15275223631148846,0.03384938121205033,0.15639126972165246,0.2010922673051094,0.021359671184804627,0.20834566406045815,0.021189504397415983,0.0016434657662114686,0.0208101568971994,0.009466650054382833,0.001356487220926033,0.0089395371729904,0.09710169413911678,0.006744869134056573,0.09454910848522455,0.031776481303469196,0.001785479639094342,0.031209541161080753,-0.18114198473532617,0.1551640644474384,-0.1286648715153756,0.19950106646592347,0.02775613098054495,0.20256883520450802,0.3682804041782113,0.04962252283182926,0.3721535523382792,0.16625323381266927,0.015702854985826666,0.16442238021668595,0.10232661811142522,0.006494170787200336,0.09910985337497324,23.282863109081102,2.65366326455382,22.59347672182014,0.8109433224170809,0.011294289807113828,0.8050884522039705,0.8268607066490598,0.01029241552221096,0.8224040627431188,0.9682637285895263,0.020949249413486734,0.9661965791664688,0.06580316280610853,0.068384675126556,0.0503142676031686,0.11652778280174536,0.11864798589952565,0.0927420519610204,32.0418268515375,0.1492320976912473,32.01778706606293,540.0813458377578,63.15059011519332,553.1129870280826,511.34520429278126,59.813978466641096,523.9286893249023,0.5506492327206524,0.003192700646310839,0.5505795953181502,0.6973266104821273,0.06806610374200261,0.7163876343850897,0.26172164713773466,0.006634715568742636,0.26296631574861934,8.03774977064087,0.08564297110765084,8.056129653352563,184.2147078244036,47.77009936252379,197.52937242526923,178.13241007574496,46.5528414805832,191.40503551737282,0.8135726351317443,0.011285350722409469,0.8075643739881191,0.05533334572221354,0.007454027233387398,0.05259469441183695
MCAR,l7_species,all,0.8,1.2655182500302697,1.0669519556265665,0.9549315405465566,1.065014887644879,0.3968801417935177,0.9770027815216029,0.3466095744191698,0.11979845138313797,0.3130658463397018,-0.5514059506791539,1.28684042122821,-0.17057180822974063,0.3067989989486641,0.22826160302322282,0.32467887287850616,0.15285778986567333,0.08572916656434044,0.16600465255882774,0.2906356150257767,0.2051682462338131,0.3204865702754768,0.10351023901411577,0.03784289713234727,0.09492782540102254,0.0004190398993116667,5.08860149955835e-05,0.0004382183555654,0.020437588882325167,0.0012703668708302788,0.02093354855351505,0.0020006469431486334,9.636783863091404e-05,0.00197750635789565,-0.22957602664340207,0.1559251876486338,-0.27496291562697145,0.19630675313954507,0.05158922191583986,0.1958046889277945,0.11109495420344374,0.07123064418396559,0.12142893533532226,0.17859120008332183,0.04093250616685152,0.18056323622987144,0.02162943137778382,0.0012659057913230061,0.02215659344859315,0.009578444901573351,0.0007761125745585324,0.009896221092509299,0.09780099026293694,0.004011663768909549,0.09947936248484575,0.03189999421334572,0.0010500833118679324,0.03173662996170755,-0.23987923832867053,0.11983249344905762,-0.2606456062279564,0.17237011056466467,0.04303982367239853,0.1713479993252833,0.2863527698263237,0.12064388026919859,0.2991757443869082,0.1476280254631334,0.037736696829639704,0.1463936542692441,0.10355745474342937,0.003689915270145907,0.10515013860352095,27.011672487161036,7.175865449139351,25.217304410008737,0.8332694518214284,0.04013720478977679,0.8236313980635699,0.8472373821423248,0.03506065889921249,0.839335451299471,0.9584148443008251,0.015544539696961124,0.9594084007217376,0.1102183083984713,0.05961350645278975,0.12194132351109951,0.1929375569975247,0.09946644362964523,0.21503997766983324,31.96205970522685,0.7646300319585738,31.829224738675958,507.1850420260391,56.29521571413592,495.08815331010453,479.67879976974314,55.21937866502921,465.888980836237,0.5564113882749377,0.0023462913994991906,0.5562760218284262,0.713138056909073,0.05759952847411322,0.7039110835353626,0.2848750093983394,0.04298233994291881,0.27249602652085914,8.120053861084573,0.23064056051867246,8.073668312783452,224.33045980541135,91.77721431480596,196.90261651679396,218.6000459582606,91.68934022727395,191.7498110525761,0.835960699379871,0.04009579680556566,0.8268329015779359,0.0585420517035419,0.005744977850412169,0.059808825979333305
MCAR,l7_species,all,0.9,1.1109859063491359,0.318134945167483,0.9916626021365869,1.0448978784313645,0.1459616768530138,0.995070127326346,0.3717662805617138,0.051454586909517395,0.3588433296873168,-0.38493267953131116,0.39058392413419274,-0.24622456807053977,0.22441698843818703,0.16025581441341746,0.24754055324993804,0.07396732690088896,0.05406527822366874,0.0661208231966694,0.21945578718824582,0.15665917167926924,0.24204945732255068,0.10161043578655087,0.013936768470151411,0.0966218257111368,0.00045276441367589,6.790833470294329e-05,0.00043615758679225005,0.02122777703584043,0.0015441271509882156,0.0208842176379805,0.00206067420261607,6.137209266806966e-05,0.0020538382791078,-0.30454088681400027,0.17635522299521125,-0.2746276777634818,0.18572387830585763,0.022619853667236484,0.1852391053656528,0.07405867096818616,0.059080359076431346,0.0821116305141974,0.1749080197991088,0.026852579569986882,0.1801894601106282,0.02238254778302052,0.0016858617270781625,0.02213045515148885,0.01008319325932146,0.0010655159678722124,0.00997729735312025,0.10029181526550175,0.0052435198178304426,0.0998860880172401,0.032540137023324825,0.0013512012552596604,0.03280574020169445,-0.26757334329763816,0.09789466959507691,-0.24357125455971804,0.17720773861376693,0.03189849993331405,0.18103533233515123,0.19483227395245473,0.09856376978205536,0.19608618907118064,0.1563381402815362,0.03559142668056076,0.16368984025796585,0.10579079636970752,0.005691199916102804,0.1052281726229379,28.050967797775037,3.3088739592950516,27.014416994911155,0.8582708053896141,0.02556147659625216,0.8554236432484068,0.8688516872801497,0.023363639445695798,0.8675153103393154,0.9595820264378523,0.013057279359051946,0.9572681695997345,0.16975938856113423,0.0640764873469541,0.17005840841817094,0.2840053383853647,0.09254735236456456,0.28908617310938256,31.74748701317377,1.0998364017148112,31.680904522613062,490.73172413161166,74.02277762254228,509.94279878926795,464.847985750045,74.47195789312126,481.14990155455644,0.551692690713385,0.009722916814774768,0.5507772018478303,0.7126577857574198,0.0775380935996971,0.7371463481992668,0.2987467087441409,0.04586427332144455,0.31088928235181135,7.9747273305029065,0.4294145089461515,7.9897050565347785,264.9675295701313,99.18056077584885,273.2724831871791,259.536523195976,99.03370390706672,268.5351877344666,0.8609513256783042,0.02530669201141721,0.8578400456405579,0.06772806861044131,0.015944407287731475,0.06282453842047794
MNAR,l7_species,all,0.1,0.5653762197031706,0.026052564140315856,0.5574421464609327,0.7517373271286274,0.017230809121316065,0.7466201641610155,0.2504974852901461,0.009949542140491232,0.24981146288103714,0.35863178538441226,0.01448991941942654,0.35925144913781504,0.598999705776657,0.01226508388740266,0.5998380400637089,0.29530618772191974,0.05521338489375589,0.313005566374458,0.523595788016681,0.01298621673978677,0.5240771245786056,0.074395295770027,0.0018562820333213783,0.07402493347281941,0.00034397231353181,3.523419105982375e-05,0.0003514281638306,0.01852399406344135,0.000962610726350878,0.01874639648790195,0.00182602486502205,3.9718892617272904e-05,0.0018301100408782498,-0.10843405328870628,0.11075530740304076,-0.09442261223408804,0.30560385660864486,0.03415164478108403,0.30131830468331755,0.1891040677391152,0.012287690775657622,0.19143254433228854,0.2905363675623197,0.029657537680142107,0.285273863903274,0.02067998589630594,0.0015415866111211747,0.0197191209027743,0.00750736247348222,0.0010336807442952681,0.0075455476258441,0.08645587272978325,0.006031817858820619,0.0868645496178084,0.02820755224644701,0.0016174314887538405,0.0285043308075464,-0.18953592413290665,0.1284657735254446,-0.16065605712022263,0.26736104262139176,0.03538959813142527,0.26067809424674515,0.43259888531981777,0.029997749887728877,0.42231894226212896,0.24858629889397718,0.029408985353487606,0.23934009524249344,0.09656878290768633,0.008331192167909646,0.09426561351609915,21.348393570248096,0.47651928920411846,21.180744613676886,0.7605393562817131,0.016542918775102437,0.7622408320258216,0.7813084188854322,0.011211087721149276,0.783126341447994,0.985817010342755,0.012967790515591235,0.9865871833084948,0.02088771528760825,0.026004274967964286,0.0191534257097475,0.044185348231777125,0.04879318114667735,0.0416050801992664,35.251111111111115,1.8334208733308994,35.2,458.9044444444445,33.70002918512367,457.7111111111111,424.08888888888885,33.45801045562681,422.55555555555554,0.5738557951436843,0.017290157154516813,0.5817570252793266,0.667274546175938,0.027667611251913162,0.6649454150229613,0.22378134596477922,0.01978357639318212,0.22311208442795621,9.151677020171181,0.7349833913885676,9.285239757727465,115.24391897989592,13.298588552458181,114.45499550888678,108.08390157667324,13.435515139684965,107.48566853162421,0.7646674273478264,0.01628053153261325,0.7662364090935518,0.06709757523840383,0.005903495233310933,0.06686731422818684
MNAR,l7_species,all,0.2,0.5721767734634114,0.01681949070510476,0.5745759512116919,0.7563496774310243,0.011152424419872445,0.7580076742822596,0.2506695925864766,0.00689762806386069,0.25034102474609754,0.3427736847325638,0.008379674099792109,0.34365591420041985,0.5856403025590098,0.0072432515014893995,0.5864674477647146,0.3050214536841707,0.026488317119741606,0.29678367837154385,0.5090911639652711,0.008856376824920473,0.5100161259427476,0.07341532471790443,0.000922788377280213,0.07327514917047714,0.00033809237794887,2.763488854139112e-05,0.0003440969722904,0.01837339454810398,0.0007533264960064604,0.0185497901121566,0.00184452540386893,3.28325427771756e-05,0.0018439283541535501,-0.0567319858690055,0.06320921966405141,-0.07508485234535561,0.3058059219192756,0.031301853943767194,0.29907998506111877,0.1830577742649999,0.010134267574904427,0.18355722722131623,0.2839744657154154,0.03055528668761664,0.2788983711753217,0.01978866808603324,0.0004914603390587591,0.019877791813643603,0.00753912658707101,0.0006712215027312419,0.0075930276768728,0.08675099490837153,0.003857383897403913,0.08713786298315745,0.028300772426938493,0.0008906669389793518,0.028324302376384752,-0.1372545353968618,0.07192127292294284,-0.16126066213412943,0.26694516177874117,0.033446908805341256,0.26155920268066374,0.4058057669257023,0.017235162156944695,0.4021283318762535,0.2418790678171932,0.03193890297808664,0.23684890186037277,0.0934888756825333,0.0031744662198069907,0.09342916054104106,21.39376288273018,0.29323428848587424,21.431794645905256,0.7682448307114285,0.013674754066690237,0.7679961595049607,0.7896374571500506,0.009979769683460904,0.7897327230379596,0.9808560269627776,0.017089294712134506,0.9801853501715463,0.01751810500874627,0.01651527483984368,0.01028179793633405,0.033941569528843626,0.031592746892477166,0.0203457292042945,35.27802197802198,0.990177713659385,35.35164835164835,542.9186813186814,19.26086826454412,540.3956043956044,508.067032967033,18.802333353539666,505.30219780219784,0.5691331112986616,0.012273203405738781,0.5688643436906731,0.6841113256185057,0.024584100738076303,0.6737565772556564,0.235072644337254,0.009056172426183106,0.2354732268052092,9.185775179936524,0.5678426806227854,9.247202348062116,142.86245194549883,14.580662192896833,142.20490643857195,135.67825952907185,14.63618382596763,134.55889771772843,0.7713395860226385,0.013766225043081939,0.7707382514885004,0.060474757306518065,0.0033215998748025674,0.0591556912238626
MNAR,l7_species,all,0.3,0.5700015208800411,0.01981597099196431,0.571261600663111,0.7548812043355259,0.013160894134897197,0.7558183182466677,0.250767440737233,0.005871569882494799,0.25036445306456384,0.3447788238690015,0.009114243606101146,0.3443990450134877,0.5875666330210265,0.007934150649365949,0.5872048706622637,0.28643163509984476,0.027127303484528104,0.28354231338281377,0.5044122659927478,0.009153580138139376,0.5014461384772231,0.07336340157134826,0.0014231840082049156,0.0733194154881053,0.00031795309135494997,2.760892832177478e-05,0.0003134607202915,0.01781638068413967,0.0007671525075166076,0.0177037492610113,0.00183485857539851,1.670754294185426e-05,0.00183181285196315,0.004823090886017661,0.049282301782197266,0.00443354275615445,0.32270352099643784,0.02314990761520962,0.32726915880885077,0.1894329274898966,0.007491209371882711,0.1898930544714574,0.2904337530819626,0.02166452661490247,0.2910042371095799,0.01909746342032019,0.000775592685447278,0.01916784318317685,0.00713447592192014,0.0007480564306082828,0.007086362578794849,0.08436291301359401,0.004393787252848527,0.08418052698707909,0.027647881001472467,0.001135689733388414,0.02736272163092475,-0.07652183312481822,0.05005828254010757,-0.0753993597216763,0.2816692411955251,0.02480411736235908,0.28892484798844054,0.4220023783379173,0.020106911684692513,0.4192828434241309,0.24701673972240962,0.023442396333705883,0.2480586499428151,0.09047263604400402,0.004481115502021861,0.0900828630069117,21.38998310040504,0.362295953444612,21.417668143341693,0.7642185966535078,0.006958691635279164,0.7629500528426789,0.7883377558647939,0.004620430169247949,0.7878853776542654,0.9768517212651672,0.014822566468308143,0.9761904761904762,0.004748557936060738,0.005209895155956924,0.00357017421203975,0.010446488547828623,0.010329466622104148,0.0123731749566938,35.15735294117647,0.8622728765585734,35.43382352941177,553.1139705882354,27.235226898676917,558.9852941176471,518.0183823529412,26.92090393808711,524.7536764705883,0.5690795386116685,0.010550949982955042,0.5654303549331541,0.7049788026083517,0.019180914243624437,0.7058966702906654,0.226756645176822,0.009723510334567063,0.2270612477295854,9.070711685579301,0.38067196645380924,9.023334559122626,153.44318063562542,9.376254195656566,152.53479413639405,145.61377639693816,9.24381218057535,144.9605585591735,0.7677416100375731,0.006646559166616265,0.7673058552238858,0.05781989494632741,0.0024105455016906045,0.0569203641151598
MNAR,l7_species,all,0.4,0.58043212326909,0.012035389498414647,0.5846620871469331,0.7618237009075345,0.007942292185058136,0.7646308550727787,0.2527283409868513,0.0035047145443365827,0.25264662356700296,0.33402597971248144,0.006331185912079965,0.33422398712408097,0.5786516082605152,0.005790916760036794,0.5785225915839487,0.2514006935328301,0.026216297021824285,0.25021438253505723,0.4925665605796693,0.010501998682583573,0.49410983445356815,0.07397955081813783,0.0008360739376787856,0.0740010458843218,0.00032528007629629,1.824025093524648e-05,0.0003237141684963,0.01802910872603844,0.0005069679378624467,0.01799204202354555,0.0018554196925280298,2.9006921119056128e-05,0.00185443076073035,-0.023836199317172825,0.053746535080767696,-0.0238495578699572,0.3102921375412947,0.023616846585459993,0.3100592118090582,0.18377331835548202,0.011764556252719882,0.1837616278573584,0.2824542849129944,0.021697388445307997,0.27686729206478233,0.019217369939661937,0.00046902980212168075,0.0191836245714462,0.0072660263569076095,0.0004709636541266341,0.00726989439108195,0.08520061096916275,0.0027653103882520937,0.0852613617158701,0.027819282898008814,0.0007750838086095696,0.02764802039493595,-0.10845154775417283,0.05950842203809004,-0.1015315816246911,0.27016290199203224,0.024540571911001844,0.2682471137532211,0.404614079138869,0.016903147732678092,0.4048847253803412,0.24009753063143643,0.022747715736353515,0.23573671554875605,0.0908537778650288,0.0023828155984256193,0.0910324839308906,21.56209945221402,0.21942232998220512,21.618640747576045,0.7727823019379412,0.012081382646082004,0.7723704118442076,0.7950162785933923,0.00963404493305453,0.7957733390217931,0.9706752589173242,0.014909449703432763,0.9697678893364621,0.01487187604724929,0.010939739125932428,0.0140150287819092,0.02908002555596629,0.021190049042851416,0.0276240493102754,35.36098901098901,0.9222809304182229,35.505494505494504,552.5972527472528,40.68795193795473,560.0604395604396,517.6637362637363,40.08556823592175,524.4807692307693,0.5690500431782534,0.009372541465628586,0.569965755841251,0.7041103178898446,0.02722273284470724,0.7095558522264678,0.23559984383473323,0.011751969328658237,0.23452198848138525,9.090093604112502,0.26789555158880585,9.144506543754915,163.72101407654202,25.341909733404748,164.94757122974607,155.98809630766857,25.11481248801724,157.48491582379972,0.7760361099387664,0.011655904577615846,0.775670671077547,0.059157590188865336,0.0027960047142715438,0.05862840448186385
MNAR,l7_species,all,0.5,0.5741214588687054,0.009390782311221231,0.5738110667931184,0.7576864613565873,0.006175165577625433,0.757503179394726,0.2507818751057598,0.0025179886359716626,0.2502599935306798,0.3306290162068074,0.006943578447667133,0.3328950979692132,0.5753777234932688,0.006164749475435181,0.577058189040278,0.24389829278788033,0.028792486198938663,0.2282882070386715,0.4892629799147176,0.007713520764616332,0.4902134357854908,0.07340943105207708,0.0005054806679866188,0.0731736752163867,0.0003346647669384143,1.9566449632709736e-05,0.0003315077151278,0.0182872675434726,0.0005298253050768736,0.018207353325726,0.0018591166433889572,1.9337184048336794e-05,0.0018577194239822,-0.03603627230589308,0.06221681916987006,-0.0222639304232035,0.3082807390756384,0.02273117898572338,0.3082748669630741,0.18109937115668887,0.00949610140684969,0.1765929478151313,0.283247219385698,0.017986453465338892,0.2835435705830156,0.019399017051506016,0.0006451867936057035,0.0195191388366504,0.007565034906272257,0.00045516812131892977,0.007418851211337,0.08694443223392738,0.0025788973272197514,0.0861327534178317,0.028217478427689385,0.0007424351905955229,0.0282238230928157,-0.11499037534025018,0.07059879206943322,-0.1021913464263368,0.27211507943436636,0.024767527605290954,0.2716445252860103,0.40183769966328436,0.0058578719714145145,0.4028224190063401,0.24335940271207637,0.019417516765270832,0.241957338358404,0.09226865996856491,0.0029274394387461223,0.0917373366345796,21.460342507623544,0.15642708992111198,21.41429167110713,0.7743220819715211,0.00805393715613014,0.7737401400885985,0.7954058838504336,0.0057972306972982,0.7948972770854139,0.9708193413475819,0.010787022682484333,0.9736346516007532,0.02110280329337817,0.0075498467559375485,0.0200153751707584,0.041214133499418396,0.014428758731475392,0.0392243995491199,34.80113278791693,0.5568371888820012,34.859030837004404,559.7331655129012,37.287131414764616,581.5814977973569,525.3071113908119,37.08608736414602,546.0264317180616,0.5655471904067,0.002762750239577711,0.5660193625519145,0.7021200559624037,0.024060458623556557,0.7093290350570431,0.23724537157141184,0.013071718979328786,0.2367181278940031,8.862147284786209,0.11116569786198631,8.881291534917732,167.3486886705455,23.131958812032117,170.0490777489214,159.9906487013073,23.00991188630942,162.603479491907,0.7772505081961827,0.007754358639129359,0.776520145342294,0.05879574546221419,0.002233288475877333,0.0593561728267633
MNAR,l7_species,all,0.6,0.5857293465968154,0.011067182272649056,0.5861935102219655,0.7652987858494982,0.007235327996818727,0.7656327376204457,0.2524654710918154,0.002690143980328474,0.25320699805662383,0.3100382468190176,0.008891389408795336,0.305822542058903,0.5576837408985102,0.008051730034709924,0.5542633387423554,0.21059622623346108,0.04321997989410495,0.21153378952771884,0.46406532441224513,0.013993775873658599,0.4606986475228374,0.07380924995436161,0.0007632695526713962,0.0739424663926649,0.00032482866951267,2.660459262891089e-05,0.00032197146274865005,0.01800982921379175,0.000726269924389838,0.01794323316184075,0.00189069147744893,2.7940309183281757e-05,0.00188762127376715,0.008793013141613631,0.07827000202153268,0.028850694296161102,0.3088401560597662,0.027579844124692228,0.3082938447828044,0.18328466663706378,0.013676140137391003,0.18023673709860788,0.2668148159537175,0.02352658459370218,0.26954427140482784,0.018940042001683692,0.0007680255670419099,0.0187695549786682,0.00747017533543395,0.0005684000858527907,0.007440040508626251,0.08637452398551329,0.003268866896778379,0.08625546179265864,0.02827005729457894,0.0008536036269064378,0.02836038932073905,-0.0671805107585348,0.07239063114007115,-0.047309892171116294,0.27250515030048844,0.029027472861345435,0.27227079052761216,0.37799187343558555,0.014412427209297925,0.37227501672125823,0.2271204309676702,0.025268789415824278,0.23188901790513375,0.090876175559421,0.003470125432885085,0.0903397254598193,21.643507662141978,0.19730271464705082,21.659454115737702,0.7874730003574995,0.011637138774835909,0.7861942605240395,0.8082945800286232,0.009059472740156884,0.8071454905591269,0.9527734917044942,0.039652458397752555,0.9713304924581301,0.011506845298600875,0.011782676687047305,0.011034092367149851,0.022499277330166812,0.022695132219735705,0.0218158238899938,34.34621142252721,0.4041114199814124,34.245173745173744,602.178432046853,29.246642525180974,612.7663076610445,568.0840883393514,29.28075440904752,577.9435608251397,0.5635799249089576,0.004202582396368129,0.5634756169911785,0.7348594059343617,0.03486831614874232,0.7477620036741663,0.24929519533226738,0.011493411916971813,0.24863674406035086,8.729324602671706,0.1586679393080869,8.767158195999398,206.49834167952835,32.63499036153792,214.36997316708326,198.72584430506646,32.16249195986319,206.34672214643928,0.7905253136847616,0.011703260274436503,0.7900079399757663,0.05365193780194264,0.003505756177720366,0.0524382708576503
MNAR,l7_species,all,0.7,0.5986771695441023,0.011569218457581165,0.5918874396338889,0.7737135025386962,0.007465381219766172,0.7693422123046992,0.25620914186504357,0.005303654078498255,0.2542855771710214,0.29184264459818005,0.010359991865866149,0.2926631957741804,0.5406025886561245,0.009811549966496436,0.5414709868257132,0.12420523410656995,0.059802106461543124,0.1339897063306656,0.44380386861438986,0.011365470236497468,0.445292744445145,0.07463342193006775,0.0006505151751309396,0.0741685663658676,0.00033749043449738,1.994075862977318e-05,0.0003308620541068,0.01836465570588358,0.0005360215734571877,0.0181896139075804,0.0019113390421451,7.704717017829597e-06,0.0019129636158315,-0.01295408294402548,0.07173980829152381,0.0108804709191683,0.29567576032910353,0.02076300926048345,0.2987248544585846,0.18096545664431843,0.008767165513455017,0.1781870414069277,0.25924031812134857,0.01550706812549642,0.2661028861741279,0.0193274589144231,0.00076038053463821,0.0190577814601649,0.00772362499452974,0.0003595386793209681,0.0076620229541623,0.08786554968287667,0.002021810282799611,0.0875329820933933,0.02828010329906804,0.0006893882405615349,0.027948668786871,-0.08014264694278388,0.06263129423741617,-0.0654024963329491,0.26587735811105195,0.02164983332239399,0.2721361141064801,0.35471284538560044,0.021783844641363778,0.3557315195954347,0.22401641377932383,0.01857469639554736,0.2308820387046955,0.09250928714547806,0.0030884653728950303,0.0917513487318873,21.83351731160323,0.16636021476127208,21.77176845968513,0.7960727110534567,0.003209014637911982,0.7967493459938391,0.8160083591693871,0.0022934364187168015,0.8159028837313063,0.8796585700387496,0.21240772024203963,0.9686112872542804,0.01579259047224735,0.011053473329588349,0.0163573265015035,0.03089186368687761,0.021437716146176202,0.0321690191173843,34.22233485944682,0.2846057927146612,34.19655172413793,607.2233788104699,13.15145440372792,613.8689655172413,573.2209664825295,13.026128919521069,579.6724137931035,0.5593479942815451,0.0036498291699984917,0.5583794156934818,0.741170332097239,0.022124640682721675,0.7522743037916786,0.2629753722877209,0.011165180397499506,0.2659202183640924,8.67341633157032,0.14781732728625965,8.707059120117565,232.82130322408898,20.674340477201994,236.11763163117536,225.18502891616453,20.6162353160956,228.71704615109223,0.7998550550211029,0.00303039420697865,0.8007208112604403,0.05383225318014424,0.002515186954230225,0.0540496706571584
MNAR,l7_species,all,0.8,1.3572406414483889,0.4209945635370602,1.3166101310063651,1.153362303452361,0.18369825265721926,1.1474363298267862,0.3618854272525953,0.043184997708646325,0.3679010342690772,-0.6120105431869158,0.4941835227416172,-0.601422598809372,0.20166000276087143,0.11510616911418303,0.1638667460231338,0.054836975231440724,0.0850424308467766,0.0026231682271003,0.19579548689109127,0.106443498641884,0.1599660742820197,0.11189277620871066,0.018298823334757085,0.11055105895297,0.00049007770048044,3.7574417884611066e-05,0.0004867289998662,0.02212501097649422,0.0008378467718551856,0.0220619355421551,0.00204324196266934,8.094442783351524e-05,0.0020498073016427,-0.48639832990455306,0.13429883406049214,-0.4404592675417398,0.1772813291294346,0.04402333513559292,0.1895568747020806,0.09210761097998306,0.02338045803870544,0.092721786976346,0.17543535558351506,0.044824171399965154,0.1850590628552211,0.02337325027512062,0.00101572272426958,0.0230779318509302,0.00948771817498388,0.000666359754847055,0.0096971014627899,0.09735525504826117,0.0034771557112004466,0.0984738618253087,0.031235298984384978,0.0006903803922849514,0.0312213852454735,-0.3332991429818671,0.08000902442591785,-0.3275538984164858,0.18189229222359565,0.05584666489768016,0.1795946939847567,0.16475612834290426,0.06032214174161712,0.133113056045588,0.1701063278538707,0.0555329017902968,0.1664889628825301,0.10290934190884163,0.004550344165546916,0.1042634717081824,29.407053696280787,3.233478996620217,28.87364056960576,0.8510102774518078,0.033713354192660666,0.8537447411341944,0.8620396117152295,0.0294209321215682,0.8662750717130765,0.9638472291901852,0.0025731390560098646,0.964555535246451,0.19946957859916398,0.05905821832393208,0.1859185060046274,0.3272571757658479,0.08094833980250149,0.3117861940743763,33.838551594016714,0.5489436208155024,33.81071428571428,470.24908436420066,66.61377827506738,497.890365448505,445.1505272215737,64.87605039172216,469.6112956810631,0.5618927661458416,0.00440502539943428,0.5622732343943911,0.6645436393138948,0.0679291044871069,0.6904454683252267,0.28297585002731196,0.027328362417053963,0.2849073362982696,8.639714301149727,0.22349200314734663,8.69033593110022,225.2805367219617,82.88337516155289,259.09753213417883,219.92302181193654,82.36297968600593,252.77690462122243,0.853582136810045,0.03389792818076291,0.8558878681138378,0.061969657143509806,0.00698313799514396,0.0580331661784328
MNAR,l7_species,all,0.9,1.1065588774684647,0.37154393522863594,0.9417949724509849,1.0402622596709081,0.1711606563653254,0.9703992305317828,0.3609062882071845,0.06298721414457799,0.3292749690409466,-0.32924429820645945,0.4430677682434061,-0.16604567013292135,0.1498554011352765,0.19993964025252975,0.18226426529845163,-0.04339791560091665,0.03179308130245089,-0.0407991394373002,0.13068338010902783,0.181725979765155,0.16459971285287026,0.10107491522182578,0.01652521813392797,0.0950588249118042,0.0004290937884371333,4.6273517126647475e-05,0.00041986011667860003,0.02068963722368228,0.0011132115645873775,0.0204897095367663,0.0021318210862547333,7.19414585848229e-05,0.0021384008034198,-0.2910340987483337,0.1058307865658982,-0.28702638054706503,0.14662997909580705,0.0403286182753834,0.14726132329602637,0.06990174218406711,0.06607450059679632,0.06995711933303925,0.13694028131172808,0.035231399292433484,0.13545375487006275,0.021899008111475254,0.0009085815495002588,0.021693922082214198,0.008814447177300165,0.0007159002194303155,0.00902909394008215,0.09381940469175619,0.003852243074059948,0.09501701463146026,0.030117845282528418,0.0010136029277149122,0.029624711506672098,-0.20885635354887463,0.05833005629020631,-0.1933719681236997,0.15711530744962912,0.030359327588621247,0.1681047987582314,0.11532149848616143,0.09596362651469527,0.1270408836337354,0.12721256442132714,0.02611042912955258,0.12771443555788045,0.09940251026373155,0.0040336374779954345,0.0999014820278272,28.313168058606923,3.7530297003027364,26.84293934785522,0.8879034824251214,0.029963617500579003,0.8906439346243711,0.8950737405083701,0.026489308591878334,0.8960246901639071,0.9586019617298631,0.017834529300115157,0.9606728302075209,0.10551868227340573,0.019162830195635083,0.10298044253426494,0.18963785735588287,0.031169243924594414,0.18608412180143052,33.16233973240538,1.3731926453268781,33.28915705286998,572.1999964948999,39.25485155542754,574.412555759643,542.5325386319136,39.21699264431524,543.4358436106008,0.561668410769559,0.008359976861678818,0.5616801569117156,0.776148060129514,0.04052203012507744,0.7692123745037718,0.3226023045079945,0.04981813858582189,0.33732317083183794,8.520033492925451,0.45201932728081073,8.519442841693404,350.5119876154372,69.53144615700083,339.67762004718315,343.8331813433437,70.01185819554932,333.58408137036133,0.8907866872044975,0.03017222668663496,0.8935052165231503,0.052147251032192754,0.010163741272277017,0.05218368690560475
