Taxonomic Level,Condition,Mechanisms of missingness,Mask Ratio,Iteration,Pseudo Count,Seed,MSE (CLR),RMSE (CLR),MAE (CLR),R2 (CLR),Pearson (CLR),Spearman (CLR),CCC (CLR),NRMSE (CLR),MSE (RA),RMSE (RA),MAE (RA),R2 (RA),Pearson (RA),Spearman (RA),CCC (RA),NRMSE (RA),MSE (RA non-zero),RMSE (RA non-zero),MAE (RA non-zero),R2 (RA non-zero),Pearson (RA non-zero),Spearman (RA non-zero),CCC (RA non-zero),NRMSE (RA non-zero),Aitchison distance (mean),Bray-Curtis (mean),Jensen-Shannon (mean),Zero precision,Zero recall,Zero F1,Rarefaction depth,Richness true,Richness imputed,Richness abs diff,Evenness true,Evenness imputed,Evenness abs diff,Shannon eff true,Shannon eff imputed,Shannon eff abs diff,Bray-Curtis rarefied,Jaccard index rarefied
l7_species,all,MCAR,0.1,0,5.015249999995e-05,3835299529,0.4787470031153658,0.6919154595146475,0.21691798127374118,0.35200133673515366,0.5935264950016785,0.3049289493529699,0.5277447103055959,0.06848380762307638,0.000352893763804906,0.018785466824247567,0.0018788957002873184,0.0038908668009132175,0.31145957967698595,0.18412933473997015,0.2782899018462251,0.020780800206272626,0.009746975992403142,0.09872677444545194,0.03402776025550984,-0.08963734995053563,0.2680124241917682,0.497894762033776,0.23190195977438519,0.10929816724972866,19.76952926739984,0.7825600591696681,0.8003092738638158,1.0,0.00013825139633910302,0.000276464571065218,1423,27.844444444444445,451.9111111111111,424.06666666666666,0.5508007392236024,0.7206350296024374,0.235435296712044,6.839301607722683,135.34498968690744,129.46826212454926,0.7902240961973921,0.053587398397503185
l7_species,all,MCAR,0.1,1,5.015249999995e-05,3291810468,0.4800460623107042,0.6928535648394285,0.2162563546754508,0.34987905912773953,0.5915098939345331,0.36520472063807935,0.5193141509469507,0.06855445628461804,0.0003730183627743843,0.019313683304185772,0.0018602633602263277,0.03163578767173758,0.314820523944334,0.1839427814837666,0.27198587154590737,0.021074667848001487,0.010198727976789416,0.10098875173398975,0.03291118743296967,-0.061718268181658376,0.2670635026490878,0.47766347189529396,0.22538916998620348,0.11028297998623113,19.69414988563171,0.7747996895342657,0.8015526611099827,0.9683544303797469,0.021172367984058454,0.04143870862900169,1395,28.31111111111111,452.3333333333333,425.1777777777778,0.5324362992478785,0.72557886426326,0.27298253422401764,7.520556615096714,140.81621258804805,134.28032682419573,0.7800876144962168,0.057958271185479845
l7_species,all,MCAR,0.1,2,5.015249999995e-05,4004043493,0.5618221693436983,0.7495479766790771,0.2457548172279775,0.37589086436005126,0.6170932702814598,0.2910492204783112,0.5196232679974282,0.07525165339025888,0.0002531812372466314,0.015911669844696736,0.0017732438692994298,0.10485287248149389,0.401815933035469,0.21126590961869182,0.36480811090014587,0.019311248780615464,0.005686761493518104,0.07541061923574228,0.02610691514119677,0.0011803954581173226,0.35439321229293375,0.40376389752756686,0.31708668432565285,0.0915929258150278,21.31778467537657,0.7385560715632126,0.7662963762747476,1.0,2.791113095902646e-05,5.582070389907616e-05,1575,35.08888888888889,482.9555555555556,447.8666666666667,0.5879655654641033,0.7253523359928578,0.21780773165120515,9.455303207975316,156.8642893099534,148.51545049989102,0.7441975308641975,0.06085411045365097
l7_species,all,MCAR,0.1,3,5.015249999995e-05,3743898904,0.5406832792239411,0.73531168848587,0.23733697471295617,0.36215946875411764,0.6022120159910445,0.30481195000737643,0.5226572145066795,0.07167872296638364,0.0004102268126425298,0.020254056695944392,0.0018815924191390443,-0.18689149822089912,0.25299045887180743,0.18600257062503484,0.24321947996548907,0.02118679656373535,0.009725875176918714,0.09861985183987408,0.03121315007096115,-0.29989267208258963,0.20587150697079268,0.4199720042532333,0.1958007873677718,0.10321941670055707,20.827595971833205,0.7836832425714118,0.8016073589329937,0.9708491761723701,0.02132576073944152,0.04173477171188842,1864,33.48888888888889,488.5111111111111,455.73333333333335,0.5582799318556868,0.6645948377575492,0.22927440077298974,8.726165493428471,127.60353420949828,121.17453111973175,0.7866833571769193,0.0652428438835647
l7_species,all,MCAR,0.1,4,5.015249999995e-05,1691139647,0.5264310360457417,0.725555673980806,0.2261960109576543,0.3430789226844023,0.5858187714566231,0.3604094584300439,0.5152866053274497,0.07195052226619289,0.0003766081749308896,0.019406395207015897,0.0018935812994397615,-0.05932051411774908,0.2794844502049692,0.16663754281783866,0.2554487031057931,0.02278224975093055,0.00969507764168024,0.09846358535865044,0.03252226562884203,-0.14946692369376913,0.23712028911853394,0.4490714552746434,0.21103512350326378,0.11566267333345837,20.605457315862573,0.7886766112166607,0.8061647781277994,0.966542750929368,0.021625817899523125,0.042305084745762715,1918,30.466666666666665,518.0666666666667,488.8,0.5583313360773274,0.7010138079041892,0.25381065187870083,8.097234717365625,146.7228913413807,140.26445295767473,0.7908585331942999,0.05787422359356796
l7_species,all,MCAR,0.1,5,5.015249999995e-05,2490210396,0.5151926805081233,0.7177692390372572,0.23828179225080454,0.38940440213516603,0.6244612438431093,0.27860866820868274,0.551454171123714,0.07198162102016505,0.0003442486551551182,0.018553939073822523,0.0017995791162928754,-0.1208248350113259,0.2920141518088239,0.1963460279187544,0.27990975075853824,0.021936770064002527,0.008210946861734326,0.09061427515427316,0.029679399661707025,-0.23827004907823346,0.24154528182339838,0.48554978786475095,0.2283735561677753,0.10722235151804485,20.476274462730434,0.7495247019359824,0.7747759542085731,,0.0,,1459,32.44444444444444,417.5111111111111,385.06666666666666,0.5790164385149237,0.6744166709602517,0.2161938742036204,8.565613659650936,112.9589469207662,106.62196148979767,0.7545807630797351,0.06424486933175416
l7_species,all,MCAR,0.1,6,5.015249999995e-05,1096912140,0.5149498020124637,0.7176000292728977,0.2311723704738346,0.36266438562644654,0.6022200955801559,0.3559489701153014,0.531396621025744,0.07040042546713762,0.00040524980622058996,0.020130817326193935,0.0018865646923076445,-0.05857447117249048,0.28437569356329107,0.17806445057302295,0.2611320782818997,0.02196630658049491,0.009538371242930223,0.09766458540807012,0.030821049464922343,-0.1136989701304949,0.2524267233109967,0.3868493097231265,0.22459231295308746,0.10663010488568227,20.41200818279106,0.7857541943461338,0.8027765341525828,0.9654320987654321,0.021747594415707214,0.04253698868581376,1918,32.666666666666664,505.15555555555557,473.6,0.527918907571032,0.6924542996104941,0.2901776594863827,7.668027313395133,168.14535791722614,162.7981526047908,0.7902676399026766,0.06518663126570089
l7_species,all,MCAR,0.1,7,5.015249999995e-05,1188648582,0.5853675142076457,0.7650931408708652,0.2551619949956176,0.33696465162282085,0.5807354068331054,0.31716866383204295,0.4968615948857339,0.07618368116692335,0.0003075761599407991,0.017537849353350003,0.0018299551335225085,0.028644692617278866,0.3490700949914682,0.18910140463719463,0.3198716470989149,0.020376241222816095,0.006821053256375481,0.08258966797593681,0.0272335656012145,-0.057860363634985035,0.3089643726678066,0.4311387497173678,0.2779518625551064,0.09601444103140902,21.599541154487387,0.7621763131121247,0.7846788773965272,0.9375,0.000418702023726448,0.0008370302167908262,1918,35.44444444444444,522.9777777777778,487.53333333333336,0.571224822395156,0.7026799774613861,0.20910736150747028,9.318794861784887,135.9276195865629,128.3877155343776,0.7659483258023403,0.05851462681425583
l7_species,all,MCAR,0.1,8,5.015249999995e-05,166929056,0.5188169448621157,0.720289486846862,0.23440490508991854,0.347983269986345,0.5899405640063202,0.28897733093152117,0.5192079547971532,0.07025787515629249,0.00040475720589155164,0.020118578625030935,0.001878085404447331,-0.06758539088798621,0.2586533497135512,0.17057975063366765,0.2325589606543673,0.021078813254260437,0.010108465121289127,0.10054086294283099,0.03180815006856584,-0.15504353301305995,0.21106977419984668,0.4678261266059678,0.1856710546315548,0.1053987937584571,20.40150034618281,0.7822225709523132,0.8026290297155968,,0.0,,1864,31.622222222222224,500.6,468.97777777777776,0.5373924232707178,0.6910122029643284,0.2536729813586936,8.171514795126917,137.524073824147,131.13443157067562,0.7853958035288507,0.05468606942243153
l7_species,all,MCAR,0.1,9,5.015249999995e-05,4212537863,0.5083040454342915,0.7129544483585831,0.22628903296176162,0.3570480385860757,0.5975362208808618,0.21099510575051975,0.5267223482342835,0.0716205743599971,0.00031802364341470933,0.017833217416235055,0.0018332860038720296,0.020869094681653988,0.31428140906213065,0.21244824366427417,0.2758529698061223,0.021634536198622063,0.007909219710473064,0.08893379397323081,0.030274491356977375,-0.07204290131437507,0.26423413650089717,0.43381390553693905,0.22490007976287896,0.10798349661509696,20.248194174903688,0.7635636206127004,0.7911948445225568,0.9650872817955112,0.021491642139168102,0.04204693611473273,1414,30.6,445.02222222222224,415.35555555555555,0.5590005773166958,0.7228195253606422,0.2228528760910049,7.847048835831982,123.80158060376786,116.23121294599906,0.7667923935250668,0.058069832226737575
l7_species,all,MCAR,0.2,0,5.015249999995e-05,2673065616,0.5338672889171601,0.730662226283226,0.23434937114333848,0.35246927098586944,0.5941262997247374,0.33718500129756007,0.5118466198194782,0.0715266658631253,0.000313610739499433,0.017709058120053505,0.0018389770234694034,0.039309241164912634,0.3294647372317196,0.18814179949819057,0.2889930883704473,0.018979061825548003,0.0076012423101230004,0.08718510371687929,0.02909534301398489,-0.039939240492014694,0.290865896908266,0.45334937229236627,0.24580916673542721,0.09349132779350296,20.743800982246473,0.7659339302750066,0.7885323825990489,0.9835858585858586,0.010703931187050854,0.021177398088868954,1864,32.032967032967036,531.6373626373627,499.75824175824175,0.5664784628869337,0.7308526548332557,0.23467431709016154,8.29561956199345,172.29652209387496,164.59652741983044,0.7676331179550062,0.05757072533856869
l7_species,all,MCAR,0.2,1,5.015249999995e-05,2288535897,0.5356442426222581,0.7318772046062495,0.23188526577348473,0.3428983868124662,0.5855798740165984,0.3669031791047385,0.5096944551583047,0.07134392695756898,0.0003361041123316654,0.018333142456536614,0.001841071019156188,-0.006394343590946594,0.3072799928640128,0.18664426470498782,0.27616688526478766,0.019177420377143345,0.008348301982974376,0.09136904280430203,0.03073490750199237,-0.08432161103310132,0.26637342301247796,0.40913966189746775,0.2308239584470711,0.09563043471269046,20.76992764519646,0.7668060794785522,0.7939209099262216,1.0,1.3723633469197305e-05,2.744689026733271e-05,1864,31.35164835164835,519.945054945055,488.5934065934066,0.5667797517201764,0.7119275114517838,0.23062286817890232,8.322993811980202,147.60004158139571,140.34179856995996,0.7703685799179361,0.05423245817779339
l7_species,all,MCAR,0.2,2,5.015249999995e-05,1059121775,0.5139519095847302,0.716904393615167,0.22371060053124506,0.3447999724376719,0.5872285556949968,0.39344393092846164,0.5154048147321736,0.0708326074173803,0.00037641737227671134,0.01940147861057789,0.001884248743888745,-0.01608874692998552,0.2943623415662574,0.18364422553109724,0.2626831175669114,0.021170468161783498,0.009666214681870327,0.098316909440189,0.032640173237043324,-0.08951082248031184,0.2549236783568211,0.4387151896925653,0.21963333262971335,0.10735846165839243,20.393770110497055,0.7847896018296624,0.8002882380039553,0.9871060171919771,0.009444436829191397,0.018709861373233223,1517,29.9010989010989,458.2087912087912,428.3076923076923,0.5466281324921305,0.7063651372673171,0.25002459154032575,7.756529042587151,136.31197544918376,129.58205801877153,0.788919715748984,0.05794806309305002
l7_species,all,MCAR,0.2,3,5.015249999995e-05,1378445292,0.5184531154098563,0.7200368847565076,0.2267983159114604,0.3308312754160604,0.5751888644184531,0.30380538820581,0.49574722372458313,0.0693727730470639,0.00038443716296812175,0.019607069209040952,0.0019063510713860103,-0.03681854141016494,0.2579232888542543,0.19136781894012314,0.22376193092268554,0.02051001400752525,0.009957183967037575,0.09978569019171825,0.031937887051567124,-0.12294500092436644,0.2140209816409212,0.43597005576246356,0.17945499121613503,0.1044270728427984,20.418614755109168,0.7939952212322733,0.8164144010255253,0.9872408293460925,0.008485496518067664,0.016826367652055724,2372,30.76923076923077,603.978021978022,573.2087912087912,0.5403755206215094,0.726517535520373,0.2511427388153373,7.65785181546753,176.76580088917987,169.80783595283813,0.7954200100068564,0.04925445628604385
l7_species,all,MCAR,0.2,4,5.015249999995e-05,1089075306,0.5237288140093286,0.7236911040004075,0.22997972807989348,0.3456638653226435,0.5881616002184891,0.2580928547305045,0.5068570445059883,0.07192802693627778,0.00033862494916255643,0.018401764838258217,0.0018698218907103532,0.017510744609663398,0.2781218151974015,0.21537929733110345,0.22836919859097352,0.020165426875737687,0.008558942079274363,0.09251455063542363,0.030171576684847958,-0.06034534032153194,0.2346485739926486,0.4503280218285654,0.1819424914611277,0.10145876319451674,20.607494685409655,0.7787808174808623,0.8034086441771561,0.9763469119579501,0.010191065329803723,0.020171580604875932,1436,30.208791208791208,480.05494505494505,449.95604395604397,0.5587434768982977,0.7597652278329041,0.24652019357457675,7.801307110287864,171.4595075012632,163.92117062476845,0.7837169793994307,0.05523421814565173
l7_species,all,MCAR,0.2,5,5.015249999995e-05,610922872,0.5218887435233692,0.7224186760621358,0.2282015034636068,0.3133392991241797,0.5610873524244713,0.27346653437993196,0.49490392317263254,0.07112040292918156,0.00036040312337160717,0.018984286222336808,0.0019195022741469773,0.010041590573434234,0.26970302362035364,0.1956527717768227,0.22081375911446272,0.019890382491941656,0.009692673255432719,0.09845137508147217,0.03353070358951905,-0.08213157368868718,0.2158282874035993,0.4101578949311652,0.16946933108022683,0.10321900838218011,20.60993819982131,0.7994726971822161,0.8168863072781763,,0.0,,1575,29.0,489.989010989011,460.989010989011,0.5484177118314244,0.7417725477817376,0.2463936814905469,7.300550474948806,152.67627440012424,145.66165685870283,0.8028955171812314,0.05110218079017728
l7_species,all,MCAR,0.2,6,5.015249999995e-05,331706442,0.5151862917726865,0.7177647886130153,0.22849403964981327,0.35197847083439904,0.5942838876398915,0.32922866045468485,0.506564007059194,0.07057572434017498,0.0003702846659928095,0.019242782179113536,0.0019179760312301875,-0.019665685773137653,0.26700724659405967,0.18524297379262786,0.22945623761510656,0.0212122140179233,0.009485628941277836,0.09739419357065306,0.031367628079478696,-0.12157065707207693,0.21762058812574298,0.43855075550854217,0.183190776672063,0.10742567844202572,20.351429865919435,0.7988370170073731,0.8152152980587158,0.9798561151079137,0.009345537883050406,0.01851449078353543,1864,31.24175824175824,554.4835164835165,523.2417582417582,0.545384739109322,0.7520231935294139,0.29407714859500944,7.6454782106997845,200.00037478524678,193.75197699274614,0.8027578644531433,0.052727059715957314
l7_species,all,MCAR,0.2,7,5.015249999995e-05,702772134,0.5320437275462789,0.729413276233905,0.2318852470271708,0.363839371745858,0.6038895745829914,0.35626878149680963,0.5218468122996546,0.07154755025784225,0.00031713313330250444,0.01780823217791436,0.0018412741807782203,0.012505281855534456,0.3015917571173991,0.19382577082469138,0.26215929730221454,0.01865819685689606,0.007631615787044369,0.08735911965584571,0.02950068776172066,-0.06369472503058415,0.25854483318712873,0.4336861459490439,0.21458203339134188,0.0915840193950135,20.709164327621718,0.7668906962941286,0.7913414153667024,1.0,0.00026107507969660326,0.0005220138745792981,1733,32.02197802197802,504.56043956043953,472.53846153846155,0.5692722572848036,0.727223580607301,0.24753924704373187,8.521535460095723,162.31967283544594,154.7620359273306,0.7706955479604064,0.05679991287771621
l7_species,all,MCAR,0.2,8,5.015249999995e-05,2526032403,0.533066350343436,0.7301139297009994,0.23950768953067114,0.3586830690869044,0.6005345810277043,0.33348102400115576,0.5102373519417711,0.07034365740968332,0.00032957276693512964,0.018154139113026803,0.0018255861854192842,0.03866114838714829,0.3311162455164042,0.1785164464850115,0.2915930853106625,0.018990173571226673,0.007681888590209107,0.0876463837828413,0.027415499809370785,-0.045364951110182794,0.29081826492961727,0.4816358653354971,0.25037893349606344,0.09172312468965876,20.66737960502958,0.7603566462271321,0.7879987646195011,,0.0,,2372,34.42857142857143,600.6153846153846,566.1868131868132,0.5513702576840328,0.7247394140064789,0.2500894944760983,8.515380898446809,174.90250710146282,167.38358939656024,0.7638196542075124,0.0533171848312937
l7_species,all,MCAR,0.2,9,5.015249999995e-05,82491419,0.5381263462527913,0.7335709551589343,0.23376935047515593,0.3425141904171952,0.5853077383359166,0.3280655476315591,0.5066866763131164,0.07202604944382905,0.0003222106540749705,0.01795022713157052,0.0018708986552372193,0.017574009718464234,0.2994562346248135,0.17735508965665212,0.257195771294032,0.01967061288991181,0.0077805857420826996,0.0882076285934652,0.029712746194511305,-0.07549335288447545,0.2487295166988065,0.4358077661226781,0.20740042464453104,0.09671848306523367,20.84779953355092,0.7792292899063018,0.7990275924131903,0.9704301075268817,0.0099280832748924,0.019655083234649567,1864,32.65934065934066,525.0439560439561,492.38461538461536,0.5594768298611417,0.7247001768756542,0.2543379970919059,8.216744879405136,157.83426558795097,150.99050042982608,0.7837629109088335,0.05733054597975828
l7_species,all,MCAR,0.3,0,5.015249999995e-05,646667923,0.5200702095366956,0.7211589350044105,0.22589712942468673,0.346332826677338,0.5896091387737009,0.32641103955033995,0.49961479201075587,0.07133224423496175,0.0002950277274735478,0.017176371196313493,0.0018605731096653052,0.11161060790074151,0.360707103657326,0.20300260761782601,0.2874237757251867,0.01923026482208458,0.00755373537602759,0.08691222800059603,0.029721598033874277,0.020906762829656866,0.3142912279846772,0.44824598375258823,0.2406519748254342,0.09736193908191175,20.544049025390798,0.7749287001755997,0.7977687584861444,,0.0,,1911,30.933823529411764,569.3823529411765,538.4485294117648,0.5598958013746701,0.7647864100045672,0.24427131185564127,7.711081821615153,193.90988990805175,186.51158588393045,0.7777803429063934,0.0492310165857413
l7_species,all,MCAR,0.3,1,5.015249999995e-05,3103015865,0.5506751718600844,0.7420749098710213,0.2425349710963769,0.3400218746246646,0.5833747171512622,0.2988646532058364,0.5001230508526174,0.07179483814391453,0.0003514128622359908,0.0187460092349276,0.0018964425560780858,-0.009216470863323778,0.2691079924096929,0.19179161625960034,0.22832951565340842,0.020090377807789914,0.008171437855622672,0.09039600575037966,0.029049871406153584,-0.0914174825935854,0.2218982324616899,0.4261228157358865,0.18234197038288139,0.09692253911658943,20.96618350736416,0.7898683246065226,0.80831979051716,1.0,2.7645947564852785e-05,5.52903665751304e-05,2372,34.294117647058826,594.5808823529412,560.2867647058823,0.5483978779161767,0.7269825536606634,0.24690755660568797,8.474579639666201,177.67429952588463,169.8967044761494,0.7919601230036702,0.05273857964734361
l7_species,all,MCAR,0.3,2,5.015249999995e-05,3737939134,0.532817092021551,0.7299432115045328,0.23199738892398325,0.3354721419555432,0.5794050062776849,0.3048462216289645,0.4958331968813859,0.0713990926636735,0.00032210297969485676,0.017947227632558092,0.0018881999829751524,0.051891922835519355,0.30379378014686903,0.19799973508836033,0.244421656351845,0.018773733402760586,0.008080087090948825,0.08988930465271619,0.029888735538446023,-0.03496591143149641,0.25738527898661023,0.4269822685914108,0.19794337435336673,0.09408813066118422,20.723076417352654,0.7864352929091509,0.8090247159481276,0.9823899371069182,0.0071734298363245585,0.014242858054691845,1661,31.176470588235293,525.3602941176471,494.33088235294116,0.5566402487215066,0.7634418373418385,0.251286153991225,7.899830815917788,184.38225969675608,176.80187222471895,0.7913066189751037,0.05539338984292077
l7_species,all,MCAR,0.3,3,5.015249999995e-05,3429251210,0.5357605495385312,0.7319566582377206,0.23577358736381862,0.3417044244429436,0.585270028585252,0.2977107780009536,0.4973005638236109,0.07166498276648073,0.0003171257789227689,0.01780802568851384,0.001864745324933514,0.06740063471159807,0.32624669181728383,0.1993427342445358,0.2681995130634744,0.018657980512014363,0.007593917393579678,0.08714308574740556,0.02865206039505506,-0.009627349393967588,0.2851973960209113,0.44500732081098376,0.22459644411732696,0.09135675956202527,20.81703108668918,0.7766664278348085,0.8002635739194078,,0.0,,1758,32.64705882352941,528.5735294117648,495.9264705882353,0.5543019128020497,0.743595946496318,0.24081567926940337,8.110919979992877,169.99597792463058,162.54876952835752,0.7806456200227532,0.05440848342209941
l7_species,all,MCAR,0.3,4,5.015249999995e-05,2107977037,0.5341405552006474,0.7308492014093245,0.23398253352699946,0.34337759972080917,0.5862202903735294,0.3028335127043424,0.5042231182071967,0.07144222947208122,0.00036136514413194324,0.01900960662749083,0.0018841555153374424,-0.06949006239456024,0.2764140297895461,0.1820238082532571,0.25390938227282195,0.01991691140840794,0.008999953611230335,0.09486808531445301,0.030630212498237254,-0.17528739143214622,0.23157427752697876,0.4152188039932694,0.20857885007373309,0.0994505398505797,20.782293125182353,0.7847507721380449,0.8034579215305189,0.9699378881987578,0.0358800444824322,0.0692002268859898,1911,31.875,531.5441176470588,500.7132352941176,0.55634684004475,0.7185181743973026,0.26090825439611376,7.958963882528108,177.9815076754534,171.753808333169,0.7881921999569058,0.0604713741819834
l7_species,all,MCAR,0.3,5,5.015249999995e-05,1640819777,0.516728929966435,0.7188385979943168,0.22729436912439996,0.3492384854371754,0.5910280052683391,0.31557193454589016,0.5140347601627032,0.0705876604269199,0.00033713440059346015,0.01836122001919971,0.0018759536302343568,0.041359659567295703,0.3105820996979709,0.19852065876254069,0.261091305351735,0.01920679096778989,0.008714121659842358,0.09334945987975699,0.03173855901460079,-0.0523037068570773,0.25788562768483553,0.41670070691902933,0.21040467739188456,0.09771575421439917,20.406885481538954,0.7813346869926097,0.7998840520578848,0.6666666666666666,1.8352833218628126e-05,3.670465598561178e-05,1517,30.147058823529413,481.43382352941177,451.2867647058824,0.5549821728024561,0.7401414571415088,0.24457248500920659,7.823594861396978,149.59328221646166,142.46443263308836,0.7867695529101555,0.054054791075235864
l7_species,all,MCAR,0.3,6,5.015249999995e-05,1809971875,0.5160175307986224,0.7183436021839565,0.228039589354828,0.3353157276078873,0.5795880782653042,0.31065956993781096,0.5130799572647994,0.06920963181069535,0.0003574959127948276,0.018907562317623805,0.0018723639188906378,0.05474458154436512,0.30718399105421423,0.19350080922285035,0.24756626350669042,0.01977829342305816,0.009261751187395844,0.09623799243228136,0.03197498486722496,-0.0227186387714573,0.25779968275778475,0.412053167086564,0.19858881712740467,0.10071435920984007,20.392519140683667,0.7798395722179506,0.7982597571623775,0.9848675914249685,0.007164020290413422,0.014224569711319551,2372,30.977941176470587,589.3602941176471,558.4264705882352,0.5337570622700272,0.7193943880564282,0.24201110439759255,7.552518861330919,143.3860737316093,136.5775217765522,0.7830107380220217,0.05069634626444314
l7_species,all,MCAR,0.3,7,5.015249999995e-05,1747452660,0.5284295103057997,0.7269315719555725,0.23211725174726683,0.3472919249599876,0.5904151338380521,0.29269747917254424,0.5007372134209394,0.0703297387582107,0.00032101818827780904,0.01791698044531525,0.0018862949859975318,0.011097675065666834,0.2951676411035913,0.19939721349451073,0.25417789443598277,0.019201895283956823,0.008088164131283718,0.08993422113569294,0.030146382953333564,-0.08843549395441719,0.24856742933578968,0.4414286350325301,0.20726311829822258,0.09642741395028501,20.616940725875793,0.7856418616679719,0.805023598751491,1.0,8.265829062654984e-05,0.00016530291759649557,2372,31.852941176470587,620.9852941176471,589.1323529411765,0.5627426121345107,0.7507054787254703,0.24516620456442015,8.154513862702919,197.98599110438533,190.50272577882092,0.7890834242634659,0.048582560472232895
l7_species,all,MCAR,0.3,8,5.015249999995e-05,4066552538,0.5619175893613081,0.749611625684466,0.244789930925135,0.34050025966083874,0.5854872381311305,0.28990817877151426,0.4883604896927296,0.07256647645494199,0.0003149883907442393,0.017747912292555408,0.0019036590913943218,0.00169718695803589,0.2847459577980679,0.19895928425083467,0.2442354139016947,0.019359465385131648,0.007396497764106621,0.08600289392867325,0.029115494711458283,-0.08950899535780765,0.23761940933542577,0.4344059842664743,0.19681405367085203,0.09385532378432744,21.220110354201086,0.7928740115657351,0.8100267496520355,0.9897435897435898,0.0017775403630603166,0.0035487073879307174,2372,33.904411764705884,613.9191176470588,580.0147058823529,0.573619166197146,0.7435309988016825,0.22965497804773297,8.818736588061954,188.29659260643743,180.1852526904413,0.795531197301855,0.05155981895948743
l7_species,all,MCAR,0.3,9,5.015249999995e-05,204965562,0.5627380558681299,0.750158687124351,0.24259119114775912,0.32909960278587425,0.5738465374532412,0.3583680350525441,0.48913334634523037,0.07227489237410303,0.0003756906218100972,0.01938274030703856,0.0019018828392027677,-0.08986785892016225,0.24976971499631795,0.176375952286235,0.22680052594437267,0.020275354310387024,0.008539226724076305,0.0924079364777523,0.02952661347042444,-0.13954088433764733,0.21828066213373112,0.42659014441194576,0.1889737243643851,0.096706153911193,21.172517679143645,0.7921342025279526,0.8145819336618925,0.9682926829268292,0.007312647933762514,0.014515671989689118,2372,33.845588235294116,586.5955882352941,553.0147058823529,0.5578002007906219,0.7029080625680519,0.23790726497456863,8.688716460651907,152.3036237623242,144.94223214612248,0.795295605594683,0.05451100637183817
l7_species,all,MCAR,0.4,0,5.015249999995e-05,1333365144,0.5211062752651096,0.7218769114365063,0.2291946314090162,0.33712305347819227,0.5806503684587885,0.28682657592091815,0.5018356159917605,0.07046415358646668,0.0003568621438473018,0.018890795214794476,0.0018876236824263322,-0.022996655512911968,0.28763943292107463,0.18076207723065335,0.2562895432642403,0.019760754161568913,0.00885798469761368,0.09411686723225375,0.031170198373317883,-0.09636386788140694,0.25008277240847865,0.4126292135075645,0.21424706326924436,0.09850484896166065,20.48517140810454,0.7861952637305669,0.8087249207705041,0.9,0.00012351524383967722,0.0002469965900748537,1918,31.296703296703296,535.8021978021978,504.5054945054945,0.5469165205692583,0.7203006987873722,0.25149379410215456,7.6741630300611074,176.51382911494838,169.95384505837274,0.7901946853980222,0.0529866629618788
l7_species,all,MCAR,0.4,1,5.015249999995e-05,645158921,0.5464958253345912,0.7392535595684279,0.23990527448713383,0.3292522183756975,0.5738050413757332,0.30030726831437304,0.4954213939268617,0.07122422544994654,0.00035935352766671336,0.018956622264177585,0.001891450489595466,-0.01748052477824058,0.28282389041742395,0.1803887725608389,0.24856802851274637,0.01982961267838891,0.008735816287283935,0.09346558878691096,0.03053821497295541,-0.10077463723068614,0.23870589553787436,0.42996601152865743,0.20367502571380555,0.09781300134110667,20.901042608225037,0.7877891289165115,0.8059676380078213,0.9884393063583815,0.004700481730656899,0.009356469164004953,2372,32.79120879120879,586.2307692307693,553.4395604395604,0.5496355208470499,0.7109089290635773,0.24441000539177987,8.25211399951172,160.4662106702126,153.18091558433497,0.7907918388525471,0.0519999395581999
l7_species,all,MCAR,0.4,2,5.015249999995e-05,3703598062,0.5321247866924944,0.72946883873987,0.23652861989421592,0.35335722122823854,0.5946619691928812,0.3244826037532283,0.5154435656060822,0.07110915768565196,0.0003308011898241955,0.018187940780203665,0.0018451145235046287,-0.007085458468086392,0.31209564325048633,0.17863775182318986,0.28252958701523895,0.019025531872861854,0.008017703028504129,0.08954162735009974,0.029468335555841673,-0.10433657378117833,0.2665960626368202,0.4387069181749516,0.23626648765595187,0.09371629907885602,20.707605443835206,0.7684901990396776,0.791360961908184,0.9771140418929403,0.017317594648663885,0.03403203253240744,1918,32.55494505494506,525.2747252747253,493.11538461538464,0.5601289888216624,0.7139785010744774,0.24947079722731835,8.254090579695701,160.59552650859953,154.04395854986416,0.770760522063963,0.05873926571940867
l7_species,all,MCAR,0.4,3,5.015249999995e-05,2258159076,0.5409287815894612,0.7354786071596244,0.24005401311703736,0.33884376935877847,0.582117654783115,0.28863558321464705,0.5043995072621074,0.07086052336431249,0.0003698296274094715,0.019230954927134312,0.0018692391901168684,-0.02189462845690704,0.29680567521278817,0.17602210771349297,0.2674327548079687,0.020116578909801494,0.008986582743539357,0.09479758827912953,0.030006227305022014,-0.11058052235978777,0.25436572884341563,0.423557924542858,0.22468304715319745,0.09920695680439236,20.75488203245211,0.7785381226836756,0.7979209441982963,0.9516574585635359,0.018946138246313547,0.03715262097181875,2372,33.137362637362635,583.6428571428571,551.4065934065934,0.5474770189663563,0.7060878937420492,0.2666446558655858,8.473178382739112,162.94865034445584,156.4738585987352,0.7813640827974723,0.0546795573970011
l7_species,all,MCAR,0.4,4,5.015249999995e-05,3661699232,0.5171392857646593,0.7191239710680345,0.22891686024568195,0.3524247529346801,0.5948088498781803,0.3292113977748841,0.5060799764153264,0.07049433422548045,0.00033739502590375526,0.018368315815658093,0.0018804165678146575,0.026533311669771242,0.28735677204671844,0.19681420131087723,0.2362965705632078,0.019214213539883885,0.008448632338754064,0.091916442156744,0.03033764957942842,-0.04726587356890821,0.2462958232550133,0.4358514648121389,0.1910807314453531,0.0962074380094044,20.44410011623301,0.7831935004948049,0.804980643130112,1.0,1.3720338343543552e-05,2.7440300196884158e-05,1733,30.692307692307693,532.467032967033,501.77472527472526,0.5538967383808998,0.7517246651251417,0.2532596353513501,7.97624493969339,180.23949657369747,172.61813297396762,0.7877370753885468,0.0511418802835058
l7_species,all,MCAR,0.4,5,5.015249999995e-05,2198053598,0.5448480851709393,0.7381382561356234,0.2343365190029216,0.32219151009234404,0.5676904423644242,0.2551816916964588,0.48343266854732353,0.07231714849662442,0.0003463249323206589,0.018609807422986915,0.0019062404893194843,-0.013531364356838438,0.2760692332721632,0.18547622324584728,0.23872882751626118,0.020306613916037594,0.008594738454397241,0.09270781226195147,0.03080004366009169,-0.0908814427463791,0.23674680325664865,0.4015359124422084,0.19556043451251787,0.10121830450526013,20.938199361090295,0.7939491638015652,0.8158142393914964,0.9756828780812792,0.0201006059691045,0.0393897215554166,1918,31.302197802197803,549.2802197802198,518.1208791208791,0.55932513554702,0.740602814031814,0.256517374444624,8.087875747512854,193.62026886098644,186.49557925598893,0.7974051495949306,0.053891920456497246
l7_species,all,MCAR,0.4,6,5.015249999995e-05,423414114,0.5355471620002283,0.7318108785746686,0.23382704339353116,0.3434360001421404,0.5862634068644081,0.3040798645015578,0.504386918495658,0.0721297940241772,0.0003200726022605473,0.017890572999782518,0.0018547817416950092,0.05157227149276522,0.32799072223557163,0.18740019068573036,0.2808539519644162,0.019662751926923152,0.007895764566592026,0.08885811480440053,0.029933217300381326,-0.02088293051712209,0.29107557483560464,0.4187093204085669,0.2378985880362021,0.09772118447311667,20.775650130604586,0.7725165954159714,0.7966282857753055,0.991,0.01360460167758055,0.0268407296561624,1758,31.23076923076923,512.8736263736264,481.64285714285717,0.5619875710158793,0.7281362675604688,0.24686862638851337,8.238261085447872,166.62825219825265,159.22030886898497,0.776713048044106,0.05471468012266319
l7_species,all,MCAR,0.4,7,5.015249999995e-05,2137008492,0.5398463315969505,0.7347423572906019,0.23665515344807134,0.31802791529095964,0.5640775694662727,0.23329964656904356,0.48816693456745736,0.07083296147922705,0.00034244155508669365,0.018505176440301606,0.0018969242401710876,0.029515277240933613,0.29953462819526167,0.18891451799338654,0.2517000803821382,0.019388405398428475,0.008704652438335224,0.09329872688485746,0.03077429944676561,-0.056069763977881104,0.25655534759155596,0.40482777401121073,0.20766018148320237,0.09779495479224355,20.76637658276346,0.790068946031258,0.8094396941402123,0.9800884955752213,0.015194232365429864,0.029924546909935897,2372,31.543956043956044,600.7087912087912,569.2417582417582,0.5513511345601901,0.7403263949705757,0.25959678971512856,8.000947100619735,198.6330357922702,191.59040058586803,0.7928858662416842,0.05216910879525078
l7_species,all,MCAR,0.4,8,5.015249999995e-05,3357995911,0.5393019489487715,0.7343718056603014,0.23608933288157152,0.34700822553712085,0.5893499146918988,0.28785846315971253,0.5076989844454073,0.0719873355717169,0.00033487815100726804,0.01829967625416548,0.0018691951073902448,-0.035701652410594864,0.2827837486097091,0.1873310475389117,0.2538090264091356,0.019612036092536693,0.008056452294700697,0.08975774225492025,0.029940226203413293,-0.12141839887030881,0.2390782143693549,0.4283200570198069,0.20746587244663514,0.09624848039220785,20.82685950156947,0.7785197622280371,0.8000197247545949,0.9667711598746082,0.011021213334095717,0.02179397485636753,1918,32.394285714285715,528.3314285714285,496.2914285714286,0.5683127660307242,0.7158705782322812,0.22435958972564804,8.448064414587105,159.11618026465356,151.52049840680152,0.7820408163265304,0.05556109002873461
l7_species,all,MCAR,0.4,9,5.015249999995e-05,2448466829,0.5306678529581347,0.7284695278171454,0.236893395647084,0.34489023403202934,0.5877602027977691,0.2460732604144796,0.5029230024243664,0.07146697392901254,0.0003528192941156538,0.01878348461057356,0.0018965731267999027,-0.04050202805147296,0.2703383744990205,0.20244391294286102,0.23989277863762187,0.020130540727042796,0.008674131621433493,0.09313501823392474,0.030266506737108085,-0.1356167226178444,0.2253290417385111,0.43301904678882025,0.19459180368907436,0.09987019149238835,20.68674113582272,0.7899227073121594,0.8079127218658717,0.9697530864197531,0.010792429498849312,0.021347284030302005,1911,32.02197802197802,547.3956043956044,515.7252747252747,0.5539550813758318,0.7368485190062252,0.2503771361759887,8.006675472976648,187.70829872515142,180.5973908974978,0.7939919839448881,0.05472160611166213
l7_species,all,MCAR,0.5,0,5.015249999995e-05,2187788909,0.5510883437623078,0.7423532472902019,0.2414725550859333,0.3340926062676761,0.5792750938944222,0.2526124755942641,0.48485196744909237,0.07236513928573594,0.0003447357852856104,0.018567061837717093,0.001884228479601165,-0.023267383938338604,0.2927959882972274,0.18955429358346587,0.26280627994221045,0.019422112214229893,0.008181886587422724,0.09045378149874511,0.029128385006703218,-0.09137938445374316,0.262411262174173,0.4006580534880624,0.22612144923211175,0.09467098030958947,21.034464795483945,0.7847811617538851,0.8064445360059117,0.9847101780009129,0.02453628413187613,0.047879541066554225,1918,32.61818181818182,551.5590909090909,519.25,0.5603784412617194,0.7375138607137943,0.2646023537592219,8.34877103428826,201.16522356369552,194.19871262706818,0.7885131292065598,0.057999288600949855
l7_species,all,MCAR,0.5,1,5.015249999995e-05,3128370263,0.5314234423749561,0.7289879576337019,0.23030542223446557,0.33811526729403474,0.5814813068728661,0.33070851312778493,0.5043789251864821,0.07056999338191895,0.00035764865598538804,0.018911601095237495,0.0018936088910852284,-0.02642184323544572,0.27384657353092146,0.18668887874779372,0.24014992314277903,0.020628819927977736,0.00893886643491398,0.09454557861113326,0.031066251905314538,-0.1159604670534391,0.22779445835987416,0.42297145446895285,0.19370464863889353,0.10317799189738716,20.680047337849505,0.7886881031369978,0.8071880557766103,0.9722113502935421,0.027341471200096862,0.05318716142431963,2372,32.00440528634361,589.2907488986784,557.7356828193832,0.5509855869138163,0.7227905783869977,0.2531195486967463,8.035350160895257,183.54877560963317,176.81506342639693,0.7912782016328531,0.05604195142671363
l7_species,all,MCAR,0.5,2,5.015249999995e-05,1771399650,0.5497786333616778,0.7414705883321858,0.24182389596288104,0.32648800725575,0.57172584869265,0.27464815953408245,0.5009594409746809,0.07272632458953257,0.00031120565046883136,0.0176410218090912,0.0018357585326308945,0.08663486524597053,0.3585091955751979,0.1895860200441913,0.30657650815534176,0.019242868988861798,0.007530704523028431,0.08677963195951244,0.02931633181432892,0.026027337184788557,0.3291416586134839,0.4143429642128799,0.26736137631992274,0.09471328457708195,21.051344174524328,0.7645934288407678,0.7881480202944195,0.9863456701401365,0.015595350369856943,0.030705213174717697,1918,31.886363636363637,523.5681818181819,491.6818181818182,0.5579297949089077,0.7226564775563764,0.23777994337424097,8.211594771452097,162.13787873881134,154.72361622139616,0.7676485922836287,0.05634173707835187
l7_species,all,MCAR,0.5,3,5.015249999995e-05,310692519,0.5550636039828937,0.7450259082628561,0.2416007769861569,0.3345230430061683,0.5787963367536283,0.2741955758355461,0.49202908553727115,0.07182434895357032,0.0002987841484767565,0.01728537383098082,0.0018142210967228105,0.11277847429616172,0.3792921295795959,0.1914357807219964,0.3220537325147084,0.01811038313412485,0.00700475969687796,0.08369444244917316,0.027652025657627855,0.0427932156414651,0.3443607437312702,0.4123719021908005,0.28178689783742683,0.08772782318648488,21.07730658046424,0.7556230867850503,0.7839358512506888,1.0,7.724137931034483e-05,0.0001544708270809427,2372,33.89867841409691,596.7797356828194,562.8810572687224,0.5549081820591497,0.7204689355326878,0.22971722677897888,8.447881969633595,161.2290102017261,153.6114323421429,0.7579302582998417,0.05108942485554508
l7_species,all,MCAR,0.5,4,5.015249999995e-05,4166672416,0.5390925824590663,0.7342292438054114,0.23736898752774813,0.33892113695367243,0.58309830675224,0.3095427616397247,0.49253829864888626,0.07157320546463306,0.00032422604784523466,0.018006278011994448,0.001862814585570281,0.05251468991964703,0.3306028911888127,0.18160886916834393,0.2841834276627385,0.018835503170413104,0.007980594444362913,0.0893341728811708,0.029254647938720835,-0.0344112518525963,0.28924348084369533,0.4432464024341389,0.24149595095152995,0.09349917252408196,20.843129207153016,0.7758622748900224,0.8016515052745297,0.9889380530973452,0.002462063837404643,0.004911898992895877,1918,32.13215859030837,554.5154185022027,522.3832599118942,0.5571193483722572,0.7392913630782537,0.2523585097085045,8.204133436106446,177.71934423618242,170.4366086092908,0.7784287965161948,0.052980030245140274
l7_species,all,MCAR,0.5,5,5.015249999995e-05,973989213,0.5548261317942774,0.7448665194477984,0.23847971990776387,0.32012581404442075,0.5658010290345619,0.3126474328486399,0.4840094749802467,0.0726101348999012,0.0003759097633678456,0.01938839249055593,0.0019041826706004,-0.05895783693387613,0.27746462304605274,0.16378119367941774,0.2529593334914019,0.02028126678827336,0.008833526437966643,0.09398684183419849,0.030445580153053424,-0.11413408544324066,0.24748439248737944,0.39518685574918033,0.21661344372395608,0.09836876142949696,21.08238041598144,0.7930920823050663,0.8105906459898085,0.9816862474084312,0.016156273991299156,0.031789368856265286,1918,32.53636363636364,517.8136363636364,485.4681818181818,0.5504324719751684,0.7007705272893144,0.26915313202932445,8.261065001456107,163.03147571363303,156.70735035596698,0.7963361456062187,0.05762837865638588
l7_species,all,MCAR,0.5,6,5.015249999995e-05,4076726250,0.52212074880758,0.7225792335845115,0.23264715095345495,0.33270684871157374,0.5768385064428896,0.28057194129174834,0.4967155048190742,0.0705899656245508,0.00034558029287896404,0.01858979001707561,0.0018802535584455417,0.03966555070366584,0.30584349096192015,0.19738562748823166,0.25520430151258394,0.01944588707175902,0.008809781230206093,0.09386043484986681,0.0307164457826782,-0.03367399630263934,0.2685120390769492,0.42828437730605856,0.21322802648765832,0.09823666349889475,20.55159352782398,0.7831256070925684,0.8074078071662931,0.9847586790855207,0.006392990248353654,0.012703510122938957,1911,30.625550660792953,551.5506607929516,520.9251101321586,0.5435332820881812,0.744050860059718,0.24840632685398795,7.526512916383984,187.40593994758072,180.32287957968816,0.7861488207617849,0.051098787188717236
l7_species,all,MCAR,0.5,7,5.015249999995e-05,2797359775,0.5349105776485102,0.7313758115008386,0.23376622732145372,0.34096295897095474,0.5841872048422475,0.3299683306324798,0.5010915477208069,0.07081645788941177,0.00031902121554881947,0.017861165010962177,0.0018791006924121936,0.060140625789785296,0.30844455489975786,0.1905104623043996,0.24542051612610444,0.019489711726959624,0.007821043720747049,0.0884366650250169,0.028976721538186746,-0.029737083450925628,0.25848355373121945,0.4469862759697899,0.19822569555205707,0.09654456261135229,20.73981650341093,0.7826454383896786,0.8049326904920168,0.9773182121414277,0.008071714288862688,0.016011191440296838,2372,32.73568281938326,618.0837004405287,585.3920704845815,0.5557399932268801,0.7583701331067334,0.25537936098237146,8.198167464957203,201.61543043942592,194.2859017725874,0.7848559924523255,0.051717275442289025
l7_species,all,MCAR,0.5,8,5.015249999995e-05,2856559785,0.5421076428374522,0.7362795955596299,0.23744436476000072,0.3402053202645706,0.5838222404298657,0.30730273699185195,0.49706285479259305,0.07177307525818535,0.0003385148456525942,0.018398772938774864,0.0018746256895850113,-0.022043876253391215,0.2913647046386043,0.1852220428991983,0.2606692208073629,0.019246073274507856,0.00822119021297463,0.09067077926749406,0.03037764022671274,-0.10300826293405008,0.24993219111603998,0.4308160668824836,0.21584981111754883,0.09489809509851337,20.89852177377779,0.7807815997121573,0.802299460289943,0.9984917043740573,0.003645956678103882,0.007265384066639595,1918,32.136563876651984,534.5594713656387,502.42290748898677,0.5656976885783525,0.7144753233580398,0.2293139644732792,8.327181088190756,154.9826911054256,147.51204080116912,0.7848323097205697,0.05465580286915634
l7_species,all,MCAR,0.5,9,5.015249999995e-05,1855215892,0.5345023031966964,0.731096644224754,0.2326129277695767,0.3310211617313584,0.5754308411630601,0.2979124796124518,0.501765658944839,0.07073270439610778,0.00035439337086796367,0.018825338532625746,0.001891324270379036,0.009029362606129743,0.2815182096996332,0.18641714501804146,0.2369391062324637,0.020175396199811877,0.008793359216989217,0.09377291302390695,0.030902131588015302,-0.06565731732029767,0.2380196599872153,0.4146903428850871,0.1913148368829847,0.10054325691926921,20.715474580046394,0.7877365586128685,0.8068490567506074,0.9767549976754998,0.0123224361004563,0.024337833689539137,2372,31.985915492957748,590.4929577464789,558.6948356807512,0.5452474536654511,0.7244025902112781,0.2481042897180288,7.998992104079679,175.09638800565136,168.4049012718282,0.7906681234116333,0.052530999627747384
l7_species,all,MCAR,0.6,0,5.015249999995e-05,502192112,0.5550090318971936,0.7449892830753968,0.2412277390546558,0.3275986558132252,0.5724906028297092,0.28465127995603023,0.48828612140294975,0.07182081809616604,0.00032462719957254796,0.018017413787015827,0.00187603695630237,0.033886283506481374,0.2977123591508203,0.18735969006253134,0.24681014726826767,0.01887736244292755,0.00769931507842262,0.08774574108424078,0.029105748480233753,-0.027222640199110693,0.2639040083471427,0.41374336716035326,0.20455005452791375,0.09197436094851966,21.150513230780074,0.7813693922999372,0.8047888231738978,0.9763888888888889,0.0034893878928663608,0.006953924070666903,2372,32.892857142857146,598.3055555555555,565.4126984126984,0.5586979961519226,0.728807234215206,0.2378986769829383,8.299007235555504,172.60749041880118,165.19071555141932,0.7847657191038304,0.0518058849846316
l7_species,all,MCAR,0.6,1,5.015249999995e-05,2856415332,0.5561241524594704,0.7457373213534847,0.24160651592989466,0.31791468505317755,0.5639010398658098,0.23612874230576594,0.48617630148622487,0.07189293285314313,0.00036439882923641043,0.019089233332860972,0.0019156526751590106,-0.046363703840607506,0.24982994845359627,0.18219674023308427,0.21678755227942215,0.02000033859696991,0.008684437785172042,0.09319033096395807,0.030641598395212306,-0.11709016005218387,0.2070957601165335,0.4060986344635241,0.17164594803381764,0.0976813350834012,21.097014528184765,0.7978693392037278,0.8163056432724645,0.9736842105263158,0.00017401282991891942,0.000347963473239728,2372,32.902255639097746,581.0488721804511,548.1466165413534,0.5501825448806628,0.7127849700335578,0.24793945017037639,8.233435842503535,179.7928037407439,172.83545503692187,0.8010514270499183,0.05260143635205532
l7_species,all,MCAR,0.6,2,5.015249999995e-05,3588779531,0.5363693249289201,0.7323723949801222,0.23793248061364278,0.3368717942096565,0.58098980706149,0.2661778839792965,0.49301540401796556,0.07139219847858551,0.0003150345309293393,0.017749212121368634,0.001883098364603419,0.11176436538216306,0.34269241394940403,0.20098768025510097,0.243886075260625,0.018566598880772448,0.007825969949200488,0.08846451237191379,0.02883891667096298,0.03749070995354775,0.3024974581278294,0.4370364808107193,0.20022752255056495,0.09258915694748497,20.763663346087153,0.7843104688573239,0.8035247889096113,0.8571428571428571,2.8947609651133056e-05,5.7893264118719784e-05,1911,31.84942084942085,578.4169884169884,546.5675675675676,0.5474179088584951,0.785643022114873,0.27125152358136134,7.9522288921870015,221.7337583970535,214.00452342873967,0.7884428496673395,0.050297881690474326
l7_species,all,MCAR,0.6,3,5.015249999995e-05,715729144,0.5488153153825925,0.7408207039375941,0.2394764536315097,0.3364681513534109,0.5801613718452376,0.2628941909379529,0.49886059581488473,0.07137521375756765,0.00032526395920955635,0.01803507580271168,0.001870581258098495,-0.007173445192266703,0.2944436318386921,0.1812264738542853,0.2599713767675618,0.018865627157057873,0.007904477840954669,0.0889071304280746,0.029586711198889313,-0.09704413611061224,0.2509763711202715,0.42705622410363486,0.21433877076337002,0.09304251308598234,21.00238223476905,0.7790970939980232,0.800710391696976,0.9637282919322928,0.02116729112750589,0.04142473105579204,2372,32.74131274131274,586.6872586872587,554.7799227799228,0.566286111539355,0.7228923266083688,0.23963622827521,8.499312306192905,185.82751899720753,178.42423935471604,0.7817539895954736,0.055493040910816104
l7_species,all,MCAR,0.6,4,5.015249999995e-05,1932989785,0.5444684841520651,0.7378810772421699,0.2360252780592441,0.32958534012500995,0.5741999372668392,0.2852396403521632,0.500591425149627,0.0711355503081103,0.0003594464114266569,0.018959072008583565,0.001885885821231534,-0.03364474751470459,0.275368285436682,0.17914511806650374,0.2441466592516863,0.01986396483525907,0.008653378790637661,0.09302353890622342,0.030520882064157897,-0.10355546926975112,0.2361330405913859,0.4139629807991177,0.20100277306749748,0.0975065050263309,20.872831004695566,0.7854714445429342,0.8062152647259352,0.9366840731070496,0.007539219703895176,0.014958044509303174,2372,32.529411764705884,578.0420168067227,546.1596638655462,0.5514046428435189,0.7071381120285664,0.24491045642854833,8.208774820334732,167.70437224416943,160.85745564275354,0.7880135190669859,0.052765713146172004
l7_species,all,MCAR,0.6,5,5.015249999995e-05,2544076358,0.5313041940623654,0.7289061627276624,0.23504365396491175,0.3318887865666902,0.5761017950988858,0.2972845165428827,0.49746220597335183,0.07109835575381677,0.00032130724812962834,0.0179250452755252,0.001878955386769903,0.062170180234422556,0.3234007577250082,0.19791160707134958,0.26744554069056947,0.01878058529775376,0.008085102125321576,0.08991719593782702,0.030390811282701307,-0.01930669067948987,0.28083600739867803,0.42324771823250007,0.22220596238633275,0.0942618126858396,20.738036373168782,0.7825849185896646,0.8041654614042325,0.6666666666666666,9.910950113232605e-06,1.9821605550049552e-05,1864,31.21031746031746,547.4007936507936,516.1904761904761,0.5553321923268225,0.7479301457734174,0.2360031292558226,7.759396376522197,183.08772811548883,175.7812947337472,0.7856568056407113,0.05128091691458706
l7_species,all,MCAR,0.6,6,5.015249999995e-05,1110170440,0.5365828615758295,0.7325181646729516,0.2352146192170514,0.32769010637095497,0.5724454592977798,0.30557209499358223,0.49278706392386884,0.07057529616401943,0.00032246215787742476,0.017957231353341326,0.001855425590618565,0.07421662478380009,0.3396622106877337,0.18323928513526597,0.2847418818033583,0.018784197814917445,0.00802531081364787,0.08958409911166083,0.029382687827693994,0.004656981041219477,0.3077953896232946,0.4183366713482406,0.24556339593319804,0.09375096995887992,20.752521113549168,0.7727847584926323,0.7992751171334747,0.9445414847161572,0.010719701850548623,0.021198816080914205,2372,31.646825396825395,605.6111111111111,574.8293650793651,0.5520209748427078,0.7420646381352826,0.25237040026119867,8.070556845671883,203.49769410241308,196.26205233314982,0.7762018522979737,0.05025563303458108
l7_species,all,MCAR,0.6,7,5.015249999995e-05,3090666406,0.5431124391635878,0.7369616266560883,0.23638078723212158,0.3380019979563681,0.581475575626661,0.3131372084256569,0.5098213009200038,0.07183956014994354,0.0003471150095735355,0.01863102277314736,0.0018411691226570067,-0.039327427977707385,0.3220093071415555,0.17688633514434426,0.30258654923718814,0.01948901867881279,0.00830798686264807,0.09114815885495477,0.030960785382283695,-0.11327969797116944,0.28433932473421797,0.40784764167358,0.26052653043719554,0.09539773140753069,20.93434971836922,0.7668469395866432,0.7918064373478081,0.9841646872525732,0.006345268359418869,0.012609240351597965,1918,32.31428571428572,488.2122448979592,455.8979591836735,0.5618979536074754,0.6651607061088853,0.21842477638188612,8.244106234471262,123.89167968646488,117.4239872479087,0.7701155540422634,0.05810635718383283
l7_species,all,MCAR,0.6,8,5.015249999995e-05,3321671810,0.5337320696312007,0.7305696884152809,0.2370811177571184,0.33537661790705275,0.5793803472264091,0.2646591900373302,0.49487214642249194,0.07038756800165356,0.00033963490358604036,0.01842918618892436,0.0018797491566470645,0.05058699709256831,0.3216200546669614,0.1876337610586522,0.27201781690483623,0.019277887115726557,0.008343482799027168,0.091342666914357,0.029707965284324137,-0.02408956822518382,0.2845458391217243,0.41665577695724354,0.23157896688324336,0.0955913349218152,20.69803648667041,0.7829155237435022,0.8037954842972153,0.9799092676604018,0.007714325073087108,0.015308137003776413,2372,32.32244897959184,606.334693877551,574.0122448979591,0.5461709370848876,0.7390804744181334,0.256498193072392,8.06710626784348,197.14453167759683,189.63142191191972,0.7856798705991671,0.05111684050535463
l7_species,all,MCAR,0.7,1,5.015249999995e-05,2147548295,0.5483737962195904,0.7405226507133934,0.24025225654265167,0.3200710105604059,0.5658330114036388,0.29107778149887137,0.4806446387850418,0.07134649748050441,0.0003488576035171881,0.018677730148955147,0.0019306204279335402,-0.009978936636390046,0.2547690631424363,0.18645496825749108,0.21047922878178932,0.019537877022803882,0.00867501619821858,0.09313976700753862,0.03058000667478376,-0.0975222904710582,0.20828272943380186,0.40603368976554316,0.1647666113563067,0.09747202444729641,21.040136508745572,0.8041034082343197,0.8209390430900045,0.9954887218045113,0.0028523171845647416,0.005688335903968517,2372,32.12068965517241,611.1655172413793,579.0448275862069,0.5536349480810858,0.7531214069088195,0.2639316399496672,8.039767239541016,228.01998308473753,220.60876249092058,0.8070332034657208,0.05039549978913504
l7_species,all,MCAR,0.7,2,5.015249999995e-05,3860188943,0.5550772292248488,0.7450350523464307,0.24218117588414712,0.3141391820509629,0.5606980582831543,0.23619656120687935,0.4712515159654957,0.07297687949348351,0.0003362448596394936,0.018336980657662635,0.0019272985067165865,0.029900975248056905,0.28124240180479326,0.1820414352580343,0.22581233267747838,0.020002022573593358,0.008263261070587901,0.09090248110248642,0.02987593867155581,-0.04782640503800706,0.24139239674447568,0.4196225078982269,0.1835462083460985,0.09921305687767268,21.133664702730364,0.8027198280474581,0.8203153866727307,0.9677966101694915,0.004695202424072985,0.009345067858121904,1918,31.9375,566.4309210526316,534.4934210526316,0.5541986872743803,0.7678366953934128,0.26733538713638166,8.072492067164113,231.11288535219964,223.68650905855267,0.8059467784424565,0.05193696827465127
l7_species,all,MCAR,0.7,3,5.015249999995e-05,2089132761,0.5423800654480987,0.7364645717535221,0.23856243910986127,0.3224502581411738,0.5679963175880547,0.30856633097463304,0.4934516758684865,0.0709555172451163,0.00036123518932242623,0.01900618818496824,0.0019285234692717566,-0.045508846547926085,0.2445772403558385,0.18070570008997103,0.21027847518797763,0.019881461209083313,0.008950330092946721,0.09460618422147,0.0313640336685618,-0.12661710935407489,0.19964552522085177,0.4127475526688819,0.1640781490770652,0.09900664987227398,20.915246210301344,0.8032300249516866,0.8180526565591042,0.9869646182495344,0.011415377590536867,0.022569710596692046,2372,31.93793103448276,593.5137931034483,561.5758620689655,0.5511122308276885,0.7336314382539421,0.2620009915475715,7.926182418167129,201.2637376827268,194.36405882429455,0.8055576554050126,0.05325242054902279
l7_species,all,MCAR,0.7,4,5.015249999995e-05,4100308321,1.2361218303492965,1.1118101593119647,0.3558513393639784,-0.5390826773474635,0.19986948363912582,0.05163067445232007,0.19970985350238704,0.10711861501296764,0.0004271064947825678,0.020666554980996902,0.001993163599947232,-0.23065625352080232,0.17644243174819824,0.11226152738247078,0.16479297879229443,0.02161829122080557,0.008928744253034143,0.09449203274897912,0.031055048653599746,-0.1307126336766764,0.18470735590513468,0.3188509440324335,0.14690955793014374,0.09888718881418022,27.122064635549965,0.8301526393780224,0.8449436099075719,0.9369636810612737,0.08921315761580044,0.16291439332534888,2372,32.275618374558306,539.7950530035336,513.3639575971731,0.5500469598086118,0.6991438305162372,0.26682851262267454,8.128487008774421,193.7950071678117,188.4460122104511,0.8328407391296575,0.047661248319573746
l7_species,all,MCAR,0.7,5,5.015249999995e-05,2470921664,0.8204579054619915,0.9057913145211713,0.28725416532774306,-0.029822561505074674,0.3927092311314128,0.2180341399941586,0.3852576609524244,0.08732296519053187,0.0004619981297941013,0.021494141755234175,0.0019353505310291026,-0.2845069284653876,0.21239320243061807,0.13207683935333392,0.2064128529329387,0.022520030294559946,0.010011332719798297,0.10005664755426447,0.03309970260386088,-0.20371833048175714,0.2054921451881644,0.33827341491101537,0.1854865053277145,0.10487855141162561,24.05328874090991,0.8060734961736212,0.8238690823962331,0.964596548163446,0.1343466344514162,0.23584531375109105,2372,31.88157894736842,465.2730263157895,438.4046052631579,0.5453991245716157,0.62608562713714,0.24918836629290778,7.944183841898618,129.128006069144,124.21992663650556,0.8080955445105175,0.0671273638064581
l7_species,all,MCAR,0.7,8,5.015249999995e-05,3894973244,0.9740324013103007,0.9869307986430967,0.3164766506088937,-0.21117169787120127,0.3300440625054252,0.17009046236255163,0.32805668864269316,0.09508697089952277,0.0005080228096530777,0.02253936134084277,0.0019673002106059484,-0.44025577675479455,0.1903064814385414,0.12297294752762983,0.18877773545817814,0.0235773440636501,0.011971215991711645,0.10941305219996217,0.034684157548453456,-0.48045513939038353,0.15748624630311278,0.3141543157931671,0.15273237083868701,0.11450223724550268,25.432777856249444,0.8193805377173774,0.8330444612687138,0.9577721920889006,0.15229628757026017,0.26280387537525,2372,32.0976430976431,464.3097643097643,441.1885521885522,0.5495034457605319,0.6041406646832124,0.2610449852772057,8.115386048299918,121.96862758980204,117.46919123374538,0.8219618898371006,0.061626573594440556
l7_species,all,MCAR,0.8,0,5.015249999995e-05,531594754,3.411358437884784,1.846986312316576,0.5848801812730398,-3.1395925831949674,-0.11784442301922807,0.001885576895664686,-0.10423585876540997,0.17805902846735613,0.0004547378505150163,0.02132458324364198,0.002187405413905168,-0.33025501358821785,0.11624376156435012,-0.020915322131617013,0.10935828026460451,0.022342378966991733,0.01020560835542033,0.10102281106473097,0.03144997085747635,-0.34812091297689807,0.10433436627956581,0.07150540132852255,0.09086314365434306,0.10589127602194741,41.17068533124944,0.9110543548915025,0.9154041834304222,0.9322204682094515,0.14593147976781357,0.2523583297342759,2372,33.05882352941177,591.0756302521008,564.9579831932773,0.5557836384219348,0.7850646502987404,0.36563406687590133,8.494362499642824,406.48721506564164,400.8321187581421,0.9136512109059474,0.04984652537598289
l7_species,all,MCAR,0.8,2,5.015249999995e-05,2808273990,0.5488287152885979,0.7408297478426457,0.24936352752316823,0.30819914994872954,0.5561628366305189,0.25770320751343134,0.4866520317734181,0.07241785137489117,0.0003394098690914276,0.018423079793873434,0.0019166946850522717,0.026135556014653782,0.2663880589020266,0.1909058571313823,0.20733234192783231,0.019302390381606787,0.008581038201698874,0.0926338933743955,0.03033619408060941,-0.056166630824929786,0.22042483381565633,0.4361904222564986,0.16142508179191528,0.09710842876198705,21.026855820402883,0.7983033363242713,0.8176153993758779,0.9810633648943918,0.012986324349599178,0.025633340469563972,1911,30.98069498069498,557.088803088803,526.1081081081081,0.5546626642950466,0.7680240823066042,0.26994490437690283,7.900054219297072,216.070247449785,208.881368492392,0.8019674754368632,0.05373322135790518
l7_species,all,MCAR,0.8,6,5.015249999995e-05,2953090480,0.9159930854052105,0.957075276770438,0.305742599228454,-0.12347306245950129,0.3244279935569657,0.14451335316743538,0.3167459990275134,0.09374641759350671,0.0003740608636407074,0.019340653133767417,0.0019641094620169953,-0.12057567835883809,0.20949077915659656,0.1446657202668732,0.18696463195326868,0.02109683092281595,0.008615036614565886,0.0928172215408643,0.03157272947397154,-0.14584314626379768,0.18023893477228087,0.268964964952625,0.14732024559361376,0.10130284859418909,24.642126225540224,0.8180515909300784,0.8362686465210527,0.9608877767502584,0.07694619777577397,0.1424826373484549,1918,31.94773519163763,495.6620209059233,465.31010452961675,0.5593145714254028,0.7132841747354175,0.2408000191377532,8.107408325241865,173.1374229575087,166.27726631753129,0.8211914995658224,0.06034138798035799
l7_species,all,MCAR,0.8,7,5.015249999995e-05,4074707860,0.9938699956879028,0.9969302862727678,0.3203890934509496,-0.21767055399998014,0.3147526081511379,0.13542316324643341,0.3120863742114645,0.09610923320853847,0.0004695941014921641,0.021670120015638217,0.0019451849150186236,-0.40283519267406764,0.22964118254362953,0.11075671824049874,0.22849177344250823,0.022704407777532392,0.010276544052736694,0.10137329062793954,0.03316822076519423,-0.36785352745048505,0.21437684963940476,0.31166736918676596,0.2068885830721813,0.10625864580483724,25.79248259447725,0.8101695171052566,0.8253834122431591,0.9591463878809409,0.16880356193870213,0.28708246624033534,2372,32.621428571428574,455.40714285714284,430.37857142857143,0.5587196970979998,0.6258994322856735,0.26508866721561075,8.275020031337755,156.48264032594494,152.10990007634624,0.8111343652132016,0.0651069998764928
l7_species,all,MCAR,0.8,8,5.015249999995e-05,1709479241,1.0216610739911316,1.0107725134723102,0.3244345700835758,-0.2681915422103538,0.3249297522000466,0.19012548642085528,0.32422714152344023,0.09874404586235067,0.0004411492087786582,0.021003552289521367,0.001999583929124611,-0.27188924716936524,0.1739581379716753,0.10905559928337959,0.16523833240524305,0.02197080793019465,0.009951620333308753,0.09975780838264618,0.03297231965337936,-0.24946837969155822,0.1523886150027945,0.28668411958705053,0.13380403572187263,0.10440900118509457,26.05220054804576,0.8328267064804007,0.8463503952055478,0.9596704135625346,0.15869111930455373,0.2723469425871278,1911,31.45296167247387,449.3623693379791,424.8501742160279,0.5532193531743249,0.6920180094926945,0.2750471486648155,7.90354979066288,188.6157613510877,183.65007308688686,0.8353453415673426,0.06294791165220416
l7_species,all,MCAR,0.8,9,5.015249999995e-05,4059083260,0.7013981919239929,0.8374951891945367,0.29484747495583163,0.13229288784115012,0.4383652261725434,0.18749595195022029,0.4083380023842339,0.08198485757805178,0.00043528750235220066,0.020863544817508857,0.0019909032537744568,-0.27803658408457776,0.1821185986989925,0.1321011524301458,0.17416184050647437,0.02235977228756172,0.009840821851709949,0.09920091658704545,0.03190053044944367,-0.2718228327643546,0.16245706387828587,0.3431043416464794,0.14546706294487455,0.10637452809252118,23.385684403250668,0.8292112051970614,0.8424022560778892,0.9575006545073741,0.09795116725438557,0.1777216256053906,1918,31.710714285714285,494.51428571428573,466.46785714285716,0.5567684052349174,0.6945379923353076,0.2927352501190528,8.03992830032504,205.1894716825002,199.8495490182653,0.8324743035900493,0.05927626397830878
l7_species,all,MCAR,0.9,0,5.015249999995e-05,4073339534,0.8481883079186591,0.9209713936483908,0.32630416691244146,-0.009941722653448615,0.34206588055248716,0.11112838163384035,0.32114634169353834,0.08977696726298647,0.0003689120774017238,0.01920708404213726,0.002022176792524652,-0.1497584779269272,0.17486034938582862,0.1256830557235916,0.15423023657331664,0.02009160872275101,0.008347926172018153,0.09136698622597855,0.03043321211649269,-0.19942564606565738,0.14105816474630434,0.28380012670062327,0.11515646346870081,0.09562828221691008,25.27836916715452,0.8422366340865176,0.8520840106393794,0.9418545730934887,0.054444533944537604,0.10293863140770482,1864,33.2046783625731,512.8654970760234,481.34502923976606,0.5662019598097903,0.7370976383788382,0.2603367929946218,8.59106972754508,212.18903282314963,204.94749567657496,0.846252792209422,0.05668293241047908
l7_species,all,MCAR,0.9,1,5.015249999995e-05,1052651629,1.0686901275146437,1.033774698623759,0.36092728227048204,-0.32333515394752754,0.18377735003800555,0.14437935912264982,0.17832267363902238,0.10001643523814434,0.0005034201005734121,0.022437025216668367,0.002101020242696883,-0.46013770465099024,0.14474979594641707,0.03638643870332051,0.14252873533098012,0.0240460947093691,0.011180700264704465,0.10573883044891534,0.0332447895587528,-0.41745716248345843,0.13292825014031168,0.18032284621704556,0.12356485380041296,0.11337310587181969,28.30638847317439,0.8750749310832519,0.8835346469388972,0.9541603000416724,0.17251966872406022,0.29220616934047294,2372,32.10050251256281,526.0201005025126,502.45226130653265,0.5545587029396807,0.6989617895910143,0.34071643450649647,8.1509643416425,301.49701196432426,297.25492612232887,0.8774309998559408,0.06209539911126484
l7_species,all,MCAR,0.9,2,5.015249999995e-05,2979073053,0.9146350767585302,0.956365556028933,0.3567593771041516,-0.16911398219355211,0.3113037564618706,0.07165723443522781,0.3057762410060791,0.0932272161841293,0.0006109750754671318,0.024717910014140188,0.0020252744639414353,-0.6796948548314647,0.18258087837976195,0.10492893849120913,0.1825161367617581,0.025856219265702345,0.012326980719654254,0.11102693691016723,0.034666133386206,-0.4411805888801834,0.19236408827942222,0.2118495319253158,0.18586841000589194,0.11620331161281848,25.612800175452044,0.8435268142316079,0.8558028213381635,0.9684201162376942,0.20486265752513816,0.33818466110601986,1918,30.91457286432161,411.0251256281407,387.20603015075375,0.5420271791378459,0.568656106305865,0.2846283963725545,7.70026048889511,140.53978337751965,136.48802895424353,0.8460131732698948,0.06718398763148932
l7_species,all,MCAR,0.9,3,5.015249999995e-05,992813842,0.8073086765520451,0.8985035762600198,0.31602459459995463,-0.03898619925039459,0.38296460448713016,0.16699998387641338,0.3749801459299088,0.08788675487207104,0.00042068492832827243,0.020510605264795877,0.001997662890555504,-0.1723455245918848,0.21419757033082154,0.12719987106889502,0.19934339943590337,0.021455159707898085,0.010152964898376578,0.10076192186722412,0.032438801916277994,-0.19605726239946408,0.19736767084933818,0.3415502146408927,0.17210670142264872,0.10546861950866082,24.58052765134875,0.8320265939163676,0.8464958495669729,0.9735719409521653,0.1675971481122817,0.2859661768782922,1661,30.34375,461.34375,435.0104166666667,0.5450136106635123,0.7371950580196954,0.30633766858716943,7.393653163105248,245.0479544100339,239.81544934660437,0.8354655829821392,0.07711378145108347
l7_species,all,MCAR,0.9,4,5.015249999995e-05,1931419563,1.3408895157195533,1.1579678388105403,0.3987300986394954,-0.6393441284589683,0.08990827640499578,0.06058441195811101,0.08935278170184359,0.11156572917062171,0.000432601309589807,0.020799069921268284,0.002082402094274203,-0.25240745096375106,0.21750492123660647,0.009521816887007187,0.20992533482257186,0.0217569087394258,0.00959633894358505,0.09796090517949009,0.03083575210706724,-0.25022424757632544,0.2172122681841422,0.15309633922221816,0.19783930011072287,0.10251741067552492,30.152550783176682,0.8673204722652058,0.8792277993404674,0.9431050745142426,0.15183007568119147,0.26155286879456746,2372,33.05825242718446,557.0631067961165,532.4320388349514,0.5518541373763036,0.7374734743166524,0.33204149592612314,8.247031299923542,344.41428475876285,339.47735671808147,0.869427299071694,0.060507470488385846
l7_species,all,MCAR,0.9,5,5.015249999995e-05,3142594691,1.446027680698255,1.2025089108602294,0.4455526444005515,-0.8440507962729873,0.03381769707482644,0.034246581610332304,0.03377882385478197,0.11729411920669813,0.00038638695577965335,0.01965672800289136,0.002148225420499242,-0.06222380880856515,0.16841852816205133,0.02447667146908541,0.12956335417505246,0.020594919078787636,0.009792510996547592,0.09895711695753667,0.032495865877740296,-0.12604945523374544,0.1516504533533199,0.09218319355528183,0.1044302245849465,0.10373852437560194,31.35780605468444,0.8947358876379341,0.9020977717857245,0.9513583586968775,0.11380661169283879,0.20329408930775944,1864,30.232432432432432,569.0108108108108,542.0324324324324,0.5438317941991015,0.833963072357726,0.33655152727266097,7.650678406133648,370.5165698508948,363.9890663062839,0.8974422920774853,0.05531457722704295
l7_species,all,MCAR,0.9,6,5.015249999995e-05,1726992499,1.2446251093930303,1.1156276750749017,0.3787005597426331,-0.5976274111682378,0.11654727755760103,0.028606994532743634,0.1158807932208987,0.10905523083888083,0.00043966226511399706,0.020968124978500036,0.002091950949188751,-0.24337976455942112,0.18789733235154377,0.05929432253718575,0.1778627834594983,0.021968907394078706,0.010174637641741148,0.10086940884996376,0.03311561452564875,-0.2369182615431107,0.18037957528521106,0.1377582174586142,0.15827940554557504,0.10574174793648387,29.17487062315976,0.8712975703371149,0.8796906508187604,0.9603760391577966,0.15512913832484124,0.2671118170129547,1911,31.261306532663315,507.02010050251255,480.95477386934675,0.5403917716867697,0.7435026847369753,0.3154408961164534,7.432455861083052,318.85384961980293,313.58433797863955,0.8751896583913813,0.06355367772969114
l7_species,all,MCAR,0.9,7,5.015249999995e-05,40431671,0.8564326580459077,0.9254364689409574,0.33596275969162603,-0.07296080374532754,0.38781173475480907,0.05775738543711403,0.38347020715020474,0.09077530452127448,0.00045915097429050176,0.02142780843414701,0.00199221631123366,-0.29684790456321264,0.16964144574568138,0.15312158671273557,0.16224922210026368,0.022450530966909056,0.010028919709729538,0.10014449415584233,0.033612290407747575,-0.2302252357736656,0.15193255259081465,0.26564383277741604,0.1322554189540374,0.10498772573721502,25.72244551664792,0.8297580936288197,0.8435669333831681,0.9786397233335594,0.18781273383869604,0.3151452950392786,1733,31.223958333333332,370.8697916666667,341.6770833333333,0.549700266319357,0.6423176273557959,0.20884178728027902,7.8284457714270586,121.91561025580465,115.6884709189715,0.8325429169070975,0.0824556180876128
l7_species,all,MCAR,0.9,8,5.015249999995e-05,2390823077,0.8463876702407853,0.9199932990195012,0.3312026866575705,-0.04290181881697075,0.40870721387067394,0.07537001317857817,0.40457329325442415,0.08900822426144446,0.00047319754174417655,0.02175310418639548,0.0019971961481484945,-0.38825638961765985,0.19244605073324664,0.1181851109481199,0.18973320763080828,0.023313126336384712,0.009925674996511077,0.09962768187863791,0.033384539152141506,-0.3012588530614053,0.18169108938509151,0.2658756380939054,0.16910027497035676,0.1068207363126424,25.587733886955203,0.8318321957038478,0.8434987441805454,0.9721829521829521,0.30461660727895723,0.463883419059476,2372,32.796875,409.0260416666667,385.4166666666667,0.5545565875933599,0.6403777707701419,0.25371598648931676,8.280367704688162,184.18097864605684,179.5728964544644,0.8335726707419898,0.1032259923698365
l7_species,all,MCAR,0.9,9,5.015249999995e-05,3725261529,1.7366742406499487,1.3178293670464127,0.4674986355982323,-1.111064778805697,-0.01273390682052923,-0.011057076776120577,-0.012723429568243296,0.12749837630925845,0.00043265290847066247,0.02080031029746101,0.0021486167130983745,-0.3403569876261261,0.2049419107866178,-0.01821110285928811,0.20112778770093562,0.022292002908899062,0.009305278250347366,0.09646387018126198,0.031174371185173824,-0.2769367199593662,0.22549327332371405,0.016242798933234517,0.2047803499520695,0.10342849944939854,34.736185645996684,0.894898861005473,0.9025176448094175,0.952151186168074,0.18497471048880035,0.30977025590712126,2372,32.338541666666664,583.0729166666666,559.953125,0.5687908974081293,0.7870326357414928,0.3488561018957337,8.472346540585667,410.5202199949637,404.5472034835672,0.8961758712759978,0.04914724959752742
