Taxonomic Level,Learning Rate,Dropout Rate,Number of Epochs,Condition,Mechanisms of missingness,Mask Ratio,Iteration,Pseudo Count,Seed,MSE (CLR),RMSE (CLR),MAE (CLR),R2 (CLR),Pearson (CLR),Spearman (CLR),CCC (CLR),NRMSE (CLR),MSE (RA),RMSE (RA),MAE (RA),R2 (RA),Pearson (RA),Spearman (RA),CCC (RA),NRMSE (RA),MSE (RA non-zero),RMSE (RA non-zero),MAE (RA non-zero),R2 (RA non-zero),Pearson (RA non-zero),Spearman (RA non-zero),CCC (RA non-zero),NRMSE (RA non-zero),Aitchison distance (mean),Bray-Curtis (mean),Jensen-Shannon (mean),Zero precision,Zero recall,Zero F1,Rarefaction depth,Richness true,Richness imputed,Richness abs diff,Evenness true,Evenness imputed,Evenness abs diff,Shannon eff true,Shannon eff imputed,Shannon eff abs diff,Bray-Curtis rarefied,Jaccard index rarefied
l7_species,0.001,0.7,3000,all,MCAR,0.1,0,5.015249999995e-05,3835299529,0.566828449383873,0.752880102927334,0.15223544584848703,0.23278041405780991,0.49644966715207794,0.804888781429139,0.41003322699991895,0.07451791316858991,0.00037487162645032617,0.019361601856518126,0.001926107506641907,-0.058145791124844415,0.2528859976005834,0.0691797191145452,0.22353727013032784,0.02141813049513163,0.009926522326408591,0.09963193427013545,0.03593916415628752,-0.10970925653279417,0.2127962723163751,0.4027900070679536,0.17487692821599918,0.11030024911112538,21.418722683428577,0.8022237765163541,0.8260372164813146,,0.0,,1423,27.77777777777778,429.24444444444447,401.46666666666664,0.5498228909567584,0.6727236870159222,0.15332825923020932,6.820201446394181,74.9200794456466,68.61228439846653,0.803529319903178,0.04337817947183908
l7_species,0.001,0.7,3000,all,MCAR,0.1,1,5.015249999995e-05,3291810468,0.5663966396750426,0.7525932763950544,0.14305549187205135,0.23293545098575297,0.4972419438051159,0.8897870115347093,0.4118101484675468,0.07446540724471733,0.0004284366283634391,0.02069871078988832,0.0019710380826773646,-0.11223129894191053,0.1968520839674805,0.04727393057537272,0.1716531680272977,0.022585979479336344,0.01150610649999503,0.10726652087205509,0.037207443820462476,-0.1978203060705761,0.13642730643605333,0.3843910693638217,0.11428507528692257,0.11713850672880419,21.302572744712897,0.8209373614351223,0.8396349583893472,,0.0,,1395,28.466666666666665,422.6222222222222,394.15555555555557,0.5326855258368842,0.67765505487281,0.2261414017623373,7.543911596850798,81.81920949909463,74.84344488515157,0.8225089605734768,0.04622932542300105
l7_species,0.001,0.7,3000,all,MCAR,0.1,2,5.015249999995e-05,4004043493,0.6552252667984028,0.8094598611409973,0.16348142580356761,0.2721325408203338,0.5345370725493402,0.8869980310797145,0.4495665414988662,0.08126656971817792,0.0002973749619237834,0.017244563256974165,0.0017914778257330866,-0.051398381084187594,0.33824638952040115,0.08014151737519228,0.3241573337541179,0.020928919115266845,0.006498464905358712,0.08061305666800331,0.030252743311493396,-0.14138673730172102,0.2838209290592243,0.31915571319580033,0.2676381651916529,0.09791175028059536,23.020825594569455,0.7461505144178305,0.7744629662118369,,0.0,,1575,35.2,362.2888888888889,327.0888888888889,0.586931804272302,0.6011434279333662,0.1836458518186634,9.451776528089516,55.08542122255805,46.36290398991462,0.7475696649029981,0.05945025918757381
l7_species,0.001,0.7,3000,all,MCAR,0.1,3,5.015249999995e-05,3743898904,0.6544237981308141,0.8089646457854719,0.1659212150789859,0.22798052187069817,0.4956152519658246,0.8577746803890984,0.41315553104888014,0.07885846729059547,0.00037345737792290586,0.019325045353708898,0.0019059726984686207,-0.08050808270988297,0.2617614043441272,0.061277394928002916,0.2388896372571578,0.02021500238892753,0.00862318813007609,0.09286112281291935,0.032306394186397296,-0.15251520879858815,0.2115552996141504,0.2674563728253359,0.18739783699524556,0.09719210434904427,22.81261167288,0.7938376289121803,0.8161979257701446,,0.0,,1864,33.44444444444444,445.8888888888889,412.44444444444446,0.5588822450343064,0.6402680941827679,0.22912344930386389,8.719022553806978,109.08833999699722,101.75979719368843,0.7950643776824035,0.0510426239572977
l7_species,0.001,0.7,3000,all,MCAR,0.1,4,5.015249999995e-05,1691139647,0.631692722794851,0.794790993151565,0.1574397946024275,0.21172530573452042,0.47327011896838966,0.8467601804500822,0.36626649242012044,0.0788163184445499,0.0003752934634857073,0.019372492443815982,0.00203169692499798,-0.05562250409902725,0.18240295185550814,0.04925365569378573,0.14241943929971904,0.022742449406238617,0.009589771642330679,0.09792737943154957,0.033335703562240124,-0.13698164326667395,0.13096272274626986,0.3276696356591543,0.09479828649361108,0.11503280584732296,22.467380294300973,0.8462017692616589,0.861171784972842,,0.0,,1918,30.6,566.1333333333333,535.5333333333333,0.5549543216162504,0.7648553251011895,0.30754687256029706,8.058585936172049,251.64920750790878,244.59660730522043,0.8500868960722978,0.04467833588777835
l7_species,0.001,0.7,3000,all,MCAR,0.1,5,5.015249999995e-05,2490210396,0.6066282002389352,0.7788634028113884,0.1561328024307162,0.28103693507206096,0.5446173880371413,0.8701627022786637,0.45639137303843774,0.07810846054484567,0.00028913159735528577,0.017003870069936602,0.0017471062182657527,0.05862849411488491,0.38234992600682044,0.06741617062296137,0.35524137364235064,0.020104086061630333,0.006827008495403991,0.08262571328227061,0.029774664115889537,-0.02956215489084535,0.33238795089374795,0.3571248326364127,0.30302701770021234,0.09776962028220806,22.094196252172118,0.727669739907686,0.7651638869925471,,0.0,,1459,32.4,386.0444444444444,353.64444444444445,0.5808433854096783,0.6436226295356338,0.18662557242231617,8.5992517720969,78.84167206237566,70.9218471452057,0.7274388850811058,0.05521827816611451
l7_species,0.001,0.7,3000,all,MCAR,0.1,6,5.015249999995e-05,1096912140,0.6144603907179527,0.7838752392555544,0.1556319842081329,0.23950356113165072,0.5066219689127223,0.8821601785817138,0.42504962745231584,0.0769023803032188,0.0004412041293991006,0.02100485966149502,0.0019272039332277,-0.15249266202867373,0.21616512413683012,0.059908832452022366,0.19905381034539155,0.022920042416971514,0.010381034981861482,0.1018873641913534,0.0342807085018197,-0.21208827731012958,0.1652012170083017,0.3070116256040948,0.14731069529936067,0.1112405308931153,22.17319494976963,0.8026804381893371,0.8229546485568007,,0.0,,1918,32.91111111111111,448.44444444444446,415.53333333333336,0.527961799130857,0.6165663086580627,0.19616784364877538,7.701464739074168,79.44097038250683,72.66569201940742,0.8064418954929904,0.04999607401731099
l7_species,0.001,0.7,3000,all,MCAR,0.1,7,5.015249999995e-05,1188648582,0.7082489426158214,0.841575274479842,0.1759401678229452,0.19777904819215486,0.4662457166945676,0.8773392125173296,0.3867432227200059,0.08379934280414586,0.0003197732119023452,0.017882203776446157,0.0018675105866425542,-0.0098747789814011,0.30819819311402913,0.025011391041102705,0.2783773512978757,0.02077632726813331,0.0069565032112683,0.08340565455212434,0.029335640645406193,-0.07886696381118696,0.2628417828205181,0.2980503254371805,0.2299061082104726,0.09696306447211114,23.584618869555975,0.777818159336624,0.8051575279340927,,0.0,,1918,35.355555555555554,466.6,431.24444444444447,0.5729098764921229,0.6473783854040527,0.19060225017039994,9.37151904906067,70.86367109291857,63.556607404887956,0.7770362646275054,0.049665274797672986
l7_species,0.001,0.7,3000,all,MCAR,0.1,8,5.015249999995e-05,166929056,0.5987907807248842,0.7738157278867394,0.15347221865785177,0.24747714839128165,0.5133434682038082,0.8953862227544406,0.44185057647824355,0.07547888702615595,0.0003766273033087666,0.0194068880377243,0.00184958561846511,0.006609886200001802,0.29602231222351777,0.03915887285900909,0.2570937253972418,0.020333154564138714,0.009332342437422456,0.0966040497982484,0.03292631483960026,-0.06635989251288743,0.24254054124699867,0.3643906004800466,0.20372587408031143,0.10127176177816286,21.699510989948635,0.7703524100907183,0.7999807600764239,,0.0,,1864,31.644444444444446,436.6666666666667,405.02222222222224,0.5363976349993906,0.6449180431872112,0.23197055938945646,8.167719250104485,114.34940731185931,107.80483994363571,0.7696351931330471,0.04845348795291023
l7_species,0.001,0.7,3000,all,MCAR,0.1,9,5.015249999995e-05,4212537863,0.5848054990887348,0.7647257672451837,0.14908365114063765,0.26028162462587223,0.5243404433417468,0.8794455006250543,0.44611582992698756,0.07682131558907489,0.00034929478187428634,0.018689429682959464,0.0018487071143806425,-0.07540845808612495,0.28052952988104146,0.07349779307975922,0.259897196694564,0.02267325819958246,0.008533212650508548,0.09237538985308018,0.03337150851411914,-0.1566210552060332,0.22540860852433262,0.35033955798498867,0.20259614457981906,0.11216228558202339,21.675108179509976,0.7699865131395378,0.7979594945376547,,0.0,,1414,30.977777777777778,379.44444444444446,348.46666666666664,0.5594871500354016,0.643391862845189,0.16975801962277115,7.852630590020358,68.19947428319831,60.673471345360454,0.7693540782649695,0.05214927870462278
l7_species,0.001,0.7,3000,all,MCAR,0.2,0,5.015249999995e-05,2673065616,0.6262940105478596,0.7913873960001256,0.15744001989697834,0.2403643646161523,0.505643389900359,0.8644848779259364,0.4181074679012138,0.07747123062585685,0.00032672184032547406,0.018075448551155626,0.0018527029112730903,-0.000854285829849255,0.3089819891515143,0.05489385518152979,0.27662308010462966,0.01937172791750136,0.007765591625318546,0.08812259429521209,0.0312407417810243,-0.06242415743673879,0.26799055908845715,0.33223167737000847,0.2289397792622336,0.09449662841511894,22.3779060943027,0.7716507625452423,0.802713690945967,,0.0,,1864,32.16483516483517,477.6043956043956,445.43956043956047,0.5672878488158527,0.6635327763255398,0.20106429104124668,8.355123163301029,104.55284813287844,96.90630210258087,0.7724437579587793,0.049812254395566344
l7_species,0.001,0.7,3000,all,MCAR,0.2,1,5.015249999995e-05,2288535897,0.6405103831429214,0.8003189258932475,0.16210685664292998,0.2142538413814552,0.48059145368736983,0.8549311405460819,0.40087260746737047,0.07801567617125967,0.0003423756188194232,0.01850339479175168,0.0018991948167771508,-0.025173074417200514,0.27334197059451565,0.0429230382439179,0.23913890637468502,0.01935551317331019,0.008389738759088465,0.09159551713423787,0.03326633274955258,-0.08970363865065512,0.2243392829681434,0.2799217215158177,0.18534878538927707,0.09586747165603919,22.588801289837104,0.7910146411876835,0.8148486792393739,,0.0,,1864,31.23076923076923,485.3626373626374,454.13186813186815,0.5666954838604535,0.6650639824278469,0.1784322511896379,8.300764592692916,72.66429466040954,64.93141052012474,0.7926118945432251,0.04576179660630621
l7_species,0.001,0.7,3000,all,MCAR,0.2,2,5.015249999995e-05,1059121775,0.618393612060954,0.7863800684535144,0.15405768567853909,0.21165481806638176,0.479443892006682,0.8918895177712146,0.40242781041945175,0.07769704184505363,0.00039990138078581367,0.01999753436766177,0.0019161075859021688,-0.0794807116381544,0.2505551476116699,0.047502381992176955,0.2256464598683693,0.021820871137828435,0.010005528016681121,0.10002763626459,0.035061574633888,-0.1277559435183968,0.2074769867993446,0.3224478526053889,0.17704931355372472,0.1092265126501414,22.259524749073968,0.7980588095282533,0.8208342517437123,,0.0,,1517,30.043956043956044,408.54945054945057,378.5054945054945,0.546495772366768,0.6368989244322769,0.17800985277890918,7.779694366964762,56.14281625801906,48.67557953307612,0.7983875057045788,0.04813757818102742
l7_species,0.001,0.7,3000,all,MCAR,0.2,3,5.015249999995e-05,1378445292,0.6089337349570049,0.7803420627884959,0.15581341294799908,0.21404771489281882,0.4829679879783096,0.851756095390896,0.4090266405215291,0.07518294405044332,0.0003992314409658223,0.019980776785846498,0.001930399804021554,-0.07671838256070496,0.22526872111531748,0.05271226300520223,0.19591592831060256,0.020900931566558794,0.009985916239931754,0.09992955638814652,0.03467589912745397,-0.12618535103927075,0.17785054895507937,0.3264488058339523,0.14431354300967114,0.1045776307609244,22.01310072354026,0.804011518374977,0.8254071730354983,,0.0,,2372,30.857142857142858,535.8571428571429,505.0,0.5384962401018735,0.6480500294602364,0.18866913577626743,7.648340277113795,95.4257461145937,88.34496725084405,0.8053481088894242,0.04452298236948003
l7_species,0.001,0.7,3000,all,MCAR,0.2,4,5.015249999995e-05,1089075306,0.6016446894113483,0.775657585156845,0.15321156557950577,0.24831735434825974,0.5130469495781766,0.8527970515505919,0.42996889479894856,0.07709300193146815,0.00033818496714544755,0.01838980606600971,0.0018245999706808795,0.018787312108435983,0.319466337579259,0.0666501843388981,0.28363243182751924,0.020152321950779647,0.008414764994881701,0.09173202818471693,0.03241360899332468,-0.04248361182741145,0.2764040327526099,0.3342851670856171,0.2339504231727342,0.10060058727002337,22.032247977406023,0.7599458877885863,0.7939411277427749,,0.0,,1436,30.12087912087912,395.0659340659341,364.94505494505495,0.5596910122413287,0.6534252208908274,0.1783265510988058,7.807928873441554,70.29460723798809,62.51598527342827,0.7610731886497902,0.04966261834651757
l7_species,0.001,0.7,3000,all,MCAR,0.2,5,5.015249999995e-05,610922872,0.6040184994986008,0.7771862707862258,0.15069255798744385,0.2052793409423317,0.4743734481565256,0.8888318496016978,0.3981359318916262,0.0765121425578846,0.0003905228475528686,0.01976165093186469,0.0019236756325551345,-0.07269152773005016,0.25239773265508647,0.045894411546480676,0.22634871835581985,0.02070484984810984,0.009962563593570388,0.09981264245360098,0.035824143915895196,-0.11226328747245584,0.21326831642618313,0.3509505703557442,0.17866540660975522,0.10464619686154747,22.100318441891396,0.8012109009592135,0.8264893043470575,,0.0,,1575,28.945054945054945,421.7032967032967,392.75824175824175,0.5485004761489178,0.6373301154292875,0.15712993731645442,7.320636431598439,52.97406846777097,45.76077945912156,0.8006837606837608,0.044179942516922505
l7_species,0.001,0.7,3000,all,MCAR,0.2,6,5.015249999995e-05,331706442,0.6200295856646636,0.7874195740929124,0.16276934928943954,0.2201024626493544,0.4880740604209665,0.8720573976159123,0.36414825463556205,0.07742467683407292,0.0003805598846228387,0.019507944141370682,0.0020203200148292627,-0.04796091053694451,0.1934749992587897,0.03668807911164558,0.15206742219160052,0.02150451438491057,0.009727775900794178,0.09862948798809704,0.032683088737626514,-0.15020185550647036,0.13621347772116363,0.33462346488141664,0.10360193724740552,0.10878820669966051,22.25624730560296,0.8414632861763878,0.8554700260611159,,0.0,,1864,31.23076923076923,577.0989010989011,545.8681318681319,0.5450523664578569,0.7696303732357913,0.2946929234609758,7.608724774806943,241.49511871510836,234.64081803847682,0.8434242795830775,0.04199659310587262
l7_species,0.001,0.7,3000,all,MCAR,0.2,7,5.015249999995e-05,702772134,0.6525113944255371,0.8077817740117297,0.16151917540370173,0.21979710101059513,0.48605965203741996,0.8766478681912716,0.39875341886988136,0.07923465195462089,0.0003495617605552615,0.018696570823422715,0.0018865396753830275,-0.08847154700903981,0.2765867995968489,0.050248500707406725,0.2576003211923617,0.019588934796400198,0.008194592091225398,0.0905239862756021,0.03266605278551097,-0.14216237091118167,0.23533666479801446,0.292821005410772,0.21001710396474116,0.09490194667070354,22.792240599258847,0.785743774797031,0.8103644103064289,,0.0,,1733,32.10989010989011,450.15384615384613,418.04395604395603,0.5697692558556473,0.6356759442684428,0.1632269055226352,8.541362451568306,56.52813062974177,48.71753491036411,0.7877021997045078,0.04871251120109334
l7_species,0.001,0.7,3000,all,MCAR,0.2,8,5.015249999995e-05,2526032403,0.6424409765209701,0.8015241584138123,0.1654907909903427,0.22709757408285447,0.49338845740832094,0.8717970207298535,0.39644581127100736,0.07722375715819571,0.00037573909648045225,0.019383990726381712,0.0019109780544330217,-0.09600254558552934,0.25310624026139195,0.03364977755337868,0.23176731129667225,0.02027666231404478,0.008470359777857421,0.0920345575197568,0.03091919371347204,-0.15266150128123024,0.21269686632534937,0.3596455238269229,0.18737787104864004,0.09631540778747875,22.63327358137636,0.7959223596713536,0.8181315724566551,,0.0,,2372,34.34065934065934,548.0989010989011,513.7582417582418,0.5504394647685288,0.6452449704111035,0.2170896836644859,8.495992730381703,92.3502993537497,86.05019566746608,0.7967403591349627,0.04657867034396886
l7_species,0.001,0.7,3000,all,MCAR,0.2,9,5.015249999995e-05,82491419,0.6360237352932117,0.7975109624909313,0.16219687876284877,0.22290260749156243,0.48681233829686843,0.8486609522675289,0.39339037336855376,0.07830403263979054,0.0003235195218798844,0.017986648433765653,0.0019040855598048683,0.01358324860262905,0.289870081665867,0.049499827298412624,0.2460511406636695,0.019710524882733723,0.007578746527566543,0.08705599650550526,0.030811724043254655,-0.04759355963504808,0.24864984646240318,0.31669135522375463,0.19807833423757754,0.09545573390880771,22.578796666477555,0.7930516356587277,0.8185034368434778,,0.0,,1864,32.637362637362635,515.4725274725274,482.83516483516485,0.5578937749581583,0.6933576377322151,0.20026600179569765,8.156382261163829,95.86780072509194,88.45645691021096,0.7955477998396454,0.046243612653689745
l7_species,0.001,0.7,3000,all,MCAR,0.3,0,5.015249999995e-05,646667923,0.6223843525113675,0.7889133998807267,0.15512695009500088,0.21773596532516803,0.4838586886991949,0.8641029698103201,0.39502953547004777,0.07803406515400363,0.0003545592065268257,0.0188297426038389,0.0019105835329731253,-0.06765096503617207,0.2629372528518701,0.05645345940368235,0.23761880490402268,0.021081340911008432,0.008729064325627572,0.09342946176462526,0.033889552601018946,-0.13143596149397885,0.21621264402036655,0.3482426901669696,0.18589862970683058,0.10466275890109347,22.42289211864896,0.7957580414833068,0.8203349511341791,,0.0,,1911,30.977941176470587,489.3382352941176,458.3602941176471,0.5589076835633409,0.6451371787504486,0.15955656211844269,7.684732722229487,65.30137293432763,57.991427571447744,0.7968418136485363,0.04460288663106836
l7_species,0.001,0.7,3000,all,MCAR,0.3,1,5.015249999995e-05,3103015865,0.655477740430611,0.8096157980367052,0.17454720130651175,0.2144171510522166,0.48164975360752943,0.8381297192943057,0.397545985531905,0.0783293363050157,0.00037440881287467215,0.0193496463242787,0.0018962131482028381,-0.0752581404824968,0.2636375042155121,0.039219432410331836,0.24003779690937244,0.02073730468336526,0.008439386203485204,0.09186613197193623,0.0318032477757548,-0.12720598352283252,0.2195473541148748,0.30974724193529973,0.19189008366596047,0.09849880750402913,22.786729786140427,0.7897727762264821,0.8136236912758806,,0.0,,2372,34.30882352941177,516.7205882352941,482.4117647058824,0.5495400451743452,0.6159237650441244,0.1854327493041278,8.518142544164213,67.22793048259713,59.92389390726209,0.7911913500644777,0.04833815155264146
l7_species,0.001,0.7,3000,all,MCAR,0.3,2,5.015249999995e-05,3737939134,0.6350394267997895,0.7968936107158782,0.16836926467818497,0.20798075665340165,0.4759371530316545,0.7303727431271577,0.3964836638605596,0.07794781821084039,0.000379527279436329,0.019481459889760033,0.001898140278145646,-0.11713613912771303,0.24383129126898123,0.06538976046809393,0.22473431979113628,0.020378620127569982,0.009139224244435298,0.0955992899787195,0.03399917516220475,-0.17062915825676894,0.19621247229848832,0.29528286225251327,0.1725587270650667,0.10006483553727663,22.602225741480527,0.7905754258476617,0.8167947328747746,,0.0,,1661,31.080882352941178,421.11764705882354,390.0367647058824,0.5558484863921619,0.6197250397942932,0.1341145143500501,7.875506521656213,46.513561793905595,38.63805527224939,0.7912357899210256,0.04662543736440027
l7_species,0.001,0.7,3000,all,MCAR,0.3,3,5.015249999995e-05,3429251210,0.6236034833720541,0.7896856864424314,0.15942801213633787,0.23377073142212057,0.49846243030015464,0.8879783166711718,0.4089351533059887,0.07731716143697333,0.0003424314376332957,0.01850490307008647,0.0018999076861781307,-0.007017917232706727,0.27741039713446697,0.046201298680575965,0.23809399267057896,0.019388118980594417,0.00797527856669013,0.0893044151578752,0.030634025053092272,-0.060330122470589,0.2397558545503409,0.3698803119454682,0.19298570584271751,0.09362259682947005,22.377237393483995,0.7913115512931916,0.8167804714751521,,0.0,,1758,32.55882352941177,470.1764705882353,437.61764705882354,0.5545956449831133,0.6857485878604419,0.23501436979466278,8.124053155857785,137.43141477369144,130.36847309452506,0.7930301813558188,0.049899691125824146
l7_species,0.001,0.7,3000,all,MCAR,0.3,4,5.015249999995e-05,2107977037,0.6457334699825192,0.8035754289315467,0.16547503813030998,0.20619571595484298,0.4759822490734905,0.8453854057992367,0.3991627360346842,0.07855138937163679,0.00035612108517877336,0.018871170742133975,0.0019082847333636507,-0.053969835753723494,0.25847777174779013,0.05744479084766047,0.22913244028451088,0.019771868151152443,0.008541490464135635,0.09242018428966496,0.03340309569861567,-0.11541753215372252,0.2077707699566502,0.2757167132005529,0.1746676582566602,0.09688439679404992,22.760056135975866,0.7948005914459604,0.8193100252605153,,0.0,,1911,31.904411764705884,472.9117647058824,441.00735294117646,0.5576914043381116,0.6443299697000617,0.15909251019192747,8.00649824394596,64.48370313531984,56.81553511749224,0.7964416535845107,0.04700191160695229
l7_species,0.001,0.7,3000,all,MCAR,0.3,5,5.015249999995e-05,1640819777,0.6079831985547007,0.7797327738108106,0.1527246337284871,0.2343140780875036,0.49896382845157977,0.8711909906716334,0.41660632761157973,0.07656727451067254,0.0003832799117669264,0.019577535896198133,0.0019271064810582063,-0.08985491973075943,0.24310111288797742,0.05309464000680485,0.21913284222415472,0.020479120626488195,0.009639152756963743,0.09817918698463408,0.035288558135004325,-0.16400901583213146,0.18843259504783058,0.31661014683152566,0.16314135556364612,0.10277138525190808,22.060503449143365,0.8026398493607428,0.8213533735530391,,0.0,,1517,30.169117647058822,416.68382352941177,386.5147058823529,0.5555380632515013,0.6518704180172722,0.19023081087707094,7.82865698033758,76.30596081297014,69.32709961527031,0.8062109814261894,0.04734783149663044
l7_species,0.001,0.7,3000,all,MCAR,0.3,6,5.015249999995e-05,1809971875,0.6148996654867193,0.784155383509365,0.16421265764939616,0.20794524923282975,0.47681646319860344,0.8189416310848561,0.39917249238473684,0.07555034277476558,0.0004123573903987596,0.020306584902409358,0.0019289670291664084,-0.09031472434862664,0.2347135595623687,0.04795593902932019,0.20962919972028837,0.021241743799291078,0.010265242422025228,0.10131753264872387,0.03534388541327783,-0.13352804929588502,0.19042814270335098,0.3125086596972439,0.16012963662716426,0.10603016666851704,22.18002307843546,0.8034147676478092,0.8242911241791253,,0.0,,2372,30.816176470588236,535.5147058823529,504.6985294117647,0.5335749931253806,0.6201552628515574,0.15497286791242698,7.519298336353815,53.75871625535056,46.69020295669357,0.8057887362364844,0.043472969341607534
l7_species,0.001,0.7,3000,all,MCAR,0.3,7,5.015249999995e-05,1747452660,0.6303805662915177,0.7939650913557332,0.16207289553803408,0.22136353488535732,0.4879551886229234,0.8405663116170164,0.3989528522732082,0.07681514961300968,0.0003294550373190797,0.01815089632274615,0.0018847684376402502,-0.014892190732256116,0.289000460339909,0.05901690703024002,0.2555396685221049,0.01945258642007722,0.007930485034993032,0.08905327077088765,0.03223669971728198,-0.06721639870959817,0.25054030032869673,0.3100529267926204,0.20761679639727312,0.09548285953680356,22.448170455967308,0.7850060542771642,0.812648694545503,,0.0,,2372,31.83823529411765,556.9632352941177,525.125,0.5613363501365329,0.6533906221040165,0.1642258633535742,8.102408094782728,74.03315680057277,66.48513174903725,0.7855433488741197,0.044386529646405326
l7_species,0.001,0.7,3000,all,MCAR,0.3,8,5.015249999995e-05,4066552538,0.6713782548559768,0.8193767478126145,0.17215512540652556,0.21203074413430356,0.48015637896649943,0.8436957969495328,0.40235883758109775,0.0793201191664805,0.0003627253123850471,0.019045348838628476,0.0019087453756410975,-0.14959697041513964,0.24854918112737706,0.04297354132436472,0.23446619580918757,0.020774712287926083,0.008188975860229354,0.09049296027995413,0.03270937096105164,-0.20624154120398797,0.2013187714186647,0.3045586637419242,0.1831185174843449,0.09875535228292755,23.1429095253075,0.794992448954517,0.8177024789662434,,0.0,,2372,34.02205882352941,507.80882352941177,473.7867647058824,0.5735390425834955,0.6088178605802168,0.15621965870536775,8.819485399316576,55.883876152642095,47.72689504940887,0.7966595575835731,0.04827279766837217
l7_species,0.001,0.7,3000,all,MCAR,0.3,9,5.015249999995e-05,204965562,0.6683682716689898,0.817537932862439,0.17230660985108842,0.20316649234555673,0.4735357846538367,0.8561854678957914,0.3987057924556134,0.07876662248075085,0.0003701807347973817,0.019240081465455954,0.0018964564986593295,-0.07388383266870124,0.25514416811708174,0.03383857367481964,0.2298143514790424,0.020126125743487926,0.008275209927724757,0.09096818085311345,0.031300761660526366,-0.10430842789681183,0.21951369460757172,0.3098830036882517,0.18559651787695494,0.09519943019959544,22.985656226320422,0.7898741316916107,0.8176825500049912,,0.0,,2372,33.919117647058826,495.50735294117646,461.5882352941176,0.5563611249050204,0.6185688690422547,0.21493305319454922,8.63106267221748,85.83368242938027,79.02886207253286,0.7908069635948813,0.049724765090865
l7_species,0.001,0.7,3000,all,MCAR,0.4,0,5.015249999995e-05,1333365144,0.621371781475098,0.7882713882129034,0.18423523190921895,0.20957960264538966,0.4716039118986228,0.20046721387136135,0.37625635561866994,0.07694507926056152,0.00041858361415234713,0.02045931607244844,0.0019620692099572754,-0.19993012627751705,0.2004060774282622,0.22007156680708076,0.18739722703596565,0.021401508545541015,0.010164258540755549,0.10081794751310676,0.03488880292457431,-0.2580430186215461,0.15336860349129555,0.31721571932747367,0.13757536970399517,0.10551835164568513,22.389761563414027,0.8172018259472049,0.838366337209962,,0.0,,1918,31.302197802197803,506.65934065934067,475.35714285714283,0.5474933195292475,0.6370283807936251,0.12904629834155365,7.686881690507478,64.01417431697647,56.32729262646899,0.8201079421100275,0.04381029129904462
l7_species,0.001,0.7,3000,all,MCAR,0.4,1,5.015249999995e-05,645158921,0.6463565324675968,0.8039630168531366,0.19514948529735057,0.2066870592733595,0.469619895570854,0.25301213066683825,0.38420554989513,0.0774587317498965,0.00040203661336886203,0.020050850689406225,0.0019189311013400304,-0.1383342387277411,0.2398932637837404,0.14844450660601644,0.22339296712042753,0.02097423251369419,0.009361398599386245,0.0967543208305771,0.033109246115400816,-0.17960243305610146,0.20092343839183816,0.2901280182420088,0.17901674093154307,0.10125470385400738,22.711239933173836,0.7992348037081225,0.8215447505569867,,0.0,,2372,32.76373626373626,538.5824175824176,505.81868131868134,0.5496765595892956,0.6127821719408629,0.12970587060395625,8.231646657780647,54.576326603623,46.398554212144006,0.8006133832440746,0.04503317495338659
l7_species,0.001,0.7,3000,all,MCAR,0.4,2,5.015249999995e-05,3703598062,0.6608729306886795,0.8129409146356699,0.16887118717039018,0.19690133028416368,0.463350274389155,0.8469049583612357,0.36910944578947547,0.0792460768959046,0.00037064693829083574,0.01925219307743499,0.0019438348980848185,-0.12839117046947468,0.23811047291536142,0.043530137271998164,0.2200042994554446,0.02013879511945102,0.008690141393315778,0.09322092787199544,0.03334938531774547,-0.19695640233245637,0.18931104363335696,0.3055672024811977,0.16844517627991037,0.0975671384964019,23.02492253397262,0.8096072350523269,0.8321841219306252,,0.0,,1918,32.56043956043956,493.27472527472526,460.7142857142857,0.5587584739453052,0.6368905153077679,0.1598050724649941,8.180538290699134,63.42771249392248,55.813551977182556,0.8112187603845581,0.04547667498057761
l7_species,0.001,0.7,3000,all,MCAR,0.4,3,5.015249999995e-05,2258159076,0.6500960455333059,0.806285337540815,0.1707114264978873,0.2054128645981842,0.4769750719728154,0.8587344500531674,0.4055443162358849,0.07768247837929769,0.00037351912050706917,0.019326642763477293,0.0018625940008394862,-0.0320892502468737,0.2888656617344201,0.034456977186656676,0.2603352686954383,0.02021667336261443,0.008606794481797667,0.09277281111294228,0.031977297569961524,-0.06364550176873696,0.25525312152111496,0.3198703718335823,0.21734869556732042,0.0970880001462019,22.67099294448015,0.775770401349646,0.8028723623334122,,0.0,,2372,32.94505494505494,497.55494505494505,464.6098901098901,0.5483633813091198,0.601618878991731,0.1705859555604082,8.492261078153907,50.00834721120852,42.4169800790482,0.7767243296332673,0.046987078033527335
l7_species,0.001,0.7,3000,all,MCAR,0.4,4,5.015249999995e-05,3661699232,0.6299445763470645,0.7936904789318469,0.16394090586559973,0.21116703778901635,0.4802800608570014,0.8615661335714043,0.39161800233418415,0.07780394500033973,0.00039378477069622146,0.019844010952834647,0.001935727168794465,-0.13616481338962916,0.22687605832020669,0.038041710988570926,0.2086130414662965,0.02075786739307536,0.009753428221001363,0.09875944623680999,0.03440174972523883,-0.20900426443044573,0.17736519261846906,0.323818567777937,0.15700516914809853,0.10336989855926312,22.49576766937317,0.8062303658028946,0.8284738759137357,,0.0,,1733,30.89010989010989,457.92857142857144,427.03846153846155,0.552973593029436,0.6470821265139531,0.21694337727867907,7.982495656584612,82.4734567407531,75.84592756197,0.8070994210636449,0.04630471158612987
l7_species,0.001,0.7,3000,all,MCAR,0.4,5,5.015249999995e-05,2198053598,0.6436912681268447,0.8023037256094756,0.18428203713933317,0.1992274208343464,0.46857510686639664,0.6592815972979309,0.3797625050203339,0.07860359110507202,0.00037170593678027554,0.019279676781011543,0.0019243532434195182,-0.08780971303456009,0.24181408561434592,0.05405291817211912,0.21725181503945312,0.021037560675367724,0.008883498437690795,0.09425231263842174,0.033076551023459,-0.12753211092599415,0.20412736856603386,0.2809771107216648,0.17139357592106352,0.102904588601495,22.714298130477285,0.8014931258842294,0.8268473413569859,,0.0,,1918,31.4010989010989,487.2362637362637,455.83516483516485,0.5591249511376134,0.6457195392094996,0.180103435629404,8.109972519186224,84.00420571276008,75.90044135937448,0.8025472962907793,0.04548085138057191
l7_species,0.001,0.7,3000,all,MCAR,0.4,6,5.015249999995e-05,423414114,0.6381475241226662,0.7988413635526557,0.16375203767943408,0.21765117870760187,0.48474352459597664,0.8324819479765123,0.40233207591945547,0.0787365488789557,0.00036317257476660496,0.01905708725819885,0.0018689583151523862,-0.07614003107216782,0.29150416889837294,0.052317325701624534,0.27292928909018865,0.02094481709513984,0.008505624355739965,0.09222594188047073,0.03311341931670572,-0.09973475588488712,0.2621221743095956,0.31258012834968013,0.23284687619904806,0.10142493231537805,22.621826791343747,0.7784211382609688,0.807154590901427,,0.0,,1758,31.21978021978022,426.07142857142856,394.85164835164835,0.562370907189706,0.6039630982642433,0.15369950960243398,8.226067305518821,44.52638405162707,36.86217674501612,0.7814074435234845,0.0478131680544306
l7_species,0.001,0.7,3000,all,MCAR,0.4,7,5.015249999995e-05,2137008492,0.6449453901621037,0.803084920890751,0.17233648964534945,0.18525934787546894,0.45875437258054297,0.8161688474012484,0.38620550509824997,0.07742153790584284,0.0003712227706112273,0.01926714225336044,0.0019070098672040639,-0.052051137681825344,0.2675683955072545,0.04530487932911497,0.2395217288983332,0.0201867388880327,0.008987797291139112,0.09480399406743954,0.03416723814107182,-0.09042159134726213,0.22851512940074478,0.2859375536844978,0.19165596139005125,0.09937276341821265,22.662142817742012,0.7942696096904928,0.8172994613142991,,0.0,,2372,31.346153846153847,518.6373626373627,487.2912087912088,0.5501278341445788,0.6102709746669956,0.14403336139232645,7.96092247570644,48.406064924479715,40.86369838662332,0.7946069529121806,0.04352076720516583
l7_species,0.001,0.7,3000,all,MCAR,0.4,8,5.015249999995e-05,3357995911,0.639795402368274,0.7998721162587642,0.1656583461072584,0.22532982515637778,0.49003295449208384,0.8308977147608676,0.3954365587445815,0.078408051621489,0.00034709563498936297,0.018630502810964684,0.001900059636547951,-0.0734875405328721,0.25932587472697743,0.05502706534023683,0.23462246642670864,0.019966587849748176,0.008169671961810093,0.09038623767925122,0.03199396171443666,-0.1371780177653359,0.213574065085539,0.32270087252033836,0.1842778656442984,0.09692242481199405,22.64240685627513,0.7913748386222215,0.8184442101895937,,0.0,,1918,32.51428571428571,502.86285714285714,470.3485714285714,0.566478971586332,0.6598515650990535,0.1724158248307716,8.414000902708699,80.11361208568934,72.16432689000413,0.7934276776403992,0.04631505728944175
l7_species,0.001,0.7,3000,all,MCAR,0.4,9,5.015249999995e-05,2448466829,0.6284753312792049,0.7927643605001456,0.18713025650924553,0.22414684647678484,0.4849025547777869,0.11799435627511735,0.38592674799146226,0.07777466005130645,0.00039405604974464,0.019850845063740737,0.001936061481944128,-0.16211365354312846,0.23816331907754623,0.18758647695740738,0.22442100675079077,0.0212744468508736,0.009254162623959826,0.09619855832578691,0.033258710977881065,-0.2115543420653161,0.19969272740301794,0.28535436122525415,0.1807851216260948,0.10315527524950345,22.50678231626469,0.8063696072297292,0.8300666539698568,,0.0,,1911,32.23076923076923,506.6098901098901,474.3791208791209,0.5544466700942107,0.6420999714034432,0.14155581028089012,8.066073799479652,69.2144760363868,61.14840223690713,0.8084484850575903,0.04594851404387666
l7_species,0.001,0.7,3000,all,MCAR,0.5,0,5.015249999995e-05,2187788909,0.7184880063224611,0.8476367183661059,0.20291005214607147,0.13181528672563558,0.4559445446924043,0.6404941112157865,0.1762739427414633,0.08262824930337849,0.0003309655518749261,0.018192458653929273,0.0022302369925931214,0.01760632665337547,0.21944408672744703,0.08181220818223868,0.019561849995050215,0.019030257803719166,0.008164526020555476,0.09035776679707991,0.02795789008096377,-0.089063663674813,0.14681914767647555,0.2808556587462734,0.010820378374990097,0.09457048914404428,24.062102722094377,0.9288937074150353,0.9300723802895661,,0.0,,1918,32.554545454545455,739.3090909090909,706.7545454545455,0.5614730826866328,0.9692603250310932,0.4077872423444603,8.385586595638141,604.0915143942299,595.7059277985918,0.9340292918760074,0.04001536632985134
l7_species,0.001,0.7,3000,all,MCAR,0.5,1,5.015249999995e-05,3128370263,0.6377914887217491,0.7986184875907576,0.16707733038767836,0.20563449901993147,0.47460848053869753,0.823329934884146,0.3950678136528409,0.07731060684033496,0.0003599782085230879,0.018973091696481308,0.0018932974369586639,-0.03310746491930683,0.2720951346388032,0.05331656058973624,0.23997509076562737,0.02069589402360474,0.008616888710227472,0.09282719811686374,0.03310461135859812,-0.07576360152935813,0.231943510846265,0.29454886451950796,0.1912582607341219,0.10130271595832288,22.602998309921993,0.7885583824932834,0.8162034160003245,,0.0,,2372,32.04405286343612,526.7885462555066,494.74449339207047,0.5507386595510186,0.6244680510382411,0.16637485058257814,8.020972740439358,60.97098193766558,53.65182376056408,0.7904016016521681,0.045294639574026324
l7_species,0.001,0.7,3000,all,MCAR,0.5,2,5.015249999995e-05,1771399650,0.6675656738075926,0.8170469226474038,0.19762360977116378,0.18219177688917831,0.4716207886412688,0.665974832759577,0.2535732344794336,0.08013914595721322,0.00032683185243460356,0.018078491431383414,0.00216289177407748,0.040773139912063994,0.25108641099327667,0.07782613161992687,0.05062161182624435,0.01972006190429925,0.008221571254274663,0.09067288047853483,0.028403952852478646,-0.06332490174912397,0.18834079663997594,0.30924997140081717,0.031442833722613334,0.09896246548030944,23.16852875945872,0.9008444239032705,0.9057507868951575,,0.0,,1918,31.95909090909091,722.0090909090909,690.05,0.557631055780979,0.945246532199445,0.38761547641846594,8.222942575644387,505.08938860698066,496.86644603133624,0.9049483363351977,0.039834738491196425
l7_species,0.001,0.7,3000,all,MCAR,0.5,3,5.015249999995e-05,310692519,0.664879569525795,0.8154014775101863,0.1709662130939621,0.20286246563370258,0.46716872721375075,0.8711004878239341,0.3356663902764915,0.07860891763415777,0.00034941653554456244,0.018692686686096315,0.002009369977950483,-0.037571348254149095,0.20313285391176478,0.030775625634230662,0.1592937292813365,0.01958486527405058,0.008257651853444715,0.09087162292731828,0.02978366798827969,-0.128415637228936,0.15355665985108496,0.32302322288320373,0.11481530166684681,0.0952508844739363,23.069428619008683,0.8369025958163762,0.8560856239098656,,0.0,,2372,33.72687224669603,646.4229074889868,612.6960352422908,0.5559162064157043,0.7759941057697419,0.29926385536634825,8.454662326270572,254.50427302649499,247.66339772417442,0.8388133213481811,0.04417194578219095
l7_species,0.001,0.7,3000,all,MCAR,0.5,4,5.015249999995e-05,4166672416,0.6348769541144362,0.7967916629298001,0.1634933141372891,0.2214626046498137,0.4834359980505123,0.8710260785452894,0.37724389404497266,0.07767183598927214,0.0003612146667464432,0.019005648285350417,0.001983340500250463,-0.055577097529165176,0.2131202394263252,0.041163503399308285,0.17653800335915776,0.019880896446006987,0.008834798138706816,0.09399360690337837,0.031707182481602425,-0.1451295597384854,0.16075383687539097,0.33716411287216497,0.12729098119565907,0.09837584190441476,22.537271040668788,0.8260613183543181,0.8455398849853325,,0.0,,1918,32.09251101321586,552.1541850220265,520.0616740088105,0.5578009658296473,0.7415535246705182,0.28163226409323316,8.222345503324155,202.30487992172962,195.47688613642117,0.8271786414813521,0.045839340716778774
l7_species,0.001,0.7,3000,all,MCAR,0.5,5,5.015249999995e-05,973989213,0.6646418035931064,0.8152556676240322,0.1927403133675266,0.18555962079763755,0.45585460809408684,0.6891494574365218,0.2767045113347377,0.07947172071577926,0.00033991325773289943,0.018436736634580952,0.0021052065072042258,0.0424462378175946,0.20932973937176055,0.06272382320472145,0.07004751680141141,0.019285785274524733,0.008346389168437773,0.09135857468479777,0.027916034238634483,-0.052693590519358846,0.14482658843931775,0.26549776989877766,0.042924937165924076,0.09561795738983714,23.068612914187153,0.8768185102505601,0.8909764915250303,,0.0,,1918,32.44090909090909,699.1636363636363,666.7227272727273,0.5495045038289537,0.9127368470087275,0.3651520162635452,8.245448050728372,422.41516861434883,414.1697205636205,0.8813892312067495,0.04083447166022197
l7_species,0.001,0.7,3000,all,MCAR,0.5,6,5.015249999995e-05,4076726250,0.6363739252237042,0.7977304840757335,0.18255612904483134,0.1866862925288405,0.4510824790304516,0.27628914021703677,0.3653135696406965,0.07793161612078932,0.0003798548604254982,0.01948986558254054,0.001902638035156362,-0.055580181266354334,0.27248443035866643,0.20803653174957867,0.24624941124246807,0.02038741291933468,0.009270423834879542,0.09628304022453561,0.033859231678653845,-0.08772236249900667,0.2407020921327544,0.3099996877487162,0.2040037465457299,0.1007722224845592,22.671061453627345,0.7924487416426247,0.8193362285975351,,0.0,,1911,30.770925110132158,478.54185022026434,447.77092511013217,0.5436318556708982,0.6250778772261619,0.13064964028649206,7.524307670710845,56.93458825672974,49.41028058601891,0.7935993102764657,0.04374870093967091
l7_species,0.001,0.7,3000,all,MCAR,0.5,7,5.015249999995e-05,2797359775,0.6417544455868177,0.8010957780358212,0.18958491555452858,0.20932587883000198,0.4702627612161998,0.22029050291591712,0.3743206769743183,0.07756718849402942,0.00037598384909235023,0.019390302965460602,0.001914171513784088,-0.10767537673997718,0.25868843561106203,0.15047287329441747,0.24012039671512284,0.021158273542811832,0.008689564219114633,0.09321783208761418,0.03231792508956454,-0.14408854303092067,0.22561037152635402,0.3110692358396675,0.19915244187734366,0.10176406837516283,22.686435714092664,0.7972524354910725,0.8194125361872112,,0.0,,2372,32.784140969163,550.784140969163,518.0,0.554187919039382,0.6273764101592978,0.14589776169582225,8.153887668514756,71.53599065628421,63.42666376692589,0.7996114730594082,0.0442190311990661
l7_species,0.001,0.7,3000,all,MCAR,0.5,8,5.015249999995e-05,2856559785,0.6532676484037694,0.808249743831552,0.19765206090071646,0.20491340685760862,0.46257889227426163,-0.0018417341727689936,0.35755721417049263,0.07878877812353127,0.0003844980703981919,0.019608622348298514,0.001964927747685467,-0.1608764086081249,0.22345132066089798,0.10298715430930434,0.20809397909713886,0.020511638671955646,0.009075619499109303,0.09526604588786763,0.03332350812375221,-0.21764404416339422,0.18251168624973682,0.2529358489241286,0.1625603096492202,0.09970760541998883,22.925226012148915,0.8183924069109969,0.8384418138577779,,0.0,,1918,32.14977973568282,525.0484581497798,492.89867841409693,0.5655366975862929,0.6561817444593843,0.13437777525316819,8.336609328048729,76.63745953704067,68.30085020899193,0.8201067558442394,0.044375083066170475
l7_species,0.001,0.7,3000,all,MCAR,0.5,9,5.015249999995e-05,1855215892,0.6247621508300039,0.7904189717042499,0.17863074853518068,0.21805265317506484,0.47672413606417924,0.7795344502322303,0.3559415122623039,0.07647206688237074,0.0003331830046943863,0.018253301199903163,0.0019754412736985322,0.06833873973953652,0.2724076674657337,0.04738734464088743,0.1694978102613214,0.019562335254917837,0.008340785594334493,0.09132790151062539,0.030246287506097588,-0.010810428809663986,0.22191071504478221,0.3042405754205593,0.12359115624503908,0.09792171715023415,22.34234835451903,0.8227712904954385,0.8448435372606888,,0.0,,2372,31.96713615023474,674.7042253521126,642.7370892018779,0.5468131877023722,0.7934450077540022,0.26021373569201967,8.033495868313546,196.4297996994724,188.3963038311588,0.8250936196153877,0.04005327426216035
l7_species,0.001,0.7,3000,all,MCAR,0.6,0,5.015249999995e-05,502192112,0.6679810690308675,0.8173010883578141,0.16309497308362306,0.1907314243655911,0.46265799728892526,0.8863031909950472,0.3046247164385425,0.07879204993987064,0.0003340831997179791,0.01827794298377088,0.0020762550294975723,0.00574455214295122,0.16808059883162826,0.04285928602586841,0.09710745898855415,0.019150326372837076,0.008215563984554449,0.09063974836987605,0.02930135550757379,-0.09609922973404461,0.10939522685591897,0.3027521607083538,0.058945294011122536,0.09500783547831047,23.201021913352285,0.864760219785739,0.8795693347282187,,0.0,,2372,32.801587301587304,707.1388888888889,674.3373015873016,0.5591413218607131,0.860329229144456,0.3343661809291923,8.308221987698541,378.25519358294775,370.48440616968156,0.8676941968468107,0.04154153997761829
l7_species,0.001,0.7,3000,all,MCAR,0.6,1,5.015249999995e-05,2856415332,0.6517473357214638,0.8073086991488844,0.19248501798491424,0.2006330155140582,0.4636292638158902,0.19299524132971152,0.3738095992620473,0.07782873196466696,0.00042863230655707896,0.020703437071101963,0.0019508397215393803,-0.23080880587525665,0.21195631487030592,0.23037392056497197,0.20246077060770754,0.021691586263461488,0.009911505396238392,0.09955654371380313,0.03441751269697207,-0.2749294108994169,0.16846464558695082,0.3114353192429351,0.15540019802309174,0.10435434669734582,22.829150552763668,0.8125247440211519,0.8317947037034717,,0.0,,2372,33.04135338345865,533.0075187969925,499.9661654135338,0.5494442671396348,0.5942381746710711,0.12162597749035417,8.221046564046802,46.23486494116375,38.025333338308535,0.8135119628751474,0.045338214718579024
l7_species,0.001,0.7,3000,all,MCAR,0.6,2,5.015249999995e-05,3588779531,0.628192961970564,0.7925862489158918,0.19421871323974285,0.22334769644616426,0.48759227327852156,0.29476157545323645,0.38430822631796935,0.07726188914525749,0.00035053929902546246,0.018722694758646855,0.0018928668963282748,0.01165914793572187,0.2972996394300606,0.09311990106966146,0.2567847918931647,0.019584912342809516,0.008454845158568583,0.0919502319658226,0.03141333662067182,-0.03985410931176725,0.2642670544154496,0.2841795083488216,0.21483846755140926,0.09623739769286449,22.433324527949516,0.7883790623207264,0.8132169711731883,,0.0,,1911,31.752895752895753,521.5675675675676,489.81467181467184,0.5475145898657503,0.6786751732680106,0.17728791998076296,7.939490710363578,119.61650761819088,111.69377638574986,0.7902107085780554,0.04457504628460025
l7_species,0.001,0.7,3000,all,MCAR,0.6,3,5.015249999995e-05,715729144,0.7083263214667292,0.8416212458503702,0.21198924882978396,0.14361523748620142,0.43759994994746904,0.2872254213423273,0.19685480363302713,0.08108695667682213,0.00031147604233174633,0.017648683869675563,0.0021999348840799366,0.03552056793355196,0.24163183190869048,0.12317185965667922,0.04334178783390551,0.018461441101790047,0.007738388594571983,0.08796811123681117,0.0279849787911154,-0.07399299503825651,0.20517627888455123,0.21353526982098286,0.030545883128107333,0.09205981681662295,23.81064174872311,0.9162728792192935,0.9188401434156139,,0.0,,2372,32.69111969111969,770.8532818532818,738.1621621621622,0.5664199639913585,0.9575744430107169,0.3914116634973007,8.484080344583088,592.7082143158099,584.2241339712266,0.9203317989152728,0.03995385013561403
l7_species,0.001,0.7,3000,all,MCAR,0.6,4,5.015249999995e-05,1932989785,0.6383596867588903,0.798974146489666,0.19204752385243798,0.21397527178664066,0.47593638373146274,0.2353035926710035,0.3874005325023116,0.07702523800300945,0.0003776377957900533,0.019432904975583382,0.001887168114538592,-0.08595693731405274,0.2707906838521347,0.15470185922486093,0.2504230474771187,0.02036041325794609,0.008734474780199926,0.0934584120355141,0.032327301976505456,-0.11389754777833416,0.23970270378768488,0.29551752940694115,0.2100243427571644,0.0979623354480239,22.574734758442847,0.786005519705324,0.8121942266932871,,0.0,,2372,32.60084033613445,536.0378151260504,503.43697478991595,0.5513932811473548,0.6111640358914727,0.13090740213624846,8.22945369436114,54.80721988408512,46.649864452423294,0.7873775985942438,0.044442664888371126
l7_species,0.001,0.7,3000,all,MCAR,0.6,5,5.015249999995e-05,2544076358,0.6317130954791972,0.7948038094267019,0.1831321609089649,0.20562531318400024,0.4690902944415484,0.32515057066766134,0.37845601417948604,0.07752608893529374,0.0003781227719678798,0.019445379193213996,0.0019274390858511647,-0.10366265668812846,0.23866968014907353,0.09042951511073474,0.21664824109433883,0.02037348285440364,0.009238116460018337,0.09611512087085121,0.03399152073201606,-0.16466975568332543,0.19162551709093126,0.2785424787406314,0.16571660495080467,0.10075920879549569,22.57878107797227,0.8027783792570103,0.8278766797475503,,0.0,,1864,31.11111111111111,493.5912698412698,462.48015873015873,0.5550295747093197,0.6460635238216641,0.13560127970835004,7.7532670628137454,65.79789466125393,58.04462759844018,0.8045869098712447,0.044306077940690566
l7_species,0.001,0.7,3000,all,MCAR,0.6,6,5.015249999995e-05,1110170440,0.6263470374434144,0.7914208977803242,0.19530541976014595,0.21522035034482745,0.4707682926280939,0.08044997361623472,0.3749277161485991,0.0762503470151871,0.00033593442805129935,0.018328514071012394,0.0018822025750218475,0.0355379660677122,0.3097540171612832,0.11248239123331256,0.26299421093449554,0.019172578845197807,0.00816116939873561,0.09033919082400291,0.03161251271116084,-0.012192945070393924,0.2785928430107443,0.25896683903821155,0.21969005477442163,0.09454118363677544,22.376503949499327,0.7839373724965996,0.8128699418548732,,0.0,,2372,31.666666666666668,590.5198412698413,558.8531746031746,0.5519418155271933,0.6684752003477995,0.139974285160548,8.070769917485709,72.02247126018605,63.951701342700346,0.785709266843331,0.041585101367009096
l7_species,0.001,0.7,3000,all,MCAR,0.6,7,5.015249999995e-05,3090666406,0.6768355893303033,0.8227001819194544,0.19192775770318127,0.17500728110974784,0.43720638924649047,0.2810209347625958,0.3148770095484529,0.08019741743209237,0.0004522283217254279,0.02126566062283107,0.0020105824713622096,-0.35405639489638085,0.19289162650346198,0.08791481770326798,0.18908207086847895,0.022244986877101833,0.010452613664605615,0.10223802455351734,0.03432587057230163,-0.4006621310222447,0.15823801395008202,0.2613016713952148,0.15058969762833066,0.10700463650081499,23.355641626541168,0.8374075993223604,0.8561381451401403,,0.0,,1918,32.2734693877551,520.8489795918367,488.57551020408164,0.5615159510956231,0.6300206413906978,0.177703483805507,8.21939054127648,79.55324112481885,72.38771856488388,0.8394479794003107,0.044307559127233
l7_species,0.001,0.7,3000,all,MCAR,0.6,8,5.015249999995e-05,3321671810,0.6409220604547472,0.8005760803663492,0.19168184746591832,0.20189958274054365,0.46464047658197105,0.17196630640464025,0.3561560496855066,0.07713241349982215,0.00037824102875890707,0.019448419698240446,0.001933585061006993,-0.05733229166129239,0.2593030165738299,0.15467875644710843,0.2309460082551518,0.02034405836907088,0.009012622514820724,0.09493483298990273,0.032284865424769216,-0.10622061818782558,0.22446858719274354,0.27577859584251774,0.1892955899902703,0.09935058524832721,22.66018892576732,0.8053381779094124,0.8276216740995124,,0.0,,2372,32.44489795918367,587.5183673469388,555.0734693877552,0.5453187796549658,0.6626854425158518,0.16611353539097168,8.066538788250366,96.61711967616483,88.60073317922149,0.8073252572529854,0.04257774420369336
l7_species,0.001,0.7,3000,all,MCAR,0.6,9,5.015249999995e-05,3739447942,0.7241900464943831,0.8509935643084401,0.22288799908433035,0.10243431431021766,0.40820298925678217,0.0029328524936693854,0.1333424149974009,0.08300690304633346,0.0003539779365666385,0.018814301383964234,0.002256948406117846,0.010929787610114983,0.1860148786881254,0.11417543123045773,0.011951604554207306,0.019712284489548326,0.008840023303283517,0.09402139811385235,0.0285016542750605,-0.09096308234742456,0.12448490734354592,0.19762679700454072,0.006554726539992172,0.09856275126250093,24.079516140455638,0.9400190111480827,0.9406907785202281,,0.0,,1918,32.14661654135338,743.3383458646616,711.1917293233083,0.5452143393650509,0.9733201675275057,0.4281058281624546,7.986120960201971,623.937500891094,615.9513799308921,0.9440402361482434,0.03938541060099055
l7_species,0.001,0.7,3000,all,MCAR,0.7,0,5.015249999995e-05,429581934,0.6818383009842506,0.8257350065149537,0.20394932113697142,0.13659365725063266,0.4597612708616092,0.28857348869289834,0.17670791250174417,0.08081916942025577,0.0003447217632007211,0.01856668422741985,0.0022321398346589498,0.022286910138234695,0.2178867872917126,0.11070406098856206,0.025699214090654145,0.019452848875401305,0.00893682227770403,0.09453476756042736,0.029386202183121764,-0.08448583676095511,0.17079001146535863,0.2548898843086505,0.01693421721694297,0.0991058551140075,23.45239744164055,0.9296862411354525,0.9310764076855917,,0.0,,1758,30.82758620689655,720.2862068965517,689.4586206896552,0.5493632293278218,0.9670947151663711,0.41773148583854924,7.692476477251947,581.4426756010798,573.7501991238279,0.9343101486799263,0.03836828340618378
l7_species,0.001,0.7,3000,all,MCAR,0.7,1,5.015249999995e-05,2147548295,0.6333084225711487,0.7958067746451702,0.1881538579110478,0.21476051786042394,0.47585761442043106,0.26957565260173494,0.3522188755319505,0.07667290931275637,0.0004092123037088079,0.02022899660657463,0.0019911050183521488,-0.18471205211379704,0.20791703206238393,0.1139883311094933,0.1939109140369167,0.021160582407069518,0.009826604300897376,0.0991292303051798,0.03289263342730031,-0.2432158065697132,0.1737101370743775,0.31359105930072384,0.15501427699809717,0.10374007870307539,22.560939848160682,0.8292952401436702,0.844956479956263,,0.0,,2372,32.13103448275862,617.8827586206896,585.751724137931,0.553281399661641,0.6884868393130911,0.18689949640398526,8.022085133296743,143.22783331200765,135.20574817871088,0.8308818398557889,0.04221244396825726
l7_species,0.001,0.7,3000,all,MCAR,0.7,2,5.015249999995e-05,3860188943,0.6568325038067281,0.8104520367095934,0.19635696816112808,0.1884090094174783,0.44815510595375113,0.29250885433831575,0.29740668773406914,0.07938453423356923,0.00033271672966988527,0.018240524380342942,0.0020282319890687376,0.040079972322941027,0.23968508198661914,0.1032231086196943,0.15648115106826407,0.019896807834464153,0.00819167144971618,0.09050785297263536,0.02978804011318341,-0.038748452104503395,0.2017291983731074,0.23860188166177748,0.1182094759674826,0.09878235066792357,22.972811882332742,0.8447586234471293,0.8643505890841569,,0.0,,1918,31.94078947368421,651.8815789473684,619.9407894736842,0.5544667816760525,0.817684911080874,0.26423503437319684,8.081396773284657,205.6110541118404,197.52965733855572,0.847909006091872,0.04051807503413198
l7_species,0.001,0.7,3000,all,MCAR,0.7,3,5.015249999995e-05,2089132761,0.6499834835527283,0.8062155316990167,0.18858025720059074,0.18803036920280403,0.44952168738727905,0.14733978797447525,0.3444552326538834,0.07767575285603222,0.00039870249814836324,0.0199675361060989,0.0019728321642934277,-0.15394900960993696,0.21348159734927735,0.16364880628213188,0.19631018121720278,0.02088708112699554,0.009570587984952913,0.09782938201252686,0.034350371916208974,-0.2046916771174192,0.17036405410835637,0.27929393037114314,0.14885072541369088,0.10237976990448253,22.888640680586782,0.8216845964282128,0.8464208990756679,,0.0,,2372,31.910344827586208,580.5551724137931,548.6448275862069,0.5519197152985477,0.6442877591588908,0.14379772916350117,7.928835403025757,75.56607060387077,67.637235200845,0.8228106646508112,0.04276840250662532
l7_species,0.001,0.7,3000,all,MCAR,0.7,4,5.015249999995e-05,4100308321,0.6521635537149224,0.8075664391955144,0.1682624746205935,0.18799781406953264,0.46784844519603225,0.8737225802449342,0.28339731530650236,0.07780590757608355,0.0003378362597707348,0.01838032262422874,0.002105824442603391,0.026565245830342366,0.17344101817456434,0.03908242605557087,0.07658530976369898,0.019226773286031774,0.008472256320147998,0.09204486036790972,0.029130465492872695,-0.07290420527870589,0.11427717551084308,0.33451605983881677,0.045534845427904716,0.09632618985725735,22.887993414305043,0.8770758803443124,0.8914927700874077,,0.0,,2372,32.25795053003534,734.756183745583,702.4982332155477,0.5511929530278517,0.8948114047413412,0.35622825297700267,8.149041211248287,433.94240135331165,425.9356487811951,0.8798020486357325,0.039929821724637785
l7_species,0.001,0.7,3000,all,MCAR,0.7,5,5.015249999995e-05,2470921664,0.6295259131107327,0.7934266904451429,0.1882699404216674,0.20983150499541503,0.4741831912070457,0.41054966586334884,0.38888610087530395,0.07649043456285064,0.000383105421902492,0.019573079009253806,0.0019183960387535754,-0.06515922258326312,0.2505435282759637,0.07904731352935984,0.22247154354613155,0.020507277623163178,0.009306575605165688,0.0964705945102739,0.033481601473559115,-0.11898145466670607,0.20665986031693245,0.28679157622702167,0.17387968273646787,0.10111968023482541,22.45582062275725,0.7990119501408641,0.8223320270811352,,0.0,,2372,31.838815789473685,549.1480263157895,517.3092105263158,0.5460011401056355,0.644146959128979,0.1698383229364424,7.95102763637743,87.68758822460097,79.79710150402643,0.8002546152480696,0.04378792970447756
l7_species,0.001,0.7,3000,all,MCAR,0.7,6,5.015249999995e-05,526204855,0.6711029884349429,0.8192087575428761,0.22021185254802925,0.18760287763977246,0.46685047983934014,0.35095690958939946,0.3698950665150691,0.07897595911096959,0.00045647515716558325,0.02136527924380075,0.001935815794201129,-0.3411915081697341,0.23822371745107115,0.1165035854489897,0.23589639721105848,0.02238501733640789,0.010364807444186969,0.10180769835423532,0.03465421007512928,-0.378210314375111,0.2033694941050413,0.3016754700851963,0.19750055734950392,0.1067139883949556,23.19545352259073,0.8062672782847702,0.8286830584947693,,0.0,,2372,33.23048327137546,509.7620817843866,476.53159851301115,0.5566353648092482,0.554997397616304,0.13710566368260937,8.395115206423878,38.83134545267995,30.60197389068201,0.8073073716281023,0.04636404625705
l7_species,0.001,0.7,3000,all,MCAR,0.7,7,5.015249999995e-05,4043563503,0.7163830977931499,0.8463941740070934,0.19121007836111734,0.13751610529662428,0.4345140472009442,0.7277606006016093,0.19914818913197888,0.08195326730647293,0.00032318640374710806,0.01797738589859794,0.002190393013586091,0.02709591405082412,0.1809447080303882,0.05770944157960103,0.03786791486136506,0.019616529411880076,0.007927102673515618,0.08903427808162213,0.027931705270119737,-0.07884048704448143,0.11757099828411666,0.2672609565975705,0.021664861574473226,0.09719696499609241,24.016504881512997,0.912298690158607,0.9190571217107995,,0.0,,2372,33.21189591078067,768.8847583643122,735.6728624535316,0.5613056334864013,0.9500598719401872,0.38875423845378576,8.470053491367286,559.3886457676065,550.9185922762391,0.9158334221430944,0.04069811842842044
l7_species,0.001,0.7,3000,all,MCAR,0.7,8,5.015249999995e-05,3894973244,0.6469265763695281,0.8043174599432292,0.19186560181353207,0.19557177066651799,0.45691949225166467,0.23715622160067865,0.3506126217927263,0.07749288097275944,0.00038568337199704276,0.019638823080751117,0.0019757346995145446,-0.09342079521260338,0.2121758838513902,0.1572536010736315,0.18483464363448926,0.020543230208611964,0.009296250095168846,0.09641706329882095,0.03331792224822957,-0.1496477250080317,0.16723741059421432,0.2846484623905658,0.1366142825321077,0.10090175929083589,22.739127431266052,0.8228935023478079,0.8454455135240334,,0.0,,2372,32.05723905723906,600.6902356902357,568.6329966329967,0.5493520009525995,0.6758732955856922,0.16732375955735865,8.114715857073524,95.37323325264025,87.25851739556673,0.8254509683683376,0.0423983540055979
l7_species,0.001,0.7,3000,all,MCAR,0.7,9,5.015249999995e-05,3921152639,0.7373280480959898,0.858678081760557,0.20122578663336207,0.08542830912538857,0.42816179628536644,0.35815836137056206,0.11473337324808192,0.08370456950923803,0.0003444344797713711,0.01855894608460758,0.00227474121920539,0.0051492126048501285,0.15030961457354786,0.12231009425679089,0.005479896918551618,0.019413622714438614,0.008765467439854058,0.09362407510813689,0.029216085935301755,-0.10372248351675117,0.05408407766545466,0.25273380608999074,0.0015486131530560844,0.097989081542035,24.36273165424589,0.9474297177990448,0.9473665073704904,,0.0,,1918,31.548275862068966,745.9793103448276,714.4310344827586,0.5539257587950269,0.9766471341481866,0.42272137535315973,8.06353615386964,639.2457963204379,631.1822601665682,0.9521987702707563,0.038461315139133846
l7_species,0.001,0.7,3000,all,MCAR,0.8,0,5.015249999995e-05,531594754,0.6737598644736729,0.8208287668409733,0.19872202339003062,0.18241035393541305,0.4602647758687519,0.30025679350915163,0.2848313621699353,0.07913213638191291,0.0003252041620285912,0.018033417924192607,0.0020745516450854564,0.048672841971831415,0.22760532537423467,0.12275394551829528,0.11947447680747383,0.01889413043758226,0.007898790954693483,0.08887514250167751,0.028274278093885302,-0.04339936458559812,0.18236449677487027,0.28395874211839905,0.08731648765895973,0.09315819018444084,23.19061497045115,0.8640507601780925,0.8783838355613667,,0.0,,2372,33.09243697478992,732.3613445378152,699.2689075630252,0.5561658998786599,0.8747381473303903,0.31857422490488013,8.498795008435772,351.49020903116065,342.99141402272494,0.8673972961866027,0.04105513839309495
l7_species,0.001,0.7,3000,all,MCAR,0.8,1,5.015249999995e-05,1706080412,0.7193498305670118,0.8481449348826012,0.2193728214097972,0.12722426849721702,0.3842211997269209,0.10576161616261487,0.23120720538061598,0.08171548892043855,0.00032942177669500463,0.018149980074231613,0.0021830357111046507,0.010596242980445036,0.11389599958384969,0.13401406770732077,0.036093526327106905,0.01898582300036686,0.008015402371620954,0.08952877957182794,0.028509835173815844,-0.09047961874778787,0.05599381947603132,0.26840184236042625,0.014414915758997067,0.09369307731310415,24.047447997056103,0.9092343736750871,0.9155424867400638,0.7333333333333333,5.314728562317608e-05,0.00010628686825742679,2372,33.12741312741313,750.8880308880309,717.7606177606177,0.5604046978180409,0.9264048040567451,0.3670598422261444,8.406901797746656,497.93531544709333,489.5284136493467,0.9127009447414168,0.040546056231175985
l7_species,0.001,0.7,3000,all,MCAR,0.8,2,5.015249999995e-05,2808273990,0.6554514244899232,0.8095995457569892,0.19144183973284867,0.17380078702513635,0.45039934917251445,0.2997099029029145,0.2752535220797717,0.07914026096892388,0.000344275112681953,0.018554652049606133,0.00210133628974251,0.012175774123738936,0.16577943911885712,0.10295176757966831,0.08856402894970326,0.01944024241676899,0.008804267786513512,0.09383105981770382,0.030482494010870977,-0.08364205197472119,0.11410909394404076,0.28303997787793683,0.05414311233255566,0.09836342245858559,23.007463884722434,0.8752065646777556,0.8911130681967572,,0.0,,1911,31.034749034749034,676.4826254826255,645.4478764478764,0.5541395792467249,0.869197066891226,0.3167709023484829,7.879923274187483,349.174674235431,341.29475096124344,0.8790885525579404,0.04002402248608561
l7_species,0.001,0.7,3000,all,MCAR,0.8,3,5.015249999995e-05,703403398,0.6619966442560624,0.8136317620742582,0.194963450832236,0.19551039511026402,0.45540456026687065,0.2925337314319491,0.3277912075782373,0.07839027801103224,0.0003519246728246842,0.018759655455916138,0.002003536988879908,-0.03191158474698108,0.2232283031923797,0.11818535259245956,0.18051403416819833,0.01962357515419855,0.008349074830043504,0.09137327196748239,0.03061389304600797,-0.0973768736337648,0.18684717989592067,0.267686185009553,0.1398428166312059,0.09562336352337063,23.02870963955844,0.8344731558684815,0.8546602601587362,,0.0,,2372,32.861224489795916,666.6938775510204,633.8326530612245,0.5576826064440469,0.7556637563549051,0.21036361395850997,8.456388283757338,151.59498940826256,143.13860112450521,0.8362356747083319,0.04195399276787188
l7_species,0.001,0.7,3000,all,MCAR,0.8,4,5.015249999995e-05,1441037545,0.6412430116436095,0.8007765054268323,0.19081422687533808,0.198013251843012,0.4603682996376557,0.16861737332856036,0.3569733311849466,0.07715172368035345,0.0004112401881819864,0.020279057872149446,0.0019556862690361756,-0.15235813004506205,0.24247995576415945,0.22139638933970435,0.22805481401372804,0.021212949094167276,0.009814406250947143,0.09906768520030708,0.033869220272504275,-0.20091037167971626,0.20709693170135227,0.30465183567257714,0.18744169549207224,0.10367567091938103,22.68612124009901,0.8145433310535671,0.8373404152613315,,0.0,,2372,32.12605042016807,579.8235294117648,547.6974789915967,0.5456154087170971,0.6362029019882636,0.14542577286491856,8.026200266938222,77.93907927405789,69.95222670662683,0.8166990236229399,0.04285371051387409
l7_species,0.001,0.7,3000,all,MCAR,0.8,5,5.015249999995e-05,3322076286,0.6834865382678704,0.826732446604021,0.22506085809589077,0.16122440509181624,0.4542276850130519,0.1256584549945779,0.36774853898829085,0.08091679429858703,0.0006580522837053086,0.025652529772038246,0.0019727398527053415,-0.9945008389385779,0.21576265323182103,0.1685671510658557,0.21100550362341167,0.026876892977488805,0.014664962304070842,0.12109897730398404,0.039960595635088796,-0.976124536794801,0.18531793328243906,0.2885563077239063,0.1817504652609526,0.12695453756176633,23.53664829130753,0.8216461486517747,0.8352088493657824,,0.0,,1758,31.825,284.9035714285714,253.07857142857142,0.5628326675352732,0.389577277828508,0.19431895217427478,8.109220439838236,9.06478551588773,3.9427824491343912,0.8240167398017226,0.053866469333588324
l7_species,0.001,0.7,3000,all,MCAR,0.8,6,5.015249999995e-05,2953090480,0.6666516847354912,0.8164874063544956,0.1906858712678379,0.1823462187902365,0.4497670028338757,0.2619824869835545,0.2912296564853593,0.07997570432937548,0.0003384165184622536,0.01839610063198866,0.002045336995197573,-0.01379576588885123,0.2168660415654428,0.09987674517652527,0.165482827025938,0.02006651078368073,0.008291863836679776,0.09105967184588233,0.030432905634201406,-0.10285954338813053,0.17720996153096694,0.26060687671753585,0.1268884242588722,0.0993846184673679,23.173847969689678,0.8518828584997892,0.8710250673524002,,0.0,,1918,32.13937282229965,650.1254355400697,617.98606271777,0.5586022587561814,0.8067909827123035,0.2505048634746021,8.114776461513527,207.78762576723457,199.67284930572103,0.8542271457274382,0.04150964312546877
l7_species,0.001,0.7,3000,all,MCAR,0.8,7,5.015249999995e-05,4074707860,0.6712522742626886,0.8192998683404561,0.19246636333045997,0.17759452219959637,0.4449093363720709,0.22547547348466812,0.28537301664230263,0.07898474266285181,0.0003332666472401859,0.01825559221828166,0.0020650879047885325,0.004420669238691555,0.18961576842726297,0.09251169476981896,0.12270640962772171,0.01912690883322765,0.008194815487072123,0.09052522017135403,0.029910450201164257,-0.0907662355432004,0.1389517105297523,0.25304124510565384,0.08305238168526365,0.09488778796672201,23.240668005048313,0.8601091123444238,0.8775054246409395,,0.0,,2372,32.625,711.8392857142857,679.2142857142857,0.5592228850114891,0.8371534599463698,0.2857040574057885,8.292544615507207,292.35844617737666,284.0659015618694,0.8634214647072994,0.0408184190168145
l7_species,0.001,0.7,3000,all,MCAR,0.8,8,5.015249999995e-05,1709479241,0.6679157386950436,0.8172611202639237,0.19490814471528975,0.17091380665679778,0.4504717908229063,0.11791359187501263,0.26027287904556073,0.07983959641287545,0.0003343328094690606,0.018284769877388685,0.002164310807356287,0.03607601038908592,0.19837861433929843,0.13152175650930203,0.05489869430602065,0.01912682014386388,0.008482662475493901,0.09210137064937689,0.02935355337907335,-0.06503445506766137,0.14185751321925208,0.24326220201945417,0.032124347342883,0.09639558319479337,23.17379323322097,0.9014354512638938,0.9056065768071185,,0.0,,1911,31.581881533101047,710.602787456446,679.0209059233449,0.5536871252644016,0.9286272936476228,0.3749401683832213,7.923172346427536,453.834069550331,445.91089720390346,0.9053727092552379,0.039705136415319114
l7_species,0.001,0.7,3000,all,MCAR,0.8,9,5.015249999995e-05,4059083260,0.6552493572451678,0.8094747415733042,0.18814941603759094,0.18938409869645112,0.46088690928621406,0.2908496859127242,0.2944112481145476,0.07924185387231183,0.000348867651767702,0.018677999137158723,0.0020749221613873135,-0.024301454908397968,0.19041697873719426,0.10111053078152211,0.13963142986058502,0.020017490371226847,0.008691826034178932,0.09322996317804128,0.030656558000527273,-0.12332719515327706,0.14695029085178074,0.2754906084697234,0.10218888564274825,0.09997179137397563,22.992977671158837,0.8642050802178164,0.8766376856268899,,0.0,,1918,31.892857142857142,656.8,624.9071428571428,0.5575086533012754,0.8285567674151229,0.2790989765607612,8.088556722303277,278.9898938471621,270.90133712485874,0.8670080440935499,0.04106572971246777
l7_species,0.001,0.7,3000,all,MCAR,0.9,0,5.015249999995e-05,4073339534,0.7386881484022424,0.8594696902173121,0.20436221483420683,0.1204406213383088,0.42694550614796706,0.22606256710197653,0.17121834673307462,0.08378173608248594,0.00031459012891397456,0.017736688780997836,0.0022219538408706917,0.019542351829555327,0.18486435387786998,0.1817096464041783,0.02352943329088625,0.0185534988155007,0.007581493522663151,0.08707177224946758,0.027381314816996096,-0.0893050057202962,0.1251061605397375,0.2870812220745216,0.01296856320123543,0.09113274229276382,24.41675184248164,0.9254437747226432,0.9282043507064139,,0.0,,1864,33.21637426900585,730.5672514619883,697.3508771929825,0.5673465269627324,0.9640024502494435,0.39665592328671145,8.639762965169988,576.5836054680365,567.9438425028666,0.9303014331250157,0.04150599036273372
l7_species,0.001,0.7,3000,all,MCAR,0.9,1,5.015249999995e-05,1052651629,0.6871336688161723,0.8289352621382278,0.2046833849959283,0.14913770044823482,0.41783997808673273,0.2043483213367187,0.23095461972769166,0.08019847078152975,0.000333639180552602,0.01826579263411807,0.0021777219847440936,0.0323009615253278,0.21636574107786177,0.12088794227330323,0.0411187116645388,0.019575722511351652,0.008462456055290156,0.09199160861344993,0.028834030412148565,-0.07284594558349955,0.1424176145679709,0.27755095137620833,0.022839021577229945,0.09863334347820606,23.5253781056358,0.9070212066459149,0.9132466191017152,0.9777777777777777,0.0005525451611485405,0.0011044661851361444,2372,32.07537688442211,765.1306532663317,733.0552763819095,0.5550774535907861,0.9477482481409784,0.3926707945501925,8.141981615343342,547.5403353023389,539.3983536869956,0.9103570127195844,0.03957268798027388
l7_species,0.001,0.7,3000,all,MCAR,0.9,2,5.015249999995e-05,2979073053,0.7399195855744019,0.8601857854989245,0.2102586445715512,0.0542125978159147,0.32321696271029204,0.18002500653262107,0.0866721931720991,0.08385154157600927,0.00036221938977283537,0.019032062152400494,0.00228876376916559,0.004185162780253049,0.1905447908182786,0.19690386864452064,0.0043127129925481815,0.019908526724526133,0.009422969024088386,0.0970719785730588,0.02997182155968712,-0.10166474305285678,0.12398122127068394,0.2720428814254148,0.001997067930856495,0.10159773554884971,24.38027359022358,0.9532701098574681,0.9526080032188288,,0.0,,1918,30.934673366834172,747.1909547738693,716.2562814070352,0.5421823149744589,0.9779335593905899,0.4357512444161308,7.71456778611257,645.729881501685,638.0153137155723,0.957503890673388,0.03801554406737622
l7_species,0.001,0.7,3000,all,MCAR,0.9,3,5.015249999995e-05,992813842,0.7969532913242806,0.8927224044036761,0.31885696795734986,-0.02565907586864169,0.06151960707667188,0.017865974255577687,0.026675117205999185,0.08732127194330332,0.0003585891359535488,0.018936449930056817,0.0023064948687147873,0.0007001905845047673,0.031844382779715394,0.05506098159806747,0.0008996082900758138,0.01980851136788858,0.009405521586365862,0.09698206837537475,0.03040309907672928,-0.10800564294539994,0.07199045115921737,0.08159923468743893,0.00039918936964847864,0.10151220499866706,25.46619074431894,0.9606551128197088,0.9596618506657265,,0.0,,1661,30.375,709.390625,679.015625,0.5444783198869595,0.9772465854598716,0.4327682655729121,7.383526944643442,610.992286413111,603.6087594684675,0.9647332179409994,0.03728085220916875
l7_species,0.001,0.7,3000,all,MCAR,0.9,4,5.015249999995e-05,1931419563,0.6812109990737077,0.825355074542895,0.21307026835933707,0.16716534920934067,0.46012302910236325,-0.1490782473068489,0.23198478585149834,0.07951977389167948,0.0003239729283292124,0.01799924799343607,0.0021322320083273,0.062078407171767935,0.25207253277871805,0.10546843410523685,0.1030897637655099,0.018828149405423128,0.007907267363687676,0.08892281689019796,0.027808878857201527,-0.03016967702664841,0.22377448542265366,0.2985870128431595,0.08162868311686981,0.09305892918051106,23.333613163953324,0.8880746314683204,0.8940014776793237,,0.0,,2372,33.0873786407767,756.4708737864078,723.3834951456311,0.5533772745577542,0.9133672205836088,0.3599899460258546,8.313379554923207,440.8616711631152,432.5482916081921,0.8918183827502087,0.04054347358644616
l7_species,0.001,0.7,3000,all,MCAR,0.9,5,5.015249999995e-05,3142594691,0.74603035022983,0.863730484717212,0.2286972238048762,0.04862273402620498,0.3532059745147109,0.06694076795479383,0.062254274552962265,0.08424927709218065,0.00036274435122355065,0.01904584866115319,0.0022984026847852486,0.0027725299292775674,0.21061375298624943,0.11292611644732164,0.002817136198645628,0.019954883229069912,0.009614772819813386,0.0980549479619126,0.030610915970051607,-0.10561118591177565,0.1646691124868198,0.2505763398371389,0.0015144887470483963,0.10279276440177791,24.513587604522524,0.9572847182130562,0.9555253224535406,,0.0,,1864,30.394594594594594,742.2864864864865,711.8918918918919,0.5448969324480999,0.9785019377977079,0.433605005349608,7.693562492792773,643.971560351289,636.2779978584963,0.9618460735413525,0.03687920591427353
l7_species,0.001,0.7,3000,all,MCAR,0.9,6,5.015249999995e-05,1726992499,0.6594998040051653,0.8120959327598959,0.18494077815212742,0.1534519458212108,0.48437737355200466,0.14100829801996648,0.20758709997069788,0.07938428867363896,0.0003483731907515365,0.018664757988024826,0.0022379840848199333,0.01478882709402285,0.22226876280407004,0.23823984676427137,0.01607953786443842,0.019555603574103693,0.008983320973413315,0.09478038285116448,0.02941674560693873,-0.09209135033300986,0.13066848193915614,0.3095723233121007,0.0069731454866869096,0.09935860105692365,23.09460950704825,0.9321203713275024,0.9334126545546553,,0.0,,1911,31.185929648241206,737.4371859296482,706.251256281407,0.5413496287609411,0.9702494167940906,0.4288997880331498,7.448105790262728,605.9582685465383,598.5101627562756,0.936445703136299,0.03881872285234896
l7_species,0.001,0.7,3000,all,MCAR,0.9,7,5.015249999995e-05,40431671,0.6417239931696542,0.8010767710835549,0.19302558596077926,0.19603171945240672,0.4865692707508858,0.2249188198136058,0.2933901543337924,0.07857696371447878,0.0003392628344197766,0.018419088859652547,0.00213361194282495,0.04176987407393373,0.23059900617385792,0.14175694459868618,0.05623444045528435,0.0192982089650803,0.008623039530310619,0.09286032269118291,0.028669961152428817,-0.057769046547497815,0.16796730307107932,0.283736924166617,0.03323004771441808,0.09735127400413793,22.75507457330336,0.888649374186592,0.8980953050842183,,0.0,,1733,31.270833333333332,685.0052083333334,653.734375,0.5471279070482608,0.932916535788817,0.38578862874055614,7.794312176765917,450.1974988299838,442.403186653218,0.8934440517407193,0.040169695672338995
l7_species,0.001,0.7,3000,all,MCAR,0.9,8,5.015249999995e-05,2390823077,0.7244720420566813,0.851159234254485,0.2087020558807274,0.1073201596521206,0.3735886823945287,0.2691628329202007,0.19784614604631287,0.08234861284909929,0.00033250629468913463,0.018234755131043976,0.0022042444128405774,0.02450045177994742,0.20387330674781706,0.1363298785112537,0.02970585027913378,0.019542459156194056,0.008239289478271385,0.09077053199288514,0.02807333296646922,-0.08017322552924289,0.13779100753122556,0.3023260399843535,0.016785302215807922,0.09732410591246829,24.17914039382825,0.9180677979481008,0.9221297492822377,1.0,0.0007295894105308414,0.00145811499580141,2372,32.765625,770.9739583333334,738.2083333333334,0.5528818440861486,0.9589200294726226,0.40603818538647407,8.251515276498743,591.2001598814633,582.9486446049646,0.9216224880550871,0.04009712329273294
l7_species,0.001,0.7,3000,all,MCAR,0.9,9,5.015249999995e-05,3725261529,0.776136142474114,0.8809858923241132,0.21579881136596918,0.05654518528355379,0.3140207566688117,0.2547534983676333,0.09361104916882372,0.08523430546583932,0.0003212792479982034,0.017924264224737467,0.0022823271341980483,0.004678169029668444,0.15567831890469203,0.18140929085875582,0.004927521159889467,0.019209701419045475,0.008101592714879025,0.09000884798106809,0.02897441595214858,-0.1117583966280784,0.11300983786422387,0.2823359319515005,0.002156558348216914,0.09650742880580854,25.06117674016552,0.9505892513934873,0.9495342875128275,,0.0,,2372,32.255208333333336,782.359375,750.1041666666666,0.5690960588914861,0.9779501022459206,0.40885404335443454,8.448527281928293,675.5530186181047,667.1044913361765,0.9545983523046656,0.03942275080422137
