#OTU ID,E002338.0,E002338.1,E002338.2,E002338.3,E002338.4,E002473.0,E002473.1,E002473.2,E002473.3,E002473.4,E004934.0,E004934.1,E004934.2,E004934.3,E004934.4,E005804.0,E005804.1,E005804.2,E005804.3,E005804.4,E008437.0,E008437.1,E008437.2,E008437.3,E008437.4,E008643.0,E008643.1,E008643.2,E008643.3,E008643.4,E012393.0,E012393.1,E012393.2,E012393.3,E012393.4,E012678.0,E012678.1,E012678.2,E012678.3,E012678.4,E016148.0,E016148.1,E016148.2,E016148.3,E016148.4,E017049.0,E017049.1,E017049.2,E017049.3,E017049.4,E018421.0,E018421.1,E018421.2,E018421.3,E018421.4,E019187.0,E019187.1,E019187.2,E019187.3,E019187.4,E019349.0,E019349.1,E019349.2,E019349.3,E019349.4,E022960.0,E022960.1,E022960.2,E022960.3,E022960.4,E023535.0,E023535.1,E023535.2,E023535.3,E023535.4,E023681.0,E023681.1,E023681.2,E023681.3,E023681.4,E025921.0,E025921.1,E025921.2,E025921.3,E025921.4,E030828.0,E030828.1,E030828.2,E030828.3,E030828.4
k__Bacteria|p__Firmicutes|c__Clostridia|o__Clostridiales|f__Veillonellaceae|g__Megasphaera|s__micronuciformis,0.0,0.0,0.0,0.0,0.0,0.0,0.0,0.0,0.0,0.0,0.0,0.0,0.0,0.0,0.0,0.0,0.0,0.0,0.0,0.0,0.0,0.0,0.0,0.0,0.0,0.0,0.02982832,0.0,0.0,0.0,0.0,0.0,0.0,0.0,0.0,0.0,0.0,0.0,0.0,0.0,0.0,0.0,0.0,0.0,0.0,0.0,0.0,0.0,0.0,0.0,0.0,0.0,0.0,0.0,0.0,0.0,0.0,0.0,0.0,0.0,0.0,0.0,0.0,0.0,0.0,0.0,0.0,0.0,0.0,0.0,0.0,0.0,0.0,0.0,0.0,0.0,0.0,0.0,0.0,0.0,0.0,0.0,0.0,0.0,0.0,0.0,0.0,0.0,0.0,0.0
k__Bacteria|p__Firmicutes|c__Clostridia|o__Clostridiales|f__Veillonellaceae|g__Megasphaera|s__geminatus,0.0,0.0,0.0,0.0,0.0,0.0,0.0,0.0,0.0,0.0,0.0,0.0,0.0,0.0,0.0,0.0,0.0,0.0,0.0,0.0,0.0,0.0,0.0,0.0,0.0,0.0,0.03323642,0.0,0.0,0.0,0.0,0.0,0.0,0.0,0.0,0.0,0.0,0.0,0.0,0.0,0.0,0.0,0.0,0.0,0.0,0.0,0.0,0.0,0.0,0.0,0.0,0.0,0.0,0.0,0.0,0.0,0.0,0.0,0.0,0.0,0.0,0.0,0.0,0.0,0.0,0.0,0.0,0.0,0.0,0.0,0.0,0.0,0.0,0.0,0.0,0.0,0.0,0.0,0.0,0.0,0.0,0.0,0.0,0.0,0.0,0.0,0.0,0.0,0.0,0.0
k__Bacteria|p__Firmicutes|c__Bacilli|o__unclassified|f__unclassified|g__unclassified|s__unclassified,0.04916146,0.034325384,0.030812655,0.0,0.0,0.0,0.0,0.0,0.0,0.0,0.0,0.0,0.0,0.0,0.0,0.0,0.0,0.0,0.0,0.0,0.0,0.0,0.0,0.0,0.0,0.05549084,0.02970638,0.0,0.0,0.0,0.0,0.0,0.0,0.0,0.0,0.0,0.0,0.0,0.0,0.0,0.0,0.0,0.0,0.0,0.0,0.0,0.0,0.0,0.0,0.0,0.0,0.0,0.0,0.0,0.0,0.0,0.0,0.0,0.0,0.0,0.0,0.0,0.0,0.0,0.0,0.0,0.0,0.0,0.0,0.0,0.0,0.0,0.0,0.0,0.0,0.0,0.0,0.0,0.0,0.0,0.0,0.0,0.0,0.0,0.0,0.0,0.0,0.0,0.0,0.0
k__Bacteria|p__Firmicutes|c__Bacilli|o__Lactobacillales|f__Enterococcaceae|g__Enterococcus|s__unclassified,0.0,0.0343412,0.030778365,0.0,0.0,0.0,0.0,0.025747783,0.0,0.0,0.0,0.0,0.0,0.0,0.0,0.0,0.0,0.0,0.0,0.0,0.0,0.0,0.0,0.0,0.0,0.05533813,0.02991274,0.0,0.0,0.0,0.0,0.0,0.0,0.0,0.0,0.0,0.0,0.0,0.0,0.0,0.0,0.0,0.0,0.0,0.0,0.0,0.0,0.033015646,0.0,0.0,0.0,0.0,0.0,0.0,0.0,0.0,0.058229968,0.0,0.0,0.0,0.0,0.0,0.0,0.0,0.0,0.0,0.0,0.0,0.0,0.0,0.0,0.0,0.0,0.0,0.0,0.0,0.0,0.0,0.0,0.0,0.0,0.0,0.0,0.0,0.0,0.0,0.0,0.0,0.0,0.0
k__Bacteria|p__Firmicutes|c__Clostridia|o__Clostridiales|f__Clostridiaceae|g__Clostridium|s__perfringens,0.049721897,0.0,0.0,0.0,0.0,0.044533182,0.0,0.0,0.0,0.0,0.0,0.0,0.0,0.0,0.0,0.0,0.0,0.034928225,0.0,0.0,0.0,0.0,0.0,0.0,0.0,0.10129135,0.0,0.0,0.0,0.0,0.074200265,0.0,0.0,0.0,0.0,0.0,0.0,0.0,0.0,0.0,0.06688084,0.042597964,0.0,0.0,0.0,0.047207285,0.0,0.0,0.0,0.0,0.0,0.0,0.0,0.0,0.0,0.0,0.0,0.0,0.0,0.0,0.0,0.0,0.0,0.0,0.0,0.0,0.0,0.0,0.0,0.0,0.0,0.0,0.0,0.0,0.0,0.0,0.0,0.0,0.0,0.0,0.095483825,0.095483825,0.0,0.0,0.0,0.0,0.0,0.0,0.0,0.0
k__Bacteria|p__Firmicutes|c__Clostridia|o__Clostridiales|f__Clostridiaceae|g__Peptoniphilus|s__asaccharolyticus,0.0498217,0.0,0.0,0.0,0.0,0.0,0.0,0.0,0.0,0.0,0.0,0.0,0.0,0.0,0.0,0.0,0.0,0.0,0.0,0.0,0.0,0.0,0.0,0.0,0.0,0.0,0.0,0.0,0.0,0.0,0.0,0.0,0.0,0.0,0.0,0.0,0.0,0.0,0.0,0.0,0.0,0.0,0.0,0.0,0.0,0.0,0.0,0.0,0.0,0.0,0.0,0.0,0.0,0.0,0.0,0.0,0.0,0.0,0.0,0.0,0.0,0.0,0.0,0.0,0.0,0.0,0.0,0.0,0.0,0.0,0.0,0.0,0.0,0.0,0.0,0.0,0.0,0.0,0.0,0.0,0.0,0.0,0.0,0.0,0.0,0.0,0.0,0.0,0.0,0.0
k__Bacteria|p__Firmicutes|c__Bacilli|o__Bacillales|f__Staphylococcaceae|g__Staphylococcus|s__unclassified,0.0,0.0,0.0,0.0,0.0,0.0,0.0,0.0,0.0,0.0,0.0,0.0,0.0,0.0,0.0,0.0,0.0,0.0,0.0,0.0,0.0,0.0,0.0,0.0,0.0,0.0,0.0,0.0,0.0,0.0,0.0,0.0,0.0,0.0,0.0,0.0,0.0,0.0,0.0,0.0,0.06597519,0.0,0.0,0.0,0.0,0.0,0.0,0.0,0.0,0.0,0.0,0.0,0.0,0.0,0.0,0.0,0.058073707,0.0,0.0,0.0,0.0,0.0,0.0,0.0,0.0,0.0,0.0,0.0,0.0,0.0,0.0,0.051463455,0.0,0.0,0.0,0.0,0.0,0.0,0.0,0.0,0.0,0.0,0.0,0.0,0.0,0.0929519,0.0,0.0,0.0,0.0
k__Bacteria|p__Firmicutes|c__Bacilli|o__Lactobacillales|f__unclassified|g__unclassified|s__unclassified,0.0,0.0,0.0,0.0,0.0,0.0,0.0,0.0,0.0,0.0,0.0,0.0,0.0,0.0,0.0,0.0,0.0,0.0,0.0,0.0,0.0,0.0,0.0,0.0,0.0,0.054892726,0.0,0.0,0.0,0.0,0.0,0.0,0.0,0.0,0.0,0.0,0.0,0.0,0.0,0.0,0.0,0.0,0.0,0.0,0.0,0.0,0.0,0.0,0.0,0.0,0.0,0.0,0.0,0.0,0.0,0.0,0.0,0.0,0.0,0.0,0.0,0.0,0.0,0.0,0.0,0.0,0.0,0.0,0.0,0.0,0.0,0.0,0.0,0.0,0.0,0.0,0.0,0.0,0.0,0.0,0.0,0.0,0.0,0.0,0.0,0.0,0.0,0.0,0.0,0.0
k__Bacteria|p__Firmicutes|c__Bacilli|o__Lactobacillales|f__Leuconostocaceae|g__Leuconostoc|s__unclassified,0.0,0.0,0.0,0.0,0.0,0.0,0.0,0.0,0.0,0.0,0.0,0.0,0.0,0.0,0.0,0.0,0.0,0.0,0.0,0.0,0.0,0.0,0.0,0.0,0.0,0.0,0.0,0.0,0.0,0.0,0.0,0.0,0.0,0.0,0.0,0.0,0.0,0.0,0.0,0.0,0.0,0.0,0.0,0.0,0.0,0.0,0.0,0.0,0.0,0.0,0.0,0.0,0.0,0.0,0.0,0.0,0.0,0.0,0.0,0.0,0.0,0.0,0.0,0.0,0.0,0.0,0.0,0.0,0.0,0.0,0.0,0.0,0.0,0.0,0.0,0.0,0.0,0.0,0.0,0.0,0.0,0.0,0.0,0.0,0.0,0.0,0.0,0.0,0.0,0.0
k__Bacteria|p__Firmicutes|c__Clostridia|o__Clostridiales|f__Lachnospiraceae|g__Blautia|s__obeum,0.0,0.0,0.0,0.0,0.0,0.0,0.0,0.0,0.0,0.0,0.0,0.0,0.0,0.0,0.0,0.0,0.0,0.0,0.0,0.0,0.0,0.0,0.0,0.0,0.0,0.0,0.0,0.0,0.0,0.0,0.0,0.0,0.0,0.0,0.0,0.0,0.0,0.0,0.0,0.0,0.0,0.0,0.0,0.0,0.0,0.0,0.0,0.0,0.0,0.0,0.0,0.0,0.0,0.0,0.0,0.0,0.0,0.0,0.0,0.0,0.0,0.0,0.0,0.0,0.0,0.0,0.0,0.0,0.0,0.0,0.0,0.0,0.0,0.0,0.0,0.0,0.0,0.0,0.0,0.0,0.0,0.0,0.0,0.0,0.0,0.0,0.0,0.0,0.0,0.0
k__Bacteria|p__Firmicutes|c__Clostridia|o__Clostridiales|f__Lachnospiraceae|g__Coprococcus|s__eutactus,0.0,0.0,0.0,0.0,0.0,0.0,0.0,0.0,0.0,0.0,0.0,0.0,0.0,0.0,0.0,0.0,0.0,0.0,0.0,0.0,0.0,0.0,0.0,0.0,0.0,0.0,0.0,0.0,0.0,0.0,0.0,0.0,0.0,0.0,0.0,0.0,0.0,0.0,0.0,0.0,0.0,0.0,0.0,0.0,0.0,0.0,0.0,0.0,0.0,0.0,0.0,0.0,0.0,0.0,0.0,0.0,0.0,0.0,0.0,0.0,0.0,0.0,0.0,0.0,0.0,0.0,0.0,0.0,0.0,0.0,0.0,0.0,0.0,0.0,0.0,0.0,0.0,0.0,0.0,0.0,0.0,0.0,0.0,0.0,0.0,0.0,0.0,0.0,0.0,0.0
k__Bacteria|p__Firmicutes|c__Bacilli|o__Lactobacillales|f__Lactobacillaceae|g__unclassified|s__unclassified,0.0,0.0,0.0,0.0,0.0,0.0,0.0,0.0,0.0,0.0,0.0,0.0,0.0,0.0,0.0,0.0,0.0,0.0,0.0,0.0,0.0,0.0,0.0,0.0,0.0,0.0,0.0,0.0,0.0,0.0,0.0,0.0,0.0,0.0,0.0,0.0,0.0,0.0,0.0,0.0,0.0,0.0,0.0,0.0,0.0,0.0,0.0,0.0,0.0,0.0,0.0,0.0,0.0,0.0,0.0,0.0,0.0,0.0,0.0,0.0,0.0,0.0,0.0,0.0,0.0,0.0,0.0,0.0,0.0,0.0,0.0,0.0,0.0,0.0,0.0,0.0,0.0,0.0,0.0,0.0,0.0,0.0,0.0,0.0,0.0,0.0,0.0,0.0,0.0,0.0
k__Bacteria|p__Firmicutes|c__Erysipelotrichi|o__Erysipelotrichales|f__Erysipelotrichaceae|g__[Eubacterium]|s__biforme,0.0,0.0,0.0,0.0,0.0,0.0,0.0,0.0,0.0,0.0,0.0,0.0,0.0,0.0,0.0,0.0,0.0,0.0,0.0,0.0,0.0,0.0,0.0,0.0,0.0,0.0,0.0,0.0,0.0,0.0,0.0,0.0,0.0,0.0,0.0,0.0,0.0,0.0,0.0,0.0,0.0,0.0,0.0,0.0,0.0,0.0,0.0,0.0,0.0,0.0,0.0,0.0,0.0,0.0,0.0,0.0,0.0,0.0,0.0,0.0,0.0,0.0,0.0,0.0,0.0,0.0,0.0,0.0,0.0,0.0,0.0,0.0,0.0,0.0,0.0,0.0,0.0,0.0,0.0,0.0,0.0,0.0,0.0,0.0,0.0,0.0,0.0,0.0,0.0,0.0
k__Bacteria|p__Firmicutes|c__Clostridia|o__Clostridiales|f__Veillonellaceae|g__Dialister|s__invisus,0.0,0.0,0.0,0.0,0.0,0.0,0.0,0.0,0.0,0.0,0.0,0.0,0.0,0.0,0.0,0.0,0.0,0.0,0.0,0.0,0.0,0.0,0.0,0.0,0.0,0.0,0.0,0.0,0.0,0.0,0.0,0.0,0.0,0.0,0.0,0.0,0.0,0.0,0.0,0.0,0.0,0.0,0.0,0.0,0.0,0.0,0.0,0.0,0.0,0.0,0.0,0.0,0.0,0.0,0.0,0.0,0.0,0.0,0.0,0.0,0.0,0.0,0.0,0.0,0.0,0.0,0.0,0.0,0.0,0.0,0.0,0.0,0.0,0.0,0.0,0.0,0.0,0.0,0.0,0.0,0.0,0.0,0.0,0.0,0.0,0.0,0.0,0.0,0.0,0.0
k__Bacteria|p__Firmicutes|c__Clostridia|o__Clostridiales|f__Veillonellaceae|g__Phascolarctobacterium|s__unclassified,0.0,0.0,0.0,0.0,0.0,0.0,0.0,0.0,0.0,0.0,0.0,0.0,0.0,0.0,0.0,0.0,0.0,0.0,0.0,0.0,0.0,0.0,0.0,0.0,0.0,0.0,0.0,0.0,0.0,0.0,0.0,0.0,0.0,0.0,0.0,0.0,0.0,0.0,0.0,0.0,0.0,0.0,0.0,0.0,0.0,0.0,0.0,0.0,0.0,0.0,0.0,0.0,0.0,0.0,0.0,0.0,0.0,0.0,0.0,0.0,0.0,0.0,0.0,0.0,0.0,0.0,0.0,0.0,0.0,0.0,0.0,0.0,0.0,0.0,0.0,0.0,0.0,0.0,0.0,0.0,0.0,0.0,0.0,0.0,0.0,0.0,0.0,0.0,0.0,0.0
k__Bacteria|p__Firmicutes|c__Bacilli|o__Lactobacillales|f__Lactobacillaceae|g__Pediococcus|s__unclassified,0.0,0.0,0.0,0.0,0.0,0.0,0.0,0.0,0.0,0.0,0.0,0.0,0.0,0.0,0.0,0.0,0.0,0.0,0.0,0.0,0.0,0.0,0.0,0.0,0.0,0.0,0.0,0.0,0.0,0.0,0.0,0.0,0.0,0.0,0.0,0.0,0.0,0.0,0.0,0.0,0.0,0.0,0.0,0.0,0.0,0.0,0.0,0.0,0.0,0.0,0.0,0.0,0.0,0.0,0.0,0.0,0.0,0.0,0.0,0.0,0.0,0.0,0.0,0.0,0.0,0.0,0.0,0.0,0.0,0.0,0.0,0.0,0.0,0.0,0.0,0.0,0.0,0.0,0.0,0.0,0.0,0.0,0.0,0.0,0.0,0.0,0.0,0.0,0.0,0.0
k__Bacteria|p__Firmicutes|c__Bacilli|o__Lactobacillales|f__Enterococcaceae|g__unclassified|s__unclassified,0.0,0.0,0.0,0.0,0.0,0.0,0.0,0.0,0.0,0.0,0.0,0.0,0.0,0.0,0.0,0.0,0.0,0.0,0.0,0.0,0.0,0.0,0.0,0.0,0.0,0.0,0.0,0.0,0.0,0.0,0.0,0.0,0.0,0.0,0.0,0.0,0.0,0.0,0.0,0.0,0.0,0.0,0.0,0.0,0.0,0.0,0.0,0.0,0.0,0.0,0.0,0.0,0.0,0.0,0.0,0.0,0.0,0.0,0.0,0.0,0.0,0.0,0.0,0.0,0.0,0.0,0.0,0.0,0.0,0.0,0.0,0.0,0.0,0.0,0.0,0.0,0.0,0.0,0.0,0.0,0.0,0.0,0.0,0.0,0.0,0.0,0.0,0.0,0.0,0.0
k__Bacteria|p__Firmicutes|c__Erysipelotrichi|o__Erysipelotrichales|f__[Coprobacillaceae]|g__Catenibacterium|s__unclassified,0.0,0.0,0.0,0.0,0.0,0.0,0.0,0.0,0.0,0.0,0.0,0.0,0.0,0.0,0.0,0.0,0.0,0.0,0.0,0.0,0.0,0.0,0.0,0.0,0.0,0.0,0.0,0.0,0.0,0.0,0.0,0.0,0.0,0.0,0.0,0.0,0.0,0.0,0.0,0.0,0.0,0.0,0.0,0.0,0.0,0.0,0.0,0.0,0.0,0.0,0.0,0.0,0.0,0.0,0.0,0.0,0.0,0.0,0.0,0.0,0.0,0.0,0.0,0.0,0.0,0.0,0.0,0.0,0.0,0.0,0.0,0.0,0.0,0.0,0.0,0.0,0.0,0.0,0.0,0.0,0.0,0.0,0.0,0.0,0.0,0.0,0.0,0.0,0.0,0.0
k__Bacteria|p__Firmicutes|c__Clostridia|o__Coriobacteriales|f__Coriobacteriaceae|g__Collinsella|s__aerofaciens,0.0,0.0,0.0,0.0,0.0,0.0,0.0,0.0,0.0,0.0,0.0,0.0,0.0,0.0,0.0,0.0,0.0,0.0,0.0,0.0,0.0,0.0,0.0,0.0,0.0,0.0,0.0,0.0,0.0,0.0,0.0,0.0,0.0,0.0,0.0,0.0,0.0,0.0,0.0,0.0,0.0,0.0,0.0,0.0,0.0,0.0,0.0,0.0,0.0,0.0,0.0,0.0,0.0,0.0,0.0,0.0,0.0,0.0,0.0,0.0,0.0,0.0,0.0,0.0,0.0,0.0,0.0,0.0,0.0,0.0,0.0,0.0,0.0,0.0,0.0,0.0,0.0,0.0,0.0,0.0,0.0,0.0,0.0,0.0,0.0,0.0,0.0,0.0,0.0,0.0
k__Bacteria|p__Firmicutes|c__Clostridia|o__Clostridiales|f__Ruminococcaceae|g__Ruminococcus|s__bromii,0.0,0.0,0.0,0.0,0.0,0.0,0.0,0.0,0.0,0.0,0.0,0.0,0.0,0.0,0.0,0.0,0.0,0.0,0.0,0.0,0.0,0.0,0.0,0.0,0.0,0.0,0.0,0.0,0.0,0.0,0.0,0.0,0.0,0.0,0.0,0.0,0.0,0.0,0.0,0.0,0.0,0.0,0.0,0.0,0.0,0.0,0.036139503,0.0,0.0,0.0,0.0,0.0,0.0,0.0,0.0,0.0,0.0,0.0,0.0,0.0,0.0,0.0,0.0,0.0,0.0,0.0,0.0,0.0,0.0,0.0,0.0,0.0,0.0,0.0,0.0,0.0,0.0,0.0,0.0,0.0,0.0,0.0,0.0,0.0,0.0,0.0,0.0,0.0,0.0,0.0
k__Bacteria|p__Firmicutes|c__Bacilli|o__Lactobacillales|f__Lactobacillaceae|g__Lactobacillus|s__zeae,0.04952229,0.034567937,0.031875636,0.0,0.0,0.044515915,0.0,0.0,0.0,0.0,0.0,0.0,0.0,0.0,0.0,0.03868587,0.0,0.0,0.0,0.0,0.0,0.0,0.0,0.0,0.0,0.0,0.029884601,0.0,0.0,0.0,0.0,0.03322335,0.0,0.033078928,0.0,0.06691381,0.0,0.0,0.0,0.0,0.0,0.0,0.0,0.0,0.0,0.0,0.0,0.0,0.0,0.0,0.066986226,0.0,0.0,0.0,0.0,0.09204765,0.05892446,0.0,0.0,0.0,0.063688196,0.0,0.0,0.0,0.0,0.0,0.0,0.0,0.0,0.0,0.03617553,0.053726196,0.0,0.0,0.0,0.0,0.0,0.0,0.0,0.0,0.0,0.0,0.0,0.0,0.0,0.0,0.0,0.0,0.0,0.0
k__Bacteria|p__Firmicutes|c__Bacilli|o__Gemellales|f__Gemellaceae|g__unclassified|s__unclassified,0.0,0.0,0.0,0.0,0.0,0.0,0.0,0.0,0.0,0.0,0.0,0.0,0.0,0.0,0.0,0.0,0.0,0.0,0.0,0.0,0.0,0.0,0.0,0.0,0.0,0.05486727,0.0,0.0,0.0,0.0,0.0,0.0,0.0,0.0,0.0,0.0,0.0,0.0,0.0,0.0,0.0,0.0,0.0,0.0,0.0,0.0,0.0,0.0,0.0,0.0,0.0,0.0,0.0,0.0,0.0,0.0,0.058073707,0.0,0.0,0.0,0.0,0.0,0.0,0.0,0.0,0.0,0.0,0.0,0.0,0.0,0.035611298,0.0,0.0,0.0,0.0,0.0,0.0,0.0,0.0,0.0,0.0,0.0,0.0,0.0,0.0,0.0,0.0,0.0,0.0,0.0
k__Bacteria|p__Firmicutes|c__Clostridia|o__Clostridiales|f__Veillonellaceae|g__Veillonella|s__unclassified,0.0,0.0,0.0,0.0,0.0,0.06857453,0.036068697,0.02895887,0.0,0.0,0.0,0.0,0.0,0.0,0.0,0.0,0.0,0.0,0.0,0.0,0.0,0.0,0.0,0.0,0.0,0.0,0.0,0.0,0.0,0.0,0.0,0.0,0.0,0.0,0.0,0.0,0.0,0.0,0.0,0.0,0.0,0.0,0.0,0.0,0.0,0.0,0.0,0.0,0.0,0.0,0.0,0.0,0.0,0.0,0.0,0.0,0.0,0.0,0.0,0.0,0.0,0.0,0.0,0.0,0.0,0.0,0.0,0.0,0.0,0.0,0.03566772,0.0,0.0,0.0,0.0,0.0,0.0,0.029829906,0.0,0.0,0.10513123,0.10513123,0.0,0.0,0.0,0.0,0.0,0.0,0.0,0.0
k__Bacteria|p__Firmicutes|c__Bacilli|o__Lactobacillales|f__Lactobacillaceae|g__Lactobacillus|s__unclassified,0.049391776,0.034330655,0.031704187,0.0,0.0,0.04429491,0.0,0.02539655,0.0,0.0,0.0,0.0,0.0,0.0,0.0,0.038657833,0.0,0.0,0.0,0.0,0.0,0.0,0.042098537,0.0,0.0,0.0,0.029825192,0.0,0.0,0.0,0.0,0.0,0.0,0.0,0.0,0.0,0.0,0.0,0.0,0.0,0.0,0.0,0.0,0.0,0.0,0.0,0.0,0.0,0.0,0.0,0.0,0.0,0.0,0.0,0.0,0.0,0.0,0.0,0.0,0.0,0.0,0.0,0.0,0.0,0.0,0.0,0.0,0.0,0.0,0.0,0.0,0.0,0.0,0.0,0.0,0.0,0.0,0.0,0.0,0.0,0.0,0.0,0.02708585,0.020365527,0.0,0.0,0.0,0.0,0.0,0.0
k__Bacteria|p__Firmicutes|c__Clostridia|o__Coriobacteriales|f__Coriobacteriaceae|g__Slackia|s__unclassified,0.0,0.0,0.0,0.0,0.024852544,0.0,0.0,0.0,0.0,0.0,0.0,0.0,0.0,0.0,0.0,0.0,0.0,0.0,0.0,0.0,0.0,0.0,0.0,0.0,0.0,0.0,0.0,0.0,0.0,0.0,0.0,0.0,0.0,0.0,0.0,0.0,0.0,0.0,0.0,0.0,0.0,0.0,0.0,0.0,0.0,0.0,0.0,0.0,0.0,0.0,0.0,0.0,0.0,0.0,0.0,0.0,0.0,0.0,0.0,0.0,0.0,0.0,0.0,0.0,0.0,0.0,0.0,0.0,0.0,0.0,0.0,0.0,0.0,0.0,0.0,0.0,0.0,0.0,0.0,0.0,0.0,0.0,0.0,0.0,0.0,0.0,0.0,0.0,0.0,0.0
k__Bacteria|p__Firmicutes|c__Clostridia|o__Clostridiales|f__Lachnospiraceae|g__Blautia|s__producta,0.0,0.0,0.0,0.0,0.0,0.0,0.0,0.024992561,0.0,0.0,0.0,0.0,0.0357821,0.033225957,0.035554815,0.0,0.0,0.0,0.0,0.0,0.0,0.0,0.0,0.0,0.0,0.0,0.0,0.029004663,0.0,0.029584156,0.0,0.0,0.0,0.0,0.0,0.0,0.0,0.0,0.0,0.0,0.0,0.0,0.0307856,0.0,0.0,0.0,0.0,0.0,0.0,0.0,0.0,0.0,0.0,0.0,0.0,0.0,0.0,0.0,0.0,0.0,0.0,0.0,0.0,0.0,0.0,0.0,0.0,0.0,0.0,0.0,0.0,0.0,0.0,0.0,0.0,0.0,0.0,0.0,0.036838803,0.0,0.0,0.0,0.027087681,0.0,0.0,0.0,0.0,0.0,0.0,0.0
k__Bacteria|p__Firmicutes|c__Bacilli|o__Lactobacillales|f__Streptococcaceae|g__unclassified|s__unclassified,0.0,0.0,0.0,0.0,0.0,0.0,0.0,0.0,0.0,0.0,0.0,0.02978839,0.0,0.033150584,0.0,0.0,0.0,0.0,0.028944159,0.0,0.0,0.0,0.0,0.0,0.0,0.0,0.0,0.028948745,0.0,0.0,0.0,0.0,0.0,0.0,0.0,0.0,0.0,0.0,0.0,0.0,0.0,0.0,0.0,0.0,0.0,0.0,0.0,0.0,0.0,0.0,0.0,0.0,0.0,0.0,0.0,0.0,0.0,0.0,0.0,0.0,0.0,0.0,0.0,0.0,0.0,0.0,0.0,0.0,0.0,0.0,0.0,0.0,0.0,0.0,0.0,0.0,0.0,0.0,0.0,0.0,0.0,0.0,0.0,0.0,0.0,0.0,0.0,0.0,0.0,0.0
k__Bacteria|p__Firmicutes|c__Clostridia|o__Clostridiales|f__Veillonellaceae|g__Selenomonas|s__unclassified,0.0,0.0,0.0,0.0,0.0,0.0,0.0,0.0,0.0,0.0,0.0,0.0,0.0,0.0,0.0,0.0,0.0,0.0,0.0,0.0,0.0,0.0,0.0,0.0,0.0,0.0,0.0,0.028959928,0.0,0.0,0.0,0.0,0.0,0.0,0.0,0.0,0.0,0.0,0.0,0.0,0.0,0.0,0.0,0.04011253,0.0,0.0,0.0,0.0,0.0,0.0,0.0,0.0,0.0,0.0,0.0,0.0,0.0,0.0,0.0,0.027144374,0.0,0.0,0.0,0.0,0.0,0.0,0.0,0.0,0.0,0.0,0.0,0.0,0.0,0.0,0.0,0.0,0.0,0.0,0.0,0.0,0.0,0.0,0.0,0.0,0.0,0.0,0.0,0.0,0.0,0.0
k__Bacteria|p__Firmicutes|c__Clostridia|o__Clostridiales|f__Veillonellaceae|g__Megamonas|s__unclassified,0.0,0.0,0.0,0.0,0.0,0.0,0.0,0.0,0.0,0.0,0.0,0.0,0.0,0.0,0.0,0.0,0.0,0.0,0.0,0.0,0.0,0.0,0.0,0.0,0.0,0.0,0.0,0.0,0.0,0.0,0.0,0.0,0.0,0.0,0.0,0.0,0.0,0.0,0.0,0.0,0.0,0.0,0.0,0.0,0.0,0.0,0.0,0.0,0.0,0.0,0.0,0.0,0.0,0.0,0.0,0.0,0.0,0.0,0.0,0.0,0.0,0.0,0.0,0.0,0.0,0.0,0.0,0.0,0.0,0.0,0.0,0.0,0.0,0.0,0.02714106,0.0,0.0,0.0,0.0,0.0,0.0,0.0,0.0328639,0.020964341,0.02128204,0.0,0.0,0.0,0.0,0.0
k__Bacteria|p__Firmicutes|c__Clostridia|o__Clostridiales|f__Lachnospiraceae|g__Anaerostipes|s__unclassified,0.0,0.0,0.0,0.0,0.0,0.0,0.0,0.0,0.0,0.0,0.0,0.0,0.0,0.0,0.0,0.0,0.0,0.0,0.029012825,0.0,0.0,0.0,0.0,0.0,0.0,0.0,0.0,0.0,0.0,0.0,0.0,0.0,0.0,0.0,0.0,0.0,0.0,0.0,0.026221143,0.026221143,0.0,0.0,0.0,0.0,0.03298193,0.0,0.0,0.0,0.0,0.0,0.0,0.0,0.0,0.0,0.0,0.0,0.0,0.0,0.0,0.0,0.0,0.0,0.0,0.0,0.0,0.0,0.0,0.0,0.0,0.0,0.0,0.0,0.0,0.0,0.0,0.0,0.0,0.0,0.0,0.0,0.0,0.0,0.0,0.0,0.0,0.0,0.0,0.0,0.0,0.0
k__Bacteria|p__Firmicutes|c__Clostridia|o__Clostridiales|f__Clostridiaceae|g__unclassified|s__unclassified,0.049583707,0.034610122,0.0,0.0,0.0,0.0,0.03104506,0.024852345,0.0,0.0,0.105637275,0.029999334,0.0,0.0,0.0,0.0,0.0,0.034539126,0.0,0.029206613,0.0,0.0,0.0,0.0,0.0,0.0549309,0.0,0.028976705,0.0,0.0,0.075096376,0.033243235,0.0,0.0,0.0,0.0,0.0,0.0,0.0,0.0,0.070714176,0.03852412,0.0,0.0,0.0,0.045956317,0.0,0.0,0.0,0.0,0.0,0.029813662,0.02804915,0.0,0.0,0.0,0.0,0.0,0.0,0.027201824,0.0,0.0,0.0,0.0,0.0,0.0,0.0,0.0,0.0,0.0,0.0,0.0,0.0,0.0,0.0,0.10481409,0.10481409,0.0,0.0,0.0,0.09303687,0.09303687,0.0,0.0,0.0,0.0,0.0,0.0,0.0,0.0
k__Bacteria|p__Firmicutes|c__Clostridia|o__Clostridiales|f__Lachnospiraceae|g__Lachnobacterium|s__unclassified,0.0,0.0,0.0,0.0,0.0,0.0,0.0,0.0,0.0,0.0,0.0,0.0,0.0,0.0,0.0,0.0,0.0,0.0,0.0,0.0,0.0,0.0,0.0,0.0,0.0,0.0,0.0,0.0,0.0,0.0,0.0,0.0,0.0,0.0,0.0,0.0,0.0,0.0,0.0,0.0,0.0,0.0,0.0,0.0,0.0,0.0,0.0,0.0,0.0,0.0,0.0,0.0,0.0,0.0,0.0,0.0,0.0,0.0,0.0,0.0,0.0,0.0,0.0,0.027271956,0.0,0.0,0.0,0.0,0.0,0.0,0.0,0.0,0.0,0.0,0.0,0.0,0.0,0.0,0.0,0.0,0.0,0.0,0.0,0.0,0.0,0.0,0.0,0.0,0.0,0.0
k__Bacteria|p__Firmicutes|c__Erysipelotrichi|o__Erysipelotrichales|f__[Coprobacillaceae]|g__Coprobacillus|s__unclassified,0.0,0.0,0.0,0.0,0.0,0.0,0.0,0.0,0.0,0.0,0.0,0.0,0.035678476,0.03330818,0.03547073,0.0,0.0,0.0,0.0,0.0,0.0,0.0,0.0,0.0,0.0,0.0,0.0,0.0,0.0,0.0,0.0,0.0,0.0,0.0,0.0,0.0,0.0,0.0,0.0,0.0,0.0,0.0,0.0,0.0,0.0,0.0,0.0,0.0,0.0,0.0,0.0,0.0,0.0,0.0,0.02637682,0.0,0.0,0.0,0.0,0.027189199,0.0,0.0,0.0,0.0,0.0,0.0,0.0,0.0,0.0,0.0,0.0,0.0,0.0,0.0,0.0,0.0,0.0,0.0,0.0,0.0,0.0,0.0,0.027166404,0.0,0.0,0.0,0.0,0.03311025,0.0,0.0
k__Bacteria|p__Firmicutes|c__Clostridia|o__Clostridiales|f__Veillonellaceae|g__Veillonella|s__parvula,0.062896065,0.0,0.0,0.0,0.0,0.04424656,0.0,0.0,0.0,0.0,0.0,0.030388026,0.035682462,0.033157434,0.035847034,0.0,0.0,0.04394592,0.0,0.0,0.057616018,0.03566063,0.04424517,0.0,0.0,0.05499453,0.02996902,0.0,0.0,0.0,0.0,0.033631045,0.045136847,0.034512833,0.025673106,0.0,0.03201319,0.026375491,0.026178587,0.026178587,0.07156712,0.038964532,0.030834218,0.0,0.0,0.049323283,0.040117178,0.036307618,0.03699713,0.028891474,0.0,0.029776277,0.02801607,0.0,0.0,0.0,0.0,0.0,0.0,0.0,0.0633269,0.075830795,0.027961407,0.0,0.0,0.028480014,0.0,0.0,0.0,0.0,0.038161624,0.05151628,0.033608906,0.032774433,0.0,0.1099083,0.1099083,0.028871428,0.0,0.027128935,0.0,0.0,0.0,0.020499662,0.0,0.0,0.0,0.0,0.0,0.0
k__Bacteria|p__Firmicutes|c__Erysipelotrichi|o__Erysipelotrichales|f__Erysipelotrichaceae|g__Holdemania|s__unclassified,0.0,0.0,0.0,0.0,0.0,0.0,0.0,0.0,0.0,0.0,0.0,0.0,0.0,0.0,0.0,0.0,0.0,0.0,0.0,0.0,0.0,0.0,0.0,0.0,0.033015568,0.0,0.0,0.0,0.0,0.0,0.0,0.0,0.0,0.033107553,0.0,0.0,0.0,0.0,0.0,0.0,0.0,0.0,0.031177582,0.040217083,0.033000086,0.0,0.0,0.0,0.0,0.0,0.0,0.0,0.0,0.0,0.0,0.0,0.0,0.0,0.0,0.0,0.0,0.0,0.0,0.026767695,0.0,0.0,0.0,0.0,0.0,0.0,0.0,0.0,0.0,0.0,0.0,0.0,0.0,0.0,0.0,0.0,0.0,0.0,0.0,0.02035834,0.0,0.0,0.0,0.0,0.026387366,0.0
k__Bacteria|p__Firmicutes|c__Bacilli|o__Lactobacillales|f__Streptococcaceae|g__Lactococcus|s__unclassified,0.0,0.0,0.031064114,0.0,0.024852544,0.0,0.0,0.024857897,0.0,0.0,0.0,0.0,0.0,0.0,0.036186118,0.0,0.0,0.0,0.0,0.0,0.0,0.0,0.0,0.0,0.0,0.0,0.0,0.0,0.0,0.0,0.0,0.0,0.0,0.033119485,0.0,0.0,0.0,0.0,0.0,0.0,0.0,0.0,0.0,0.0,0.032958187,0.0,0.0,0.0,0.0,0.028813936,0.0,0.0,0.0,0.0,0.0,0.0,0.0,0.0,0.0,0.0,0.0,0.0,0.0,0.0,0.0,0.0,0.0,0.0,0.0,0.0,0.0,0.0,0.0,0.0,0.0,0.0,0.0,0.0,0.03681514,0.0,0.0,0.0,0.0,0.0,0.0,0.0,0.0,0.033001926,0.0,0.0
k__Bacteria|p__Firmicutes|c__Clostridia|o__Clostridiales|f__Clostridiaceae|g__Clostridium|s__unclassified,0.0,0.034668125,0.0,0.0,0.0,0.044329442,0.031230213,0.02483291,0.027841128,0.0,0.0,0.030145828,0.035762172,0.033294477,0.0,0.0,0.0,0.034582358,0.0,0.0,0.0,0.0,0.0,0.0,0.0,0.059041366,0.0,0.0,0.0,0.0,0.0,0.033501778,0.0,0.0,0.0,0.0,0.031179454,0.0,0.0,0.0,0.0,0.03890162,0.0,0.0,0.0,0.0,0.039024018,0.0,0.037012726,0.0,0.0,0.029865589,0.02801607,0.0,0.0,0.0,0.0,0.0,0.0,0.0,0.0,0.0,0.027987316,0.0,0.0,0.0,0.0,0.0,0.0,0.0,0.0,0.0,0.0,0.0,0.0,0.0,0.0,0.028794844,0.0,0.0,0.104332834,0.104332834,0.0,0.0,0.0,0.0,0.0,0.0,0.0,0.0
k__Bacteria|p__Firmicutes|c__Bacilli|o__Turicibacterales|f__Turicibacteraceae|g__Turicibacter|s__unclassified,0.0,0.0,0.0,0.0,0.0,0.0,0.0,0.0,0.0,0.0,0.0,0.0,0.03595746,0.0,0.0,0.0,0.02897767,0.0,0.0,0.0,0.0,0.0,0.0,0.0,0.0,0.0,0.0,0.0,0.0,0.0,0.0,0.0,0.0,0.0331338,0.0,0.0,0.0,0.0,0.0,0.0,0.0,0.0,0.0,0.0,0.0,0.0,0.0,0.0,0.0,0.0,0.0,0.0,0.028337417,0.0,0.0,0.0,0.0,0.0,0.0,0.0,0.0,0.0,0.0,0.0,0.0,0.0,0.0,0.0,0.0,0.0,0.0,0.0,0.0,0.0,0.0,0.0,0.0,0.0,0.0,0.025642753,0.0,0.0,0.0,0.020655353,0.021477643,0.0,0.0,0.0,0.0,0.0
k__Bacteria|p__Firmicutes|c__Clostridia|o__Clostridiales|f__Veillonellaceae|g__Veillonella|s__dispar,0.07957874,0.052311353,0.03467597,0.027356401,0.024903903,0.044308722,0.030770052,0.024857897,0.0,0.0,0.1150619,0.030335288,0.036005285,0.0,0.036051035,0.03879802,0.029955033,0.03757625,0.028960373,0.0,0.058064483,0.037838764,0.049838405,0.0,0.0,0.055529017,0.033467796,0.03627418,0.033522703,0.029553145,0.090213485,0.038821742,0.045836203,0.03850916,0.02822036,0.08465917,0.03584556,0.03219874,0.026261847,0.026261847,0.073039204,0.04006033,0.031063635,0.0,0.0,0.055134512,0.049090087,0.04452883,0.037500113,0.029031634,0.0,0.030189605,0.028450837,0.0,0.0,0.0,0.0,0.0,0.030954583,0.0,0.06401853,0.084858954,0.029149251,0.027529744,0.0,0.03525074,0.03848851,0.0,0.0,0.030119218,0.03671719,0.0,0.035106078,0.033215754,0.0,0.109765105,0.109765105,0.0,0.0,0.025667883,0.0,0.0,0.02708585,0.021349978,0.021036662,0.094916075,0.020766456,0.0,0.026325822,0.027955625
k__Bacteria|p__Firmicutes|c__Clostridia|o__Coriobacteriales|f__Coriobacteriaceae|g__unclassified|s__unclassified,0.0,0.0,0.0,0.0,0.0,0.0,0.03078639,0.025929648,0.0,0.0,0.0,0.0,0.0,0.0,0.0,0.0,0.0,0.0,0.029311324,0.0,0.0,0.0,0.0,0.028827485,0.033140976,0.0,0.0,0.0,0.0,0.0,0.0,0.0,0.0,0.0,0.0,0.0,0.0,0.0,0.026228543,0.026228543,0.0,0.0,0.0,0.0,0.0,0.0,0.0,0.0,0.0,0.0,0.0,0.0,0.0,0.0,0.0,0.0,0.0,0.0,0.0,0.0,0.0,0.0,0.0,0.0,0.0,0.0,0.0,0.0,0.0,0.0,0.0,0.0,0.0,0.0,0.0,0.0,0.0,0.0,0.0,0.0,0.0,0.0,0.0,0.0,0.0,0.0,0.0,0.0,0.0,0.0
k__Bacteria|p__Firmicutes|c__Clostridia|o__Coriobacteriales|f__Coriobacteriaceae|g__Eggerthella|s__lenta,0.0,0.034720857,0.0,0.0,0.0,0.0,0.0,0.0,0.0,0.0,0.0,0.0,0.0,0.0,0.035524487,0.038637806,0.0,0.03453192,0.029019501,0.0,0.0,0.0,0.0,0.0,0.033021837,0.0,0.029884601,0.029043809,0.0,0.0,0.0,0.0,0.0,0.0,0.0,0.066974804,0.0,0.0,0.0,0.0,0.0,0.0,0.0,0.0,0.03300288,0.0,0.035694603,0.033180617,0.037039045,0.0,0.06627307,0.0,0.0,0.029757697,0.026398696,0.0,0.06253581,0.044494078,0.0,0.0,0.0,0.0,0.02794945,0.0,0.0,0.0,0.0,0.0,0.0,0.0,0.0,0.051481064,0.0,0.0,0.027104372,0.0,0.0,0.0,0.0,0.025600864,0.0,0.0,0.027095918,0.020355945,0.0,0.0,0.0,0.0,0.026389929,0.0
k__Bacteria|p__Firmicutes|c__Bacilli|o__Lactobacillales|f__Carnobacteriaceae|g__Granulicatella|s__unclassified,0.04920752,0.03444666,0.031578463,0.0,0.0,0.044477932,0.031126743,0.026304483,0.0,0.0,0.0,0.029868472,0.0,0.0,0.0,0.0,0.0,0.0,0.029059555,0.0,0.0,0.0,0.0,0.0,0.0,0.05697977,0.029793926,0.029032622,0.0,0.0,0.07386909,0.033143796,0.034867305,0.0,0.0,0.067068644,0.030696075,0.0,0.0,0.0,0.0,0.038649954,0.0,0.0,0.0,0.045934137,0.03565863,0.033365484,0.0,0.029031634,0.0,0.02976797,0.0,0.0,0.0,0.0,0.061077386,0.044097055,0.0,0.0,0.06333722,0.0,0.027939484,0.0,0.0,0.031798113,0.0,0.0,0.0,0.0,0.035746712,0.0,0.0,0.0,0.0,0.104868926,0.104868926,0.0,0.0,0.0,0.0,0.0,0.0,0.0,0.0,0.0,0.0,0.0,0.0,0.0
k__Bacteria|p__Firmicutes|c__Bacilli|o__Lactobacillales|f__Streptococcaceae|g__Streptococcus|s__unclassified,0.055065267,0.034815766,0.030926956,0.02983601,0.024864031,0.044308722,0.030680198,0.025052257,0.027869286,0.032557625,0.0,0.029858707,0.035778113,0.03345208,0.03552173,0.038749956,0.028872509,0.03453192,0.0373327,0.0,0.05786598,0.03553519,0.042102285,0.028817844,0.03324399,0.055579923,0.03077571,0.029547082,0.033157825,0.02986961,0.0,0.0333029,0.04287678,0.033909205,0.03168207,0.067110874,0.030875938,0.032723896,0.026222993,0.026222993,0.07117194,0.03864471,0.030844854,0.0,0.033028018,0.046129324,0.035724703,0.033033054,0.03708681,0.029055493,0.06632256,0.030100293,0.028781636,0.0,0.026378721,0.0,0.058143154,0.04790491,0.0,0.0,0.063409485,0.0,0.028196586,0.027070737,0.031751752,0.032742582,0.0,0.0,0.0,0.033640806,0.036694624,0.052026935,0.033946093,0.03277678,0.0,0.0,0.0,0.028794844,0.0,0.025641914,0.10674283,0.10674283,0.027274422,0.022492513,0.021456685,0.093262896,0.02066601,0.0,0.026324112,0.033164673
k__Bacteria|p__Firmicutes|c__Clostridia|o__Clostridiales|f__Ruminococcaceae|g__unclassified|s__unclassified,0.0,0.0,0.0,0.036776036,0.025692541,0.0,0.0,0.024867617,0.030275788,0.035714336,0.0,0.030610692,0.035678476,0.033225957,0.035838764,0.0,0.031742744,0.0,0.030982167,0.03066853,0.0,0.0,0.0,0.02924553,0.03629142,0.0,0.029825192,0.030665467,0.033187114,0.03825597,0.0,0.033292953,0.042049173,0.03309324,0.03445467,0.0,0.031044558,0.031273738,0.027682802,0.027682802,0.0,0.0,0.031783786,0.040259954,0.034110416,0.0,0.035754804,0.033556156,0.037369493,0.03027222,0.0,0.030316306,0.031087782,0.031003991,0.02949561,0.0,0.0,0.044118885,0.031237189,0.028667765,0.0,0.0,0.028160712,0.029195264,0.036166042,0.030065427,0.0408372,0.054943934,0.034029886,0.0322337,0.0,0.0,0.033179283,0.039814454,0.027704714,0.0,0.0,0.033415496,0.03692294,0.027887944,0.0,0.0,0.02724513,0.022456584,0.022924583,0.0,0.021430638,0.0330606,0.026556602,0.0337637
k__Bacteria|p__Firmicutes|c__Clostridia|o__Coriobacteriales|f__Coriobacteriaceae|g__Collinsella|s__unclassified,0.0,0.0,0.0,0.0,0.02487079,0.0,0.0,0.0,0.0,0.0,0.0,0.0,0.03677049,0.035089754,0.0,0.0,0.0,0.0,0.03302971,0.0,0.0579248,0.0,0.0,0.0,0.0,0.0,0.0,0.0,0.0,0.0,0.0,0.0,0.0,0.0,0.0,0.0,0.0,0.0,0.026633738,0.026633738,0.0,0.0,0.0,0.0,0.0,0.0,0.0,0.0,0.0,0.0,0.06743449,0.030553088,0.0,0.0,0.0,0.0,0.0,0.0,0.03077741,0.0,0.0,0.0,0.0,0.026853355,0.0,0.0,0.0,0.0,0.0,0.0,0.0,0.0,0.0,0.0,0.0,0.0,0.0,0.0,0.0,0.0,0.0,0.0,0.027355894,0.020545172,0.02157719,0.0,0.0,0.0,0.0,0.0
k__Bacteria|p__Firmicutes|c__Clostridia|o__Clostridiales|f__Ruminococcaceae|g__Faecalibacterium|s__prausnitzii,0.0,0.0,0.0,0.0304474,0.026691345,0.0,0.0,0.025900494,0.028144376,0.035542417,0.0,0.030491546,0.035829928,0.03340411,0.035568595,0.0,0.031148901,0.0,0.029030945,0.02978326,0.0,0.0,0.0,0.029785559,0.033033483,0.0,0.0,0.0,0.033497076,0.0,0.0,0.0,0.0,0.0,0.028578721,0.0,0.0,0.025240034,0.029773531,0.029773531,0.0,0.0,0.0,0.0,0.0,0.0,0.0,0.0,0.037063416,0.028825866,0.0,0.0,0.028904503,0.031724505,0.030586567,0.0,0.0,0.0,0.032566525,0.027817369,0.0,0.0,0.027985325,0.026800828,0.03542788,0.026652815,0.03877663,0.052748755,0.034029886,0.03495593,0.0,0.0,0.033037376,0.033657078,0.030641386,0.0,0.0,0.029272921,0.0,0.025716476,0.0,0.0,0.0,0.02092841,0.02269929,0.0,0.02128304,0.034811813,0.026601905,0.03532701
k__Bacteria|p__Firmicutes|c__Clostridia|o__Clostridiales|f__Lachnospiraceae|g__Dorea|s__unclassified,0.0,0.0,0.0,0.0,0.025505349,0.0,0.0,0.0,0.027971089,0.0,0.0,0.030159501,0.03673462,0.034000255,0.036521066,0.0,0.0,0.0,0.0,0.0,0.0,0.0,0.0,0.028844845,0.033098876,0.0,0.0,0.030413829,0.033387247,0.029967414,0.0,0.037141234,0.0,0.033878192,0.0,0.0,0.0,0.0,0.0,0.0,0.0,0.0,0.03358417,0.04044659,0.033311535,0.0,0.0,0.0334774,0.0,0.0,0.0,0.02978043,0.0,0.029763691,0.0,0.0,0.0,0.0,0.0,0.0,0.0,0.0,0.028991804,0.026755573,0.0,0.0,0.038520187,0.0,0.0,0.0,0.0,0.0,0.033017848,0.0,0.0,0.0,0.0,0.0,0.0,0.0,0.0,0.0,0.027217666,0.0,0.020937115,0.0,0.0,0.0,0.0,0.0
k__Bacteria|p__Firmicutes|c__Clostridia|o__Clostridiales|f__Ruminococcaceae|g__Ruminococcus|s__unclassified,0.0,0.0,0.0,0.032907948,0.025470885,0.0,0.0,0.02717771,0.027955929,0.0363606,0.0,0.029768858,0.0,0.0,0.035536893,0.0,0.02897767,0.0,0.030019907,0.032861404,0.0,0.036413256,0.042263374,0.030577283,0.036843218,0.0,0.0,0.0,0.03346535,0.029656515,0.0,0.0,0.0,0.033396248,0.030779606,0.0,0.030739168,0.027642403,0.030820744,0.030820744,0.0,0.0,0.0315407,0.040198267,0.03567535,0.046076093,0.04402438,0.0,0.0,0.028876562,0.0,0.032669585,0.028427208,0.030009354,0.028731842,0.0,0.0,0.044125706,0.030664366,0.029661473,0.0,0.0,0.027991304,0.027042454,0.036483176,0.027483141,0.038661987,0.052432775,0.039984643,0.034798387,0.0,0.052299876,0.033504754,0.033833135,0.027989877,0.0,0.0,0.030721083,0.037333105,0.02680137,0.0,0.0,0.02716091,0.021749983,0.022424223,0.0,0.021922624,0.033056088,0.026330097,0.035662916
k__Bacteria|p__Firmicutes|c__Clostridia|o__Clostridiales|f__unclassified|g__unclassified|s__unclassified,0.0,0.034905408,0.032081373,0.035553478,0.025214087,0.044688575,0.035918936,0.028454922,0.02847362,0.034408204,0.0,0.030407557,0.0,0.0,0.0,0.0,0.033499524,0.03598383,0.029433396,0.028808646,0.0,0.03568482,0.042165972,0.029141862,0.033143662,0.055198144,0.0,0.0,0.033237148,0.029969003,0.0,0.036146842,0.04392489,0.034632124,0.033061896,0.0,0.030828161,0.0320356,0.02621374,0.02621374,0.06607729,0.040652797,0.031080347,0.04024584,0.0330357,0.045965187,0.035821613,0.034096666,0.03993902,0.02905251,0.0,0.031741153,0.030388378,0.029935954,0.02772839,0.0,0.0,0.0,0.030786106,0.027210664,0.0,0.0,0.028126828,0.027304282,0.034665257,0.031286214,0.0,0.0,0.03373215,0.03060932,0.0,0.0,0.0332587,0.033006832,0.027274469,0.0,0.0,0.029080298,0.0,0.025868949,0.0,0.0,0.027485881,0.020985898,0.021780653,0.0,0.021565935,0.033080157,0.028182328,0.032475293
k__Bacteria|p__Firmicutes|c__Clostridia|o__Coriobacteriales|f__unclassified|g__unclassified|s__unclassified,0.0,0.035801806,0.0,0.036119405,0.026233166,0.0,0.031061398,0.0,0.028057734,0.034689106,0.0,0.03051303,0.038009956,0.03535699,0.037186835,0.0,0.02921273,0.0,0.029865412,0.030002547,0.0,0.0,0.0,0.029611014,0.03563571,0.0,0.029712632,0.029211566,0.03329206,0.0297241,0.0,0.0,0.042405,0.033105172,0.03376636,0.0,0.0,0.030513564,0.026996376,0.026996376,0.0,0.0384612,0.030847892,0.040109914,0.033685837,0.0,0.03636856,0.033041343,0.038010903,0.028807972,0.0,0.030008905,0.029178593,0.0300468,0.02714344,0.0,0.06319557,0.0,0.030649152,0.027893126,0.0,0.0,0.028031165,0.027055383,0.035189837,0.031130174,0.038583543,0.05186735,0.034327623,0.030978246,0.0,0.0,0.033381075,0.03391295,0.027999882,0.0,0.0,0.030120004,0.038092956,0.02648386,0.0,0.0,0.02713345,0.020561937,0.021309111,0.0,0.020770555,0.0,0.026574552,0.032541245
k__Bacteria|p__Firmicutes|c__Erysipelotrichi|o__Erysipelotrichales|f__Erysipelotrichaceae|g__[Eubacterium]|s__dolichum,0.0,0.03529033,0.031086974,0.026708456,0.0,0.044104982,0.031720325,0.025249394,0.02787795,0.0,0.0,0.02992707,0.0,0.033280775,0.035549298,0.0,0.0,0.0,0.0,0.0,0.0,0.0,0.0,0.0,0.033137392,0.0,0.030550586,0.029317811,0.033016264,0.0,0.0,0.033670824,0.04367935,0.03330797,0.026316587,0.0,0.030801933,0.025062982,0.02620819,0.02620819,0.0,0.03882297,0.031163909,0.040562645,0.0,0.0,0.03589356,0.033433463,0.03704197,0.0,0.0,0.0,0.0,0.029762194,0.02638538,0.0,0.0,0.0,0.0,0.0,0.0,0.0,0.028180642,0.026851738,0.0,0.026672479,0.0,0.0,0.0,0.0,0.0,0.0,0.033002228,0.0,0.0,0.0,0.0,0.02881573,0.0,0.0,0.0,0.0,0.0,0.020415828,0.0209572,0.0,0.02071726,0.033009447,0.026301036,0.0
k__Bacteria|p__Firmicutes|c__Clostridia|o__Clostridiales|f__Lachnospiraceae|g__Roseburia|s__faecis,0.0,0.0,0.0,0.0,0.0,0.0,0.030770052,0.024906488,0.02792777,0.0,0.0,0.0,0.0,0.0,0.0,0.0,0.0,0.0,0.028938439,0.028792404,0.0,0.03687827,0.0,0.0,0.0,0.0,0.0,0.029060582,0.033080943,0.0,0.0,0.0,0.0,0.0,0.0,0.0,0.0,0.0,0.026269248,0.026269248,0.0,0.038948804,0.0,0.0,0.0,0.0,0.0,0.0,0.0,0.0,0.0,0.0,0.02808223,0.0,0.02641867,0.0,0.0,0.0,0.0,0.02703326,0.0,0.0,0.0,0.0,0.0,0.0,0.0,0.051642843,0.0,0.0,0.0,0.0,0.0,0.0,0.027181081,0.0,0.0,0.02911511,0.0,0.025950208,0.0,0.0,0.027170066,0.0,0.0,0.0,0.0,0.0,0.0,0.0
k__Bacteria|p__Firmicutes|c__Clostridia|o__unclassified|f__unclassified|g__unclassified|s__unclassified,0.0,0.044670876,0.031144125,0.036586136,0.026287904,0.045942098,0.032569848,0.027227689,0.029628133,0.03502948,0.0,0.0360953,0.036778457,0.033849508,0.035924226,0.0,0.029367376,0.0,0.034911312,0.028954837,0.0,0.035541464,0.0,0.029927317,0.034286674,0.0,0.0,0.02936814,0.033360396,0.03013519,0.0,0.0,0.043883957,0.033809002,0.03393898,0.0,0.031008026,0.031361327,0.026722547,0.026722547,0.0,0.03906939,0.031113772,0.04022127,0.03356223,0.05001974,0.041110504,0.033847135,0.040533632,0.029374586,0.0,0.030280996,0.029726777,0.031791914,0.028463623,0.0920745,0.0,0.0,0.030842625,0.027898178,0.0,0.0,0.02970331,0.030235302,0.035476528,0.033355564,0.03886412,0.05315619,0.03411921,0.030700581,0.035701577,0.0,0.033151943,0.03318289,0.027989877,0.0,0.0,0.029310055,0.03717535,0.026119435,0.0,0.0,0.027188374,0.021103265,0.022184085,0.0,0.020834103,0.0330275,0.026347192,0.03269368
k__Bacteria|p__Firmicutes|c__Clostridia|o__Clostridiales|f__Lachnospiraceae|g__Lachnospira|s__unclassified,0.0,0.0,0.0,0.029612524,0.025547247,0.0,0.0,0.025039762,0.028270008,0.03412426,0.0,0.0,0.03689802,0.0,0.0,0.0,0.04271644,0.0,0.028957512,0.028942656,0.0,0.0,0.0,0.030033877,0.0,0.0,0.0,0.0,0.035641197,0.030328408,0.0,0.047095034,0.0,0.0,0.027087828,0.0,0.0,0.025045034,0.026374709,0.026374709,0.0,0.0,0.0,0.0,0.035075497,0.046195865,0.04736628,0.0,0.0,0.029213548,0.0,0.036011536,0.028895052,0.03213944,0.028652899,0.0,0.0,0.0,0.03069915,0.027235914,0.0,0.0,0.0,0.02930355,0.034063973,0.027231542,0.041951954,0.05385466,0.034029886,0.03345456,0.0,0.0,0.033179283,0.03351388,0.02755963,0.0,0.0,0.029409848,0.03688876,0.02765002,0.0,0.0,0.0,0.021920048,0.021569332,0.0,0.02070291,0.0,0.0,0.033871163
k__Bacteria|p__Firmicutes|c__Clostridia|o__Clostridiales|f__Veillonellaceae|g__unclassified|s__unclassified,0.0,0.0,0.0,0.027856022,0.0,0.0,0.0,0.024970349,0.0,0.031835802,0.0,0.0,0.0,0.0,0.0,0.03894221,0.02899004,0.0,0.030842928,0.031574108,0.0,0.03621524,0.043023873,0.03056137,0.036410563,0.0,0.034840416,0.029200383,0.034793068,0.029896647,0.0,0.033283014,0.0,0.0,0.026063818,0.0,0.030676404,0.024243755,0.0,0.0,0.0,0.0,0.0,0.0,0.0,0.0,0.0,0.0,0.0,0.029144958,0.06852023,0.0,0.0,0.029775674,0.027062593,0.0,0.0,0.044099785,0.033890434,0.0,0.0,0.0,0.0,0.026792746,0.031669,0.0,0.0,0.0,0.03373215,0.031522065,0.0,0.0,0.0,0.035624243,0.027831454,0.0,0.0,0.0,0.04023053,0.0,0.0,0.0,0.027167318,0.023924876,0.021828681,0.0,0.020784907,0.0,0.0,0.03168491
k__Bacteria|p__Firmicutes|c__Clostridia|o__Clostridiales|f__Lachnospiraceae|g__[Ruminococcus]|s__unclassified,0.0,0.035981085,0.031018395,0.035447616,0.024929581,0.0,0.030737378,0.025489565,0.028649071,0.034174994,0.0,0.0,0.03610492,0.033548012,0.03596833,0.0,0.029262219,0.0,0.02930465,0.02881271,0.0,0.0,0.0,0.02888824,0.03315889,0.0,0.031272855,0.02926189,0.03306996,0.029642997,0.0,0.03336256,0.042433023,0.03311233,0.03320789,0.0,0.0,0.030455343,0.026602283,0.026602283,0.0,0.0,0.030864604,0.040097892,0.033179555,0.0,0.036450054,0.033425175,0.0373578,0.028954098,0.0,0.029809508,0.02887615,0.03009324,0.027251868,0.0,0.0,0.0,0.030988278,0.0,0.06329593,0.0,0.028013226,0.026793556,0.03463921,0.031245574,0.038494546,0.05180083,0.033940565,0.03048823,0.03566772,0.0,0.033392794,0.03286129,0.027194425,0.0,0.0,0.02893409,0.03706229,0.02565448,0.0,0.0,0.027282663,0.020375106,0.02099824,0.0,0.02064961,0.03317193,0.02652498,0.03211974
k__Bacteria|p__Firmicutes|c__Clostridia|o__Clostridiales|f__Lachnospiraceae|g__unclassified|s__unclassified,0.049222875,0.04165476,0.06359366,0.04191632,0.028756537,0.045714185,0.038644496,0.02795931,0.036555227,0.042235315,0.0,0.04529101,0.039086025,0.035219945,0.03894981,0.0388621,0.03205822,0.034600373,0.03151813,0.039703995,0.057674833,0.040607348,0.04410281,0.03520708,0.04059563,0.0,0.0,0.051433906,0.04021621,0.03275518,0.0,0.03461549,0.05031993,0.03725658,0.04005586,0.0,0.035914883,0.038152207,0.03381252,0.03381252,0.0,0.042199492,0.03165009,0.04197729,0.03771724,0.045934137,0.03602204,0.0363043,0.044421062,0.039636247,0.0,0.041158423,0.034272913,0.03461255,0.032340474,0.0,0.0664076,0.044131167,0.035601288,0.030128656,0.0,0.0,0.032993797,0.030912498,0.042023316,0.035582196,0.04146623,0.054827526,0.03501242,0.03562722,0.035724144,0.051525086,0.035919756,0.04008441,0.03852254,0.0,0.0,0.034250967,0.039097328,0.04644428,0.0,0.0,0.030038038,0.027105775,0.035909496,0.0,0.022916848,0.035899553,0.03337404,0.039658144
k__Bacteria|p__Firmicutes|c__Clostridia|o__Clostridiales|f__Ruminococcaceae|g__Oscillospira|s__unclassified,0.050934903,0.03540106,0.03297291,0.036507785,0.025827697,0.04409808,0.031036891,0.027770502,0.028425965,0.03483063,0.0,0.03129822,0.038528062,0.0360011,0.0358236,0.0,0.02923129,0.0,0.0,0.032102022,0.0,0.0355773,0.042323314,0.029699251,0.034144245,0.0,0.03431513,0.03032436,0.03303457,0.030005582,0.0,0.033750374,0.044691637,0.033770826,0.033884797,0.0,0.030979922,0.03181596,0.029092656,0.029092656,0.0,0.040899217,0.0410607,0.042064592,0.034081787,0.04705646,0.037408866,0.033446725,0.03708291,0.029532641,0.06830774,0.0,0.0,0.030211577,0.027223334,0.0,0.0,0.0,0.03072415,0.028467003,0.0,0.0,0.029944466,0.027143467,0.035244837,0.033482466,0.038965184,0.051617898,0.03438717,0.030589247,0.035758,0.0,0.034542356,0.03432845,0.027197758,0.0,0.0,0.028929446,0.03696238,0.025700556,0.0931034,0.0931034,0.028783014,0.020648167,0.02103841,0.0,0.02101655,0.03415285,0.027056627,0.032545604
k__Bacteria|p__Firmicutes|c__Clostridia|o__Clostridiales|f__Lachnospiraceae|g__[Ruminococcus]|s__gnavus,0.0,0.0,0.031269852,0.034731504,0.025155295,0.0,0.03139086,0.024960633,0.027986255,0.03373744,0.0,0.0,0.03639984,0.033746727,0.03613236,0.038661838,0.029163243,0.034589566,0.030742792,0.0,0.0,0.036070094,0.0,0.0,0.033010192,0.0,0.0,0.031023351,0.033055317,0.030209137,0.0,0.04000506,0.043295547,0.036953576,0.033627067,0.0,0.0,0.030906502,0.026173037,0.026173037,0.0,0.0,0.030759772,0.04012978,0.033366702,0.0,0.0,0.033586,0.037388016,0.028989885,0.0,0.029890513,0.0,0.029853566,0.0264006,0.09206554,0.061893407,0.046649724,0.0,0.027149424,0.07104834,0.07281439,0.02806704,0.026774967,0.033894647,0.028574992,0.0,0.0,0.0,0.03100871,0.035848275,0.05161313,0.032970984,0.0,0.027362851,0.0,0.0,0.028825015,0.0,0.025595838,0.0,0.0,0.027338501,0.020487685,0.021255843,0.0,0.020727506,0.033474334,0.026805334,0.032121662
k__Bacteria|p__Firmicutes|c__Clostridia|o__Clostridiales|f__Lachnospiraceae|g__Roseburia|s__unclassified,0.0,0.034973957,0.0,0.029125333,0.02646969,0.0,0.030655695,0.024764884,0.028094558,0.033575505,0.0,0.030270834,0.03596543,0.0,0.0,0.0,0.0,0.0,0.028985169,0.02932032,0.0,0.0,0.0,0.02913029,0.0,0.0,0.0,0.029384917,0.033378705,0.0,0.0,0.0,0.0,0.0,0.027185665,0.0,0.0,0.024791349,0.0,0.0,0.0,0.038414016,0.0,0.0,0.0,0.0,0.0,0.0,0.0,0.0,0.0,0.033467166,0.03113504,0.0302685,0.029242607,0.0,0.0,0.044095695,0.030681757,0.029632432,0.0,0.0,0.0,0.028118858,0.033407904,0.0262405,0.0,0.051992074,0.037900478,0.03318562,0.0,0.0,0.035715356,0.033030305,0.038924437,0.0,0.0,0.03466871,0.037162203,0.028359601,0.0,0.0,0.0,0.02053559,0.02110041,0.0,0.0,0.0,0.0,0.033383016
k__Bacteria|p__Firmicutes|c__Clostridia|o__Clostridiales|f__Lachnospiraceae|g__Blautia|s__unclassified,0.0,0.03737314,0.031201273,0.04633634,0.04115984,0.046111304,0.03937694,0.027038882,0.03815812,0.043343958,0.0,0.05321713,0.07492703,0.076573,0.07087632,0.038693883,0.04550007,0.034971457,0.049133487,0.032467503,0.0,0.037096888,0.042165972,0.038385548,0.046052687,0.0,0.044964664,0.041200668,0.037549794,0.03118398,0.0740639,0.040223826,0.058859576,0.04671415,0.04423231,0.0,0.030832844,0.041387532,0.032733858,0.032733858,0.0,0.051028777,0.040060993,0.04156377,0.04040927,0.047420215,0.04418663,0.0368788,0.056411844,0.045949504,0.0,0.035423733,0.052230615,0.038414348,0.03520436,0.09236986,0.08679092,0.046415057,0.032331746,0.030022593,0.084932484,0.076390944,0.044332117,0.0417121,0.04359527,0.03629508,0.03962288,0.057322055,0.034327623,0.03616942,0.0361981,0.052608028,0.04450309,0.038833216,0.032530796,0.0,0.0,0.033707913,0.040945686,0.034915056,0.0,0.0,0.029364299,0.028691432,0.029864134,0.0,0.025895415,0.04124045,0.042823233,0.040165544
k__Bacteria|p__Firmicutes|c__Clostridia|o__Clostridiales|f__Peptostreptococcaceae|g__unclassified|s__unclassified,0.0,0.037388954,0.0322071,0.0,0.0,0.044477932,0.03513204,0.025032822,0.027882282,0.0,0.0,0.030290365,0.0,0.033356145,0.0,0.0,0.029249847,0.03451751,0.0,0.028727429,0.0,0.0,0.0,0.0,0.0,0.0,0.0,0.028999072,0.0,0.029564276,0.0,0.03379015,0.0,0.0,0.0,0.0,0.030841278,0.0,0.0,0.0,0.0,0.0,0.031583235,0.0,0.0,0.0,0.0,0.0,0.03699128,0.0,0.0,0.030199992,0.029608635,0.02975021,0.026345432,0.0,0.0,0.0,0.030820886,0.0,0.0,0.0,0.027921546,0.0,0.0,0.0,0.0,0.0,0.0,0.0,0.035814423,0.0,0.0,0.03288476,0.0,0.0,0.0,0.02899443,0.036796737,0.025667883,0.0,0.0,0.0,0.020418223,0.020914411,0.0,0.0,0.0,0.026434375,0.0
k__Bacteria|p__Firmicutes|c__Clostridia|o__Clostridiales|f__Ruminococcaceae|g__Faecalibacterium|s__unclassified,0.0,0.0,0.0,0.029356522,0.026122337,0.0,0.0,0.026639057,0.028330658,0.034236234,0.0,0.0,0.0,0.0,0.0,0.0,0.032021105,0.0,0.028994706,0.030359903,0.0,0.0,0.0,0.033837236,0.0,0.0,0.0,0.0,0.03669678,0.0,0.0,0.0,0.0,0.0,0.026751041,0.0,0.0,0.025008235,0.0,0.0,0.0,0.0,0.0,0.0,0.0,0.0,0.0,0.0,0.0,0.0,0.0,0.0,0.029296737,0.03102796,0.030418217,0.0,0.0,0.0,0.031670883,0.030008705,0.0,0.0,0.0,0.0,0.034097575,0.026885195,0.039550472,0.05594175,0.034684908,0.03379521,0.0,0.0,0.0,0.034204036,0.027858134,0.0,0.0,0.03143124,0.0,0.025664534,0.0,0.0,0.0,0.022509279,0.02749681,0.0,0.0227385,0.039890934,0.027111331,0.034127347
k__Bacteria|p__Firmicutes|c__Clostridia|o__Clostridiales|f__Lachnospiraceae|g__Coprococcus|s__unclassified,0.0,0.0,0.0,0.034303125,0.02544453,0.04435707,0.030927977,0.024792649,0.028997807,0.034001593,0.0,0.030208329,0.036511432,0.033342443,0.0,0.0,0.029163243,0.0,0.032179985,0.028841134,0.0,0.03554594,0.0,0.028926332,0.0,0.0,0.0,0.029273076,0.03357884,0.03002864,0.0,0.033422224,0.03960479,0.033403404,0.03167661,0.0,0.031624425,0.029993683,0.026178587,0.026178587,0.0,0.0,0.0,0.0,0.033234723,0.0,0.0,0.0,0.0,0.028855689,0.0,0.02994867,0.028384676,0.03038534,0.02735269,0.0,0.05838623,0.044098422,0.030764366,0.027175307,0.063781105,0.07131671,0.027973365,0.02711276,0.03426626,0.031191302,0.03871629,0.05173431,0.033761922,0.030776607,0.03569029,0.05147226,0.0,0.0,0.027104372,0.0,0.0,0.029119752,0.036943976,0.025600864,0.0,0.0,0.0,0.02044936,0.021177253,0.0,0.020631159,0.0,0.026886534,0.03222198
k__Bacteria|p__Firmicutes|c__Erysipelotrichi|o__Erysipelotrichales|f__[Coprobacillaceae]|g__unclassified|s__unclassified,0.0,0.03552761,0.034927424,0.03658217,0.027252246,0.0,0.031091347,0.028806157,0.029448349,0.034527496,0.0,0.031390022,0.0367386,0.034281194,0.03984715,0.038629796,0.030307626,0.03521284,0.032506138,0.028780222,0.0,0.035621203,0.042248383,0.030852603,0.033240408,0.0,0.0,0.031006576,0.033414092,0.029911755,0.078505516,0.03529167,0.04567243,0.033226848,0.03419763,0.0,0.030846898,0.032276515,0.026269248,0.026269248,0.0,0.0,0.03553041,0.040583033,0.035262644,0.057645313,0.037554964,0.034480494,0.0404693,0.029225476,0.0,0.030646553,0.0,0.029882029,0.027675126,0.09403461,0.07272747,0.0,0.0,0.027277583,0.0,0.0,0.028886171,0.02696245,0.034956537,0.031254645,0.038526226,0.052291423,0.0,0.03084567,0.0,0.051507477,0.03425985,0.0,0.027611326,0.0,0.0,0.029071014,0.036841433,0.025960263,0.0,0.0,0.027982946,0.020679304,0.022706278,0.0,0.020901753,0.03322007,0.03018157,0.032446012
k__Bacteria|p__Bacteroidetes|c__Bacteroidia|o__Bacteroidales|f__[Odoribacteraceae]|g__Butyricimonas|s__unclassified,0.0,0.0,0.0,0.0,0.0,0.0,0.0,0.0,0.0,0.0,0.0,0.0,0.0,0.0,0.0,0.0,0.0,0.0,0.0,0.0,0.0,0.0,0.0,0.0,0.0,0.0,0.0,0.0,0.0,0.0,0.0,0.0,0.0,0.0,0.0,0.0,0.0,0.0,0.0,0.0,0.0,0.0,0.0,0.0,0.0,0.0,0.0,0.0,0.0,0.0,0.0,0.0,0.0,0.0,0.0,0.0,0.0,0.0,0.0,0.0,0.0,0.0,0.0,0.0,0.0,0.0,0.0,0.0,0.0,0.0,0.0,0.0,0.0,0.0,0.0,0.0,0.0,0.0,0.0,0.0,0.0,0.0,0.0,0.0,0.0,0.0,0.0,0.0,0.0,0.0
k__Bacteria|p__Bacteroidetes|c__Bacteroidia|o__Bacteroidales|f__Bacteroidaceae|g__Bacteroides|s__caccae,0.0,0.0,0.0,0.0,0.0,0.0,0.0,0.0,0.0,0.0,0.0,0.0,0.0,0.0,0.0,0.0,0.0,0.0,0.0,0.0,0.0,0.0,0.0,0.0,0.0,0.0,0.0,0.0,0.0,0.0,0.0,0.0,0.0,0.0,0.0,0.0,0.0,0.0,0.0,0.0,0.0,0.0,0.0,0.0,0.0,0.0,0.0,0.0,0.0,0.0,0.0,0.0,0.0,0.0,0.0,0.0,0.0,0.0,0.0,0.0,0.0,0.0,0.0,0.0,0.0,0.0,0.0,0.0,0.0,0.0,0.0,0.0,0.0,0.0,0.0,0.0,0.0,0.0,0.0,0.0,0.0,0.0,0.0,0.0,0.0,0.0,0.0,0.0,0.0,0.0
k__Bacteria|p__Bacteroidetes|c__Bacteroidia|o__Bacteroidales|f__S24-7|g__unclassified|s__unclassified,0.0,0.0,0.0,0.0,0.0,0.0,0.0,0.0,0.0,0.0,0.0,0.0,0.0,0.0,0.0,0.0,0.0,0.0,0.0,0.04204306,0.0,0.0,0.0,0.0,0.0,0.0,0.0,0.0,0.0,0.0,0.0,0.0,0.0,0.0,0.0,0.0,0.0,0.0,0.0,0.0,0.0,0.0,0.0,0.0,0.0,0.0,0.0,0.0,0.0,0.0,0.0,0.0,0.0,0.0,0.0,0.0,0.0,0.0,0.0,0.0,0.0,0.0,0.0,0.0,0.0,0.0,0.0,0.0,0.085300334,0.0,0.0,0.0,0.0,0.0,0.0,0.0,0.0,0.0,0.0,0.0,0.0,0.0,0.0,0.0,0.0,0.0,0.020920202,0.0,0.0,0.0
k__Bacteria|p__Bacteroidetes|c__Bacteroidia|o__Bacteroidales|f__Prevotellaceae|g__Prevotella|s__stercorea,0.0,0.0,0.0,0.0,0.0,0.0,0.0,0.0,0.0,0.0,0.0,0.0,0.0,0.0,0.0,0.0,0.0,0.0,0.0,0.0,0.0,0.0,0.0,0.0,0.0,0.0,0.0,0.0,0.0,0.0,0.0,0.0,0.0,0.0,0.0,0.0,0.0,0.0,0.0,0.0,0.0,0.0,0.0,0.0,0.0,0.0,0.0,0.0,0.0,0.0,0.0,0.0,0.0,0.0,0.0,0.0,0.0,0.0,0.0,0.0,0.0,0.0,0.0,0.0,0.0,0.0,0.0,0.0,0.0,0.0,0.0,0.0,0.0,0.0,0.0,0.0,0.0,0.0,0.0,0.0,0.0,0.0,0.0,0.0,0.0,0.0,0.0,0.0,0.0,0.0
k__Bacteria|p__Bacteroidetes|c__Bacteroidia|o__Bacteroidales|f__[Paraprevotellaceae]|g__[Prevotella]|s__unclassified,0.0,0.0,0.0,0.0,0.0,0.0,0.0,0.0,0.0,0.0,0.0,0.0,0.0,0.0,0.0,0.0,0.0,0.0,0.0,0.0,0.0,0.0,0.0,0.0,0.0,0.0,0.0,0.0,0.0,0.0,0.0,0.0,0.0,0.0,0.0,0.0,0.0,0.0,0.0,0.0,0.0,0.0,0.0,0.0,0.0,0.0,0.0,0.0,0.0,0.0,0.0,0.0,0.0,0.0,0.0,0.0,0.0,0.0,0.0,0.0,0.0,0.0,0.0,0.0,0.0,0.0,0.0,0.0,0.0,0.0,0.0,0.0,0.0,0.0,0.0,0.0,0.0,0.0,0.0,0.0,0.0,0.0,0.0,0.0,0.0,0.0,0.0,0.0,0.0,0.0
k__Bacteria|p__Bacteroidetes|c__Bacteroidia|o__Bacteroidales|f__[Barnesiellaceae]|g__unclassified|s__unclassified,0.0,0.0,0.0,0.0,0.02698734,0.0,0.0,0.0,0.0,0.0,0.0,0.0,0.0,0.0,0.0,0.0,0.0,0.0,0.0,0.0,0.0,0.0,0.0,0.0,0.033046022,0.0,0.0,0.0,0.0,0.0,0.0,0.0,0.0,0.0,0.0,0.0,0.0,0.0,0.0,0.0,0.0,0.0,0.0,0.0,0.0,0.0,0.0,0.0,0.0,0.0,0.0,0.0,0.0,0.0,0.0,0.0,0.0,0.0,0.0,0.0,0.0,0.0,0.0,0.0,0.0,0.0,0.0,0.0,0.03501242,0.0,0.0,0.0,0.0,0.0,0.0,0.0,0.0,0.0,0.0,0.0,0.0,0.0,0.0,0.020415828,0.020872496,0.0,0.02066806,0.0,0.0,0.0
k__Bacteria|p__Bacteroidetes|c__Bacteroidia|o__Bacteroidales|f__[Paraprevotellaceae]|g__Paraprevotella|s__unclassified,0.0,0.0,0.0,0.0,0.0,0.0,0.0,0.0,0.0,0.0,0.0,0.0,0.0,0.0,0.0,0.0,0.0,0.0,0.0,0.0,0.0,0.0,0.0,0.0,0.0,0.0,0.0,0.0,0.0,0.032842647,0.0,0.0,0.0,0.0,0.0,0.0,0.0,0.0,0.0,0.0,0.0,0.0,0.0,0.0,0.0,0.0,0.0,0.0,0.0,0.0,0.0,0.0,0.0,0.0,0.0,0.0,0.0,0.0,0.0,0.0,0.0,0.0,0.0,0.0,0.0,0.0,0.0,0.0,0.0,0.0,0.0,0.0,0.0,0.0,0.028213335,0.0,0.0,0.0,0.0,0.0,0.0,0.0,0.029412815,0.02259072,0.021562347,0.0,0.020690609,0.0,0.0,0.0
k__Bacteria|p__Bacteroidetes|c__Bacteroidia|o__Bacteroidales|f__Bacteroidaceae|g__Bacteroides|s__plebeius,0.0,0.0,0.0,0.0,0.0,0.0,0.0,0.0,0.0,0.0,0.0,0.0,0.0,0.0,0.0,0.0,0.0,0.0,0.0,0.0,0.0,0.0,0.0,0.0,0.0,0.0,0.0,0.0,0.0,0.0,0.0,0.0,0.0,0.0,0.0,0.0,0.0,0.0,0.0,0.0,0.0,0.0,0.0,0.0,0.0,0.0,0.0,0.0,0.0,0.0,0.0,0.0,0.0,0.0,0.0,0.0,0.0,0.0,0.0,0.0,0.0,0.0,0.0,0.0,0.0,0.0,0.0,0.0,0.0,0.0,0.0,0.0,0.0,0.0,0.0317787,0.0,0.0,0.0,0.0,0.0,0.0,0.0,0.036524612,0.02059068,0.022582278,0.0,0.0,0.0,0.0,0.0
k__Bacteria|p__Bacteroidetes|c__Bacteroidia|o__Bacteroidales|f__Prevotellaceae|g__Prevotella|s__copri,0.0,0.0,0.0,0.0,0.0,0.0,0.0,0.0,0.0,0.0,0.0,0.0,0.0,0.0,0.0,0.0,0.0,0.0,0.032119904,0.0,0.0,0.0,0.0,0.0,0.0,0.0,0.0,0.0,0.0,0.038784742,0.0,0.0,0.0,0.0,0.0,0.0,0.0,0.0,0.0,0.0,0.0,0.0,0.0,0.0,0.0,0.0,0.0,0.0,0.0,0.0,0.0,0.0,0.0,0.0,0.0,0.0,0.0,0.0,0.0,0.0,0.0,0.0,0.0,0.0,0.0,0.0,0.0,0.0,0.0,0.0,0.0,0.0,0.0,0.0,0.0,0.0,0.0,0.0,0.0,0.0,0.0,0.0,0.0,0.0,0.0,0.0,0.020838205,0.0,0.0,0.0
k__Bacteria|p__Bacteroidetes|c__Bacteroidia|o__Bacteroidales|f__Bacteroidaceae|g__Bacteroides|s__ovatus,0.0,0.0,0.0,0.0,0.0,0.0,0.0,0.0,0.027869286,0.0,0.0,0.0,0.0,0.0,0.0,0.038733933,0.0,0.034589566,0.0,0.0,0.0,0.0,0.0,0.0,0.0,0.0,0.0,0.0,0.0,0.0,0.0,0.0,0.0,0.0,0.0,0.06695134,0.030738229,0.0,0.026576381,0.026576381,0.0,0.0,0.03107427,0.042029046,0.033686537,0.0,0.0,0.0,0.0,0.0,0.0,0.0,0.0,0.0,0.0,0.0,0.0,0.0,0.0,0.0,0.0,0.0,0.02800326,0.0,0.0,0.0,0.0,0.0,0.033702374,0.0,0.0,0.0,0.0,0.0,0.0,0.0,0.0,0.0,0.0,0.0,0.0,0.0,0.0,0.0,0.0,0.0,0.0,0.0,0.0,0.0
k__Bacteria|p__Bacteroidetes|c__Bacteroidia|o__Bacteroidales|f__Prevotellaceae|g__Prevotella|s__unclassified,0.0,0.0,0.0,0.0,0.0,0.0,0.0,0.0,0.0,0.0,0.0,0.0,0.0,0.03317114,0.0,0.0,0.0,0.0,0.02900615,0.0,0.0,0.0,0.0,0.0,0.0,0.0,0.0,0.0,0.0,0.054080095,0.0,0.0,0.0,0.0,0.0,0.0,0.0,0.0,0.0,0.0,0.065938964,0.0,0.0,0.0,0.0,0.0,0.0,0.0,0.0,0.0,0.0,0.0,0.0,0.0,0.0,0.0,0.0,0.0,0.0,0.0,0.0,0.0,0.0,0.0,0.0,0.0,0.0,0.0,0.0,0.0,0.0,0.0,0.0,0.0,0.0,0.0,0.0,0.0,0.0,0.0,0.0,0.0,0.0,0.0,0.0,0.0,0.020793106,0.0,0.0,0.0
k__Bacteria|p__Bacteroidetes|c__Bacteroidia|o__Bacteroidales|f__Porphyromonadaceae|g__Dysgonomonas|s__unclassified,0.0,0.0,0.0,0.0,0.0,0.0,0.0,0.0,0.0,0.0,0.0,0.0,0.0,0.0,0.0,0.0,0.0,0.0,0.0,0.0,0.0,0.0,0.0,0.0,0.0,0.0,0.045837015,0.0316832,0.0,0.0,0.0,0.0,0.0,0.0,0.0,0.0,0.0,0.0,0.0,0.0,0.0,0.0,0.0,0.0,0.0,0.0,0.0,0.0,0.0,0.0,0.0,0.0,0.0,0.0,0.0,0.0,0.0,0.0,0.0,0.0,0.0,0.0,0.0,0.0,0.0,0.0,0.0,0.0,0.0,0.0,0.0,0.0,0.0,0.0,0.0,0.0,0.0,0.0,0.0,0.0,0.0,0.0,0.0,0.0,0.0,0.0,0.0,0.0,0.0,0.0
k__Bacteria|p__Bacteroidetes|c__Bacteroidia|o__Bacteroidales|f__Bacteroidaceae|g__Bacteroides|s__uniformis,0.0,0.0,0.0,0.027832525,0.03067035,0.0,0.0,0.0,0.0,0.031850073,0.0,0.0,0.0,0.0,0.0,0.041004952,0.029837502,0.03473368,0.0,0.039598413,0.0,0.0,0.04209104,0.038867235,0.038627602,0.0,0.0,0.0,0.032982096,0.0,0.0,0.0,0.0,0.0,0.025622496,0.0,0.0,0.024213964,0.030054761,0.030054761,0.0,0.0,0.0,0.0,0.03323891,0.0,0.0,0.0,0.0,0.0,0.06618575,0.0,0.0,0.0,0.0,0.0,0.0,0.0,0.032325223,0.03970399,0.0,0.0,0.027925534,0.0,0.03174334,0.026456427,0.039419238,0.0,0.033702374,0.03145513,0.0,0.0,0.0,0.0,0.027414551,0.11810109,0.11810109,0.02971387,0.041600365,0.0,0.0,0.0,0.027197529,0.0,0.0,0.0,0.020922251,0.03837442,0.030202085,0.031669516
k__Bacteria|p__Bacteroidetes|c__Bacteroidia|o__Bacteroidales|f__Porphyromonadaceae|g__Parabacteroides|s__distasonis,0.0,0.0,0.0,0.0,0.02750296,0.0,0.0,0.0,0.0,0.0,0.0,0.0,0.0,0.0,0.0,0.045174494,0.029794201,0.034913816,0.0,0.029673615,0.059887767,0.039889667,0.06419799,0.03203006,0.034944173,0.0,0.0,0.0,0.0,0.0,0.0,0.0,0.0,0.0,0.0,0.0,0.0,0.0,0.0,0.0,0.0,0.0,0.0,0.0,0.0,0.0,0.0,0.0,0.0,0.0,0.07094787,0.02997152,0.027987717,0.031604674,0.029502267,0.0,0.0,0.0,0.031344797,0.031175397,0.0,0.0,0.0,0.0,0.0,0.0,0.0409805,0.07608921,0.038972333,0.0,0.0,0.0,0.0,0.0,0.027267797,0.0,0.0,0.0,0.0,0.0,0.0,0.0,0.029574843,0.021699684,0.022210283,0.0,0.020821804,0.03619744,0.027748115,0.0
k__Bacteria|p__Bacteroidetes|c__Bacteroidia|o__Bacteroidales|f__Porphyromonadaceae|g__Parabacteroides|s__unclassified,0.0,0.0,0.0,0.0,0.0,0.0,0.0,0.0,0.0,0.0,0.0,0.0,0.0,0.0,0.0,0.0,0.0,0.0,0.0,0.0,0.0,0.0,0.0,0.02962789,0.0,0.0,0.0,0.0,0.0,0.0,0.0,0.0,0.0,0.0,0.0,0.0,0.0,0.0,0.0,0.0,0.0,0.0,0.0,0.0,0.0,0.0,0.0,0.0,0.0,0.0,0.07881294,0.029981902,0.028077504,0.036976315,0.030075805,0.0,0.0,0.0,0.031053493,0.0,0.0,0.0,0.0,0.0,0.0,0.0,0.0,0.0,0.0,0.0,0.045000125,0.069609374,0.03797934,0.03573223,0.027267797,0.0,0.0,0.0,0.0,0.025877325,0.0,0.0,0.03469563,0.025448257,0.024876252,0.0,0.020830005,0.049322516,0.028279766,0.0
k__Bacteria|p__Bacteroidetes|c__Bacteroidia|o__Bacteroidales|f__Bacteroidaceae|g__unclassified|s__unclassified,0.0,0.0,0.0,0.029275758,0.025214087,0.0,0.0,0.0,0.0,0.03407433,0.0,0.0,0.0,0.0,0.0,0.03921057,0.030672591,0.043002002,0.0,0.02915788,0.057593964,0.035658836,0.042357028,0.02941718,0.033355962,0.0,0.0,0.0,0.033187114,0.02964061,0.0,0.0,0.0,0.0,0.027468689,0.088014,0.049432624,0.024775235,0.034269523,0.034269523,0.0,0.0,0.038923033,0.052898172,0.04062785,0.0,0.0,0.0,0.03719111,0.02891235,0.0,0.0,0.0,0.0,0.0,0.0,0.0,0.0,0.03093067,0.027269376,0.0,0.0,0.0,0.02767682,0.033879764,0.026738355,0.039180897,0.0,0.03382147,0.033671092,0.035769284,0.05165715,0.033187095,0.032774433,0.027778089,0.0,0.0,0.0,0.03919198,0.0,0.0,0.0,0.027293647,0.021572735,0.021152802,0.0,0.0,0.033126798,0.026374543,0.033903074
k__Bacteria|p__Bacteroidetes|c__Bacteroidia|o__Bacteroidales|f__Bacteroidaceae|g__Bacteroides|s__unclassified,0.0,0.0,0.03173848,0.051433492,0.04545511,0.0,0.0,0.040258057,0.03519277,0.054811195,0.0,0.0,0.0,0.0,0.0,0.044069026,0.036592446,0.060165524,0.029123452,0.044483654,0.07703984,0.07328565,0.07338394,0.047433473,0.056493863,0.0,0.0,0.0,0.071633615,0.047110677,0.0,0.0,0.040259354,0.057832293,0.047478583,0.07722226,0.0426953,0.040862545,0.036136378,0.036136378,0.0,0.0,0.060033858,0.09150448,0.07397548,0.0,0.0,0.03303057,0.06266214,0.05530756,0.10108664,0.047312673,0.031031074,0.06629267,0.041261222,0.092092395,0.0,0.044918384,0.06208261,0.04775783,0.0,0.0,0.058374964,0.046307024,0.05597873,0.030342784,0.09148404,0.07313736,0.047100578,0.055491503,0.074509464,0.07622151,0.06003459,0.057028346,0.046071842,0.12879834,0.12879834,0.069041625,0.083150335,0.048418876,0.0,0.0,0.048375476,0.03598498,0.030513814,0.114361346,0.026498096,0.047232796,0.04708755,0.054894786
k__Bacteria|p__Bacteroidetes|c__Bacteroidia|o__Bacteroidales|f__Rikenellaceae|g__unclassified|s__unclassified,0.0,0.0,0.0,0.029285919,0.026523752,0.0,0.0,0.0,0.0,0.034587987,0.0,0.0,0.0,0.0,0.060911868,0.03891017,0.028940555,0.0,0.0,0.029771077,0.0,0.0,0.0,0.03149148,0.034874305,0.0,0.0,0.0,0.0,0.0,0.0,0.0,0.0,0.0,0.027215008,0.0,0.0,0.024591386,0.036963418,0.036963418,0.0,0.0,0.0,0.0,0.0,0.0,0.0,0.0,0.0,0.035574526,0.0,0.0,0.0,0.03126913,0.027570501,0.0,0.0,0.0,0.032913264,0.035323847,0.0,0.0,0.029731212,0.027828747,0.034408413,0.026835801,0.04204548,0.052599076,0.03471468,0.034121323,0.0,0.0,0.0,0.046345074,0.027152732,0.0,0.0,0.0,0.037567105,0.0,0.0,0.0,0.0,0.023546426,0.022072311,0.0,0.021444986,0.0346388,0.028159248,0.03447203
k__Bacteria|p__Bacteroidetes|c__Bacteroidia|o__Bacteroidales|f__Bacteroidaceae|g__Bacteroides|s__fragilis,0.0,0.0,0.0,0.029350033,0.027967898,0.0,0.0,0.0,0.04118195,0.034507975,0.0,0.0,0.0,0.0,0.0,0.07666436,0.029769456,0.040217068,0.0,0.029036056,0.0,0.043310534,0.0,0.029305799,0.03334611,0.0,0.0,0.0,0.0,0.0,0.0,0.0,0.0,0.034741875,0.027343262,0.06693727,0.04730145,0.024869341,0.03780896,0.03780896,0.0,0.0,0.0,0.0,0.0,0.0,0.0,0.07099806,0.04119551,0.033120193,0.0,0.0,0.0,0.0,0.02798805,0.0,0.0,0.0,0.034220863,0.029366644,0.0,0.0,0.03643575,0.029348804,0.034347717,0.026534284,0.040702943,0.0,0.033702374,0.033969663,0.0,0.0,0.0,0.03541532,0.0,0.0,0.0,0.0,0.037811626,0.027789926,0.0,0.0,0.03161986,0.02062182,0.02110041,0.107650444,0.022515057,0.03358416,0.027897697,0.03443264
k__Bacteria|p__Proteobacteria|c__Gammaproteobacteria|o__Enterobacteriales|f__Enterobacteriaceae|g__Trabulsiella|s__unclassified,0.0,0.0,0.030778365,0.0,0.0,0.0,0.0,0.0,0.0,0.0,0.0,0.0,0.0,0.0,0.0,0.0,0.0,0.0,0.0,0.0,0.0,0.0,0.0,0.0,0.0,0.0,0.0,0.0,0.0,0.0,0.07391454,0.0,0.0,0.0,0.0,0.0,0.0,0.0,0.0,0.0,0.066120096,0.0,0.0,0.0,0.0,0.0,0.0,0.0,0.0,0.0,0.0,0.0,0.0,0.0,0.0,0.0,0.058681384,0.04450363,0.0,0.0,0.0,0.0,0.0,0.0,0.0,0.0,0.0,0.0,0.0,0.0,0.0,0.0,0.0,0.0,0.0,0.0,0.0,0.0,0.0,0.0,0.09302947,0.09302947,0.0,0.0,0.0,0.0,0.0,0.0,0.0,0.0
k__Bacteria|p__Proteobacteria|c__Gammaproteobacteria|o__Enterobacteriales|f__Enterobacteriaceae|g__Klebsiella|s__unclassified,0.049222875,0.0,0.0,0.0,0.0,0.0,0.0,0.0,0.0,0.0,0.10607221,0.0,0.0,0.0,0.0,0.0,0.0,0.0,0.0,0.0,0.0,0.0,0.0,0.0,0.0,0.05499453,0.029731391,0.0,0.0,0.0,0.07389507,0.0,0.0,0.0,0.0,0.0,0.0,0.0,0.0,0.0,0.06607729,0.0,0.0,0.0,0.0,0.04635556,0.0,0.0,0.0,0.0,0.0,0.0,0.0,0.0,0.0,0.0,0.0,0.0,0.0,0.0,0.0,0.07147713,0.0,0.0,0.0,0.0,0.0,0.0,0.0,0.0,0.0,0.0,0.0,0.0,0.0,0.10493901,0.10493901,0.0,0.0,0.0,0.09305905,0.09305905,0.0,0.0,0.0,0.0,0.020971451,0.0,0.0,0.0
k__Bacteria|p__Proteobacteria|c__Gammaproteobacteria|o__Pseudomonadales|f__Moraxellaceae|g__Acinetobacter|s__unclassified,0.0,0.0,0.0,0.0,0.0,0.0,0.0,0.0,0.0,0.0,0.0,0.0,0.0,0.0,0.0,0.0,0.0,0.0,0.0,0.0,0.0,0.0,0.0,0.0,0.0,0.0,0.0,0.0,0.0,0.0,0.0,0.0,0.0,0.0,0.0,0.0,0.0,0.0,0.0,0.0,0.0,0.0,0.0,0.0,0.0,0.0,0.0,0.0,0.0,0.0,0.0,0.0,0.0,0.0,0.0,0.0,0.0,0.0,0.0,0.0,0.0,0.0,0.0,0.0,0.0,0.0,0.0,0.0,0.0,0.0,0.0,0.0,0.0,0.0,0.0,0.0,0.0,0.0,0.0,0.0,0.0,0.0,0.0,0.0,0.0,0.0,0.0,0.0,0.0,0.0
k__Bacteria|p__Proteobacteria|c__Gammaproteobacteria|o__Aeromonadales|f__unclassified|g__unclassified|s__unclassified,0.0,0.0,0.031041255,0.0,0.0,0.0,0.0,0.0,0.0,0.0,0.0,0.0,0.0,0.0,0.0,0.0,0.0,0.0,0.0,0.0,0.0,0.0,0.0,0.0,0.0,0.0,0.0,0.0,0.0,0.0,0.0,0.0,0.0,0.0,0.0,0.0,0.0,0.0,0.0,0.0,0.0,0.0,0.0,0.0,0.0,0.0459297,0.0,0.0,0.0,0.0,0.0,0.0,0.0,0.0,0.0,0.0,0.0,0.0,0.0,0.0,0.0,0.071191795,0.0,0.0,0.0,0.0,0.0,0.0,0.0,0.0,0.0,0.0,0.0,0.0,0.0,0.0,0.0,0.0,0.0,0.0,0.0,0.0,0.0,0.0,0.0,0.0,0.02067011,0.0,0.0,0.0
k__Bacteria|p__Proteobacteria|c__Gammaproteobacteria|o__Enterobacteriales|f__Enterobacteriaceae|g__Erwinia|s__unclassified,0.0,0.0,0.0,0.0,0.0,0.0,0.0,0.0,0.0,0.0,0.10556605,0.0,0.0,0.0,0.0,0.0,0.0,0.0,0.0,0.0,0.0,0.0,0.0,0.0,0.0,0.0,0.029709505,0.0,0.0,0.0,0.0,0.0,0.0,0.0,0.0,0.0,0.0,0.0,0.0,0.0,0.0,0.0,0.0,0.0,0.0,0.045938574,0.0,0.0,0.0,0.0,0.0,0.0,0.0,0.0,0.0,0.0,0.0,0.04422121,0.0,0.0,0.0,0.07116681,0.0,0.0,0.0,0.0,0.0,0.0,0.0,0.0,0.0,0.0,0.0,0.0,0.0,0.0,0.0,0.0,0.0,0.0,0.0,0.0,0.0,0.0,0.0,0.0,0.020690609,0.0,0.0,0.0
k__Bacteria|p__Proteobacteria|c__Gammaproteobacteria|o__Enterobacteriales|f__Enterobacteriaceae|g__Citrobacter|s__unclassified,0.0,0.0,0.03739629,0.0,0.024993781,0.0,0.0,0.0,0.0,0.0,0.105597116,0.0,0.0,0.0,0.035430755,0.0,0.0,0.034600373,0.0,0.0,0.0,0.0,0.042165972,0.0,0.0,0.0,0.029856458,0.028971111,0.0,0.0,0.0,0.0,0.0,0.0,0.0,0.0,0.0,0.0,0.0,0.0,0.0,0.0,0.0,0.0,0.0,0.0,0.03573645,0.033013985,0.0,0.0,0.0,0.0,0.0,0.0,0.0,0.0,0.0,0.058760904,0.0,0.0,0.0,0.071170755,0.0,0.0,0.0,0.0,0.0,0.0,0.0,0.0,0.0,0.0,0.0,0.0,0.0,0.0,0.0,0.0,0.0,0.0,0.0,0.0,0.0,0.0,0.0,0.0,0.020684458,0.0,0.0,0.0
k__Bacteria|p__Proteobacteria|c__Gammaproteobacteria|o__Pasteurellales|f__Pasteurellaceae|g__Aggregatibacter|s__unclassified,0.0,0.0,0.0,0.0,0.0,0.0,0.0,0.0,0.0,0.0,0.0,0.0,0.0,0.0,0.0,0.0,0.0,0.0,0.0,0.0,0.0,0.0,0.0,0.0,0.0,0.0,0.0,0.0,0.0,0.0,0.0,0.0,0.0,0.0,0.0,0.0,0.0,0.0,0.0,0.0,0.0,0.0,0.0,0.0,0.0,0.0,0.0,0.0,0.0,0.0,0.0,0.0,0.0,0.0,0.0,0.0,0.0,0.0,0.0,0.0,0.0,0.0,0.0,0.0,0.0,0.0,0.0,0.0,0.0,0.0,0.0,0.0,0.0,0.0,0.0,0.0,0.0,0.0,0.0,0.0,0.0,0.0,0.0,0.0,0.020886468,0.0,0.0,0.0,0.0,0.0
k__Bacteria|p__Proteobacteria|c__Alphaproteobacteria|o__Rickettsiales|f__mitochondria|g__unclassified|s__unclassified,0.0,0.0,0.0,0.0,0.0,0.0,0.0,0.0,0.0,0.0,0.0,0.0,0.0,0.0,0.0,0.0,0.0,0.0,0.0,0.0,0.0,0.0,0.0,0.0,0.0,0.0,0.0,0.0,0.0,0.0,0.0,0.0,0.0,0.0,0.0,0.0,0.0,0.0,0.0,0.0,0.0,0.0,0.0,0.0,0.0,0.0,0.0,0.0,0.0,0.0,0.0,0.029792894,0.0,0.0,0.0,0.0,0.0,0.0,0.0,0.0,0.0,0.0,0.0,0.0,0.0,0.0,0.0,0.0,0.0,0.0,0.0,0.0,0.0,0.0,0.027037669,0.0,0.0,0.0,0.0,0.0,0.0,0.0,0.0,0.0,0.0,0.0,0.0,0.0,0.0,0.0
k__Bacteria|p__Proteobacteria|c__Gammaproteobacteria|o__Enterobacteriales|f__Enterobacteriaceae|g__unclassified|s__unclassified,0.053683363,0.037077855,0.032435704,0.0,0.024998512,0.06250721,0.035807304,0.027448425,0.03429385,0.0,0.1346651,0.029868472,0.0,0.033678204,0.035760194,0.041241266,0.030839607,0.037605073,0.0,0.028694943,0.07167292,0.036358602,0.044668503,0.0,0.0,0.06506071,0.043960996,0.035273224,0.0,0.02960483,0.074771695,0.03430723,0.04426357,0.033095624,0.026628532,0.06979004,0.032764487,0.031126052,0.0,0.0,0.0674835,0.039410193,0.031815693,0.040158536,0.0,0.09182511,0.036569722,0.034943074,0.037099484,0.02892726,0.066284716,0.02978251,0.028261807,0.0,0.0,0.14463075,0.0,0.08197638,0.0,0.027124172,0.07056833,0.11806171,0.027973365,0.0,0.0,0.035334002,0.0,0.0,0.0,0.029144347,0.03948193,0.06038234,0.0,0.0,0.0,0.11350654,0.11350654,0.029073335,0.0,0.028132569,0.09728764,0.09728764,0.0,0.0205811,0.021323957,0.09316469,0.07715218,0.033038035,0.026522415,0.0
k__Bacteria|p__Proteobacteria|c__Gammaproteobacteria|o__Enterobacteriales|f__Enterobacteriaceae|g__Enterobacter|s__hormaechei,0.04943016,0.034346476,0.031029824,0.0,0.0,0.0,0.030750994,0.0,0.0,0.0,0.10756039,0.0,0.0,0.03355486,0.0,0.0,0.0,0.0,0.0,0.0,0.0,0.0,0.04226712,0.0,0.0,0.055274498,0.030087836,0.028943151,0.0,0.0,0.08919398,0.033521663,0.03319956,0.0,0.0,0.0,0.030706381,0.024403898,0.0,0.0,0.116677985,0.03890162,0.030771928,0.040753983,0.0,0.047970284,0.037877996,0.033025593,0.0,0.0,0.06877639,0.0,0.028327966,0.0,0.0,0.0,0.0,0.04607943,0.0,0.0,0.0,0.07290512,0.0,0.0,0.0,0.027575092,0.0,0.0,0.0,0.0,0.0,0.051754,0.0,0.0,0.0,0.10529853,0.10529853,0.0,0.0,0.025630185,0.11879284,0.11879284,0.0,0.0,0.0,0.0,0.02176888,0.0,0.0,0.0
k__Bacteria|p__Proteobacteria|c__Gammaproteobacteria|o__Pasteurellales|f__Pasteurellaceae|g__Actinobacillus|s__unclassified,0.0,0.0,0.0,0.0,0.0,0.0,0.03142626,0.0,0.0,0.0,0.0,0.031130247,0.0,0.0,0.0,0.0,0.029831314,0.03453192,0.0,0.0,0.0,0.03551279,0.0,0.0,0.0,0.0,0.0,0.0,0.0,0.029683549,0.0,0.0,0.0,0.0,0.0,0.0,0.0,0.0,0.0,0.0,0.0,0.0,0.0,0.0,0.0,0.0,0.0,0.03301896,0.0,0.02888551,0.0,0.0,0.0,0.0,0.0,0.0,0.0,0.0,0.0,0.0,0.0,0.0,0.0,0.026800828,0.0,0.0,0.0,0.0,0.0,0.0,0.0,0.0,0.033050396,0.0,0.0,0.0,0.0,0.028975863,0.0,0.025790198,0.0,0.0,0.0,0.0,0.02088472,0.0,0.0,0.0,0.0,0.0
k__Bacteria|p__Proteobacteria|c__Gammaproteobacteria|o__Enterobacteriales|f__Enterobacteriaceae|g__Escherichia|s__unclassified,0.0,0.04077418,0.031658467,0.0,0.025131641,0.053746387,0.030816343,0.025608957,0.029738603,0.0,0.0,0.029782532,0.0,0.033191696,0.035416972,0.044557676,0.029577697,0.036272053,0.0,0.0,0.0867885,0.035926737,0.04331983,0.0,0.0,0.0,0.03441831,0.0322368,0.0,0.0,0.0,0.035381164,0.042818703,0.0,0.0,0.072009385,0.031383675,0.025615428,0.0,0.0,0.0,0.0,0.030864604,0.0,0.0,0.0,0.036075633,0.03301316,0.0,0.0,0.0,0.0,0.028086955,0.0,0.0,0.1165357,0.0,0.0,0.0,0.027033892,0.06749214,0.07146004,0.027973365,0.0,0.0,0.029483655,0.0,0.0,0.0,0.0,0.04439075,0.0,0.0,0.0,0.0,0.0,0.0,0.028808769,0.0,0.026194835,0.0,0.0,0.0,0.0,0.02101396,0.0,0.0,0.0,0.02633779,0.0
k__Bacteria|p__Proteobacteria|c__Gammaproteobacteria|o__Pasteurellales|f__Pasteurellaceae|g__Haemophilus|s__parainfluenzae,0.0,0.0,0.031098403,0.0,0.0,0.0,0.0,0.0,0.0,0.0,0.106699616,0.029852845,0.035702392,0.0,0.0,0.038645815,0.0,0.034535527,0.0,0.0,0.0,0.035561174,0.0,0.0,0.0,0.0,0.029897105,0.029105317,0.0,0.029592108,0.0,0.033989023,0.0,0.0,0.0,0.0,0.030915283,0.0,0.02628035,0.02628035,0.0,0.038503148,0.0,0.0,0.0,0.045982935,0.03578197,0.0,0.0,0.02891235,0.0,0.029797047,0.028304338,0.0,0.0,0.0921103,0.05855985,0.0,0.0,0.0,0.0,0.0,0.0,0.0,0.0,0.0,0.0,0.0,0.0,0.0,0.035701577,0.0,0.033029567,0.0,0.0,0.0,0.0,0.0,0.0,0.025798576,0.0,0.0,0.0,0.020815834,0.021951806,0.0,0.0,0.0,0.0,0.0
k__Bacteria|p__Proteobacteria|c__Betaproteobacteria|o__Burkholderiales|f__Alcaligenaceae|g__Sutterella|s__unclassified,0.0,0.0,0.0,0.03291705,0.02919512,0.0,0.045974374,0.029267067,0.038132127,0.038305346,0.0,0.04330655,0.049990177,0.0451625,0.0,0.0,0.0,0.0,0.0,0.03277207,0.0,0.042945866,0.0,0.034350745,0.0,0.0,0.0,0.0,0.04492303,0.037976086,0.0,0.0,0.0,0.04481262,0.03191677,0.0,0.0,0.026785346,0.027035233,0.027035233,0.0,0.0,0.030749138,0.04269402,0.0350741,0.0,0.0,0.0,0.04052389,0.031184765,0.0,0.0,0.028450837,0.03329735,0.030548522,0.0,0.0,0.0,0.04236863,0.031616695,0.0,0.0,0.03005807,0.030140754,0.03809356,0.0,0.0,0.0,0.03373215,0.038112424,0.0,0.0,0.04955831,0.0335444,0.0,0.0,0.0,0.0,0.0406144,0.02692955,0.0,0.0,0.038074397,0.033829253,0.030900653,0.11220076,0.022115318,0.042024285,0.037773404,0.038231906
k__Bacteria|p__Proteobacteria|c__Gammaproteobacteria|o__Pasteurellales|f__Pasteurellaceae|g__Haemophilus|s__unclassified,0.0,0.0,0.035818957,0.035045866,0.025012704,0.0,0.031004218,0.0,0.028430298,0.03439507,0.1131403,0.033464327,0.03661506,0.033383556,0.03638736,0.039543007,0.03164377,0.037605073,0.0,0.028703064,0.057593964,0.038151458,0.04327488,0.029307246,0.03309977,0.055312674,0.03300192,0.03534592,0.033459246,0.030343516,0.0,0.045484126,0.047066055,0.033298425,0.033490963,0.0,0.03557015,0.032784835,0.02619709,0.02619709,0.066014715,0.040878244,0.0,0.04014808,0.032955393,0.0,0.039101843,0.03307036,0.037234,0.03295021,0.0,0.042059857,0.04059119,0.029798143,0.02678486,0.0920387,0.05829942,0.0,0.0,0.0,0.06364175,0.0,0.0,0.02782713,0.034271084,0.034179036,0.0,0.0,0.0,0.030153925,0.037303995,0.0,0.03380419,0.034293238,0.027297817,0.0,0.0,0.029270602,0.0,0.028066386,0.0,0.0,0.027103242,0.021508064,0.022177972,0.0,0.020633211,0.03299139,0.026545493,0.032357756
k__Bacteria|p__Proteobacteria|c__Alphaproteobacteria|o__RF32|f__unclassified|g__unclassified|s__unclassified,0.0,0.0,0.0,0.0,0.027856395,0.0,0.0,0.0,0.028703224,0.0,0.0,0.0,0.0,0.0,0.0,0.0,0.0,0.0,0.0,0.0,0.0,0.0,0.0,0.0,0.037706748,0.0,0.0,0.0,0.0,0.0,0.0,0.0,0.0,0.0,0.0,0.0,0.0,0.0,0.03149607,0.03149607,0.0,0.0,0.0,0.0,0.0,0.0,0.0,0.0,0.0,0.028834812,0.0,0.0,0.0,0.0,0.027764535,0.0,0.0,0.0,0.0,0.029584453,0.0,0.0,0.0,0.031183217,0.0,0.0,0.0,0.0,0.03420853,0.0,0.0,0.0,0.0,0.0,0.0,0.0,0.0,0.0,0.038842287,0.0,0.0,0.0,0.0,0.020866135,0.021295138,0.0,0.020758256,0.0,0.026954915,0.0
k__Bacteria|p__Actinobacteria|c__Actinobacteria|o__Actinomycetales|f__Actinomycetaceae|g__Actinomyces|s__unclassified,0.052739058,0.0,0.0,0.0,0.0,0.0,0.0,0.0,0.0,0.0,0.0,0.0,0.0,0.0,0.0,0.0,0.0,0.0,0.028984215,0.0,0.057571903,0.0,0.042581804,0.0,0.0,0.0,0.029812686,0.0,0.0,0.0,0.07401844,0.0,0.0,0.0,0.0,0.0,0.0,0.0,0.0,0.0,0.0662617,0.038670927,0.030712675,0.0,0.0,0.0,0.0,0.0,0.0,0.0,0.0,0.0,0.0,0.0,0.0,0.0,0.0,0.044323537,0.0,0.0,0.0,0.0,0.0,0.0,0.0,0.0,0.0,0.0,0.0,0.0,0.0,0.0,0.0,0.0,0.0,0.0,0.0,0.0,0.0,0.0,0.0,0.0,0.0,0.0,0.0,0.0,0.0,0.0,0.0,0.0
k__Bacteria|p__Actinobacteria|c__Actinobacteria|o__Actinomycetales|f__Actinomycetaceae|g__Parascardovia|s__unclassified,0.0,0.0,0.0,0.0,0.0,0.0,0.0,0.0,0.0,0.0,0.0,0.0,0.0,0.0,0.0,0.0,0.0,0.0,0.0,0.0,0.0,0.0,0.0,0.0,0.0,0.0,0.0,0.0,0.0,0.0,0.07438858,0.0,0.0,0.0,0.0,0.0,0.0,0.0,0.0,0.0,0.0,0.0,0.030714191,0.0,0.0,0.0,0.0,0.0,0.0,0.0,0.0,0.0,0.0,0.0,0.0,0.0,0.0,0.0,0.0,0.0,0.0,0.0,0.0,0.0,0.0,0.0,0.0,0.0,0.0,0.0,0.0,0.0,0.0,0.0,0.0,0.0,0.0,0.0,0.0,0.0,0.0,0.0,0.0,0.0,0.0,0.0,0.0,0.0,0.0,0.0
k__Bacteria|p__Actinobacteria|c__Actinobacteria|o__Actinomycetales|f__Corynebacteriaceae|g__Corynebacterium|s__unclassified,0.0,0.0,0.0,0.0,0.0,0.0,0.0,0.0,0.0,0.0,0.0,0.0,0.0,0.0,0.0,0.0,0.0,0.0,0.0,0.0,0.0,0.0,0.0,0.0,0.0,0.0,0.0,0.0,0.0,0.0,0.0,0.0,0.0,0.0,0.0,0.0,0.0,0.0,0.0,0.0,0.0,0.0,0.0,0.0,0.0,0.0,0.0,0.0,0.0,0.0,0.0,0.0,0.0,0.0,0.0,0.0,0.0,0.0,0.0,0.0,0.0,0.0,0.0,0.0,0.0,0.0,0.0,0.0,0.0,0.0,0.0,0.0,0.0,0.0,0.0,0.0,0.0,0.0,0.0,0.0,0.0,0.0,0.0,0.0,0.0,0.0,0.0,0.0,0.0,0.0
k__Bacteria|p__Actinobacteria|c__Actinobacteria|o__Actinomycetales|f__Micrococcaceae|g__Rothia|s__mucilaginosa,0.0,0.0,0.0,0.0,0.0,0.0,0.0,0.0,0.0,0.0,0.0,0.0,0.0,0.0,0.0,0.0,0.0,0.0,0.0,0.0,0.057549845,0.0,0.0,0.0,0.0,0.0,0.029743899,0.0,0.0,0.0,0.07386909,0.0,0.0,0.0,0.0,0.0,0.0,0.0,0.0,0.0,0.0,0.0,0.0,0.0,0.0,0.0,0.0,0.0,0.0,0.0,0.0,0.0,0.0,0.0,0.0,0.0,0.0,0.0,0.0,0.0,0.0,0.0,0.0,0.0,0.0,0.0,0.0,0.0,0.0,0.0,0.0,0.0,0.0,0.0,0.0,0.0,0.0,0.0,0.0,0.0,0.0,0.0,0.0,0.0,0.0,0.0,0.020651659,0.0,0.0,0.0
k__Bacteria|p__Actinobacteria|c__Actinobacteria|o__Bifidobacteriales|f__Bifidobacteriaceae|g__Bifidobacterium|s__longum,0.051464636,0.04605766,0.04004803,0.03182742,0.024983644,0.056519326,0.034631036,0.029468369,0.028564593,0.034805607,0.0,0.03035482,0.03608499,0.033993404,0.0,0.047225222,0.032961354,0.038185116,0.029490616,0.028747734,0.061314035,0.035811152,0.043113783,0.029591242,0.0,0.055223595,0.031654313,0.0,0.03318223,0.030485846,0.0,0.035411,0.044542685,0.03393068,0.03210614,0.07221114,0.038814217,0.035378154,0.026600434,0.026600434,0.0,0.04811889,0.032159057,0.0,0.0,0.0,0.0,0.039618652,0.03837742,0.029013742,0.07182403,0.03185539,0.029585008,0.029772677,0.026743008,0.0,0.0,0.052414022,0.030883929,0.027338823,0.068452165,0.07135484,0.028106898,0.027498228,0.033746,0.035111632,0.038493037,0.0,0.0,0.033488166,0.038962837,0.067654796,0.03350085,0.03300214,0.027422888,0.0,0.0,0.028806446,0.0,0.025789361,0.0,0.0,0.031407487,0.02109608,0.021613866,0.10318195,0.025450574,0.036247086,0.027667772,0.034838215
k__Bacteria|p__Actinobacteria|c__Actinobacteria|o__Bifidobacteriales|f__Bifidobacteriaceae|g__Bifidobacterium|s__adolescentis,0.0,0.034467753,0.030846944,0.0,0.0,0.0,0.046129577,0.044217426,0.0367805,0.0,0.0,0.0,0.0,0.0,0.0,0.03867786,0.0,0.0,0.03018394,0.0,0.057557203,0.0,0.0,0.029491918,0.0,0.0,0.0,0.0,0.0,0.0,0.0,0.037946682,0.0,0.033257864,0.0,0.06704519,0.030757902,0.0,0.026722547,0.026722547,0.0,0.0,0.0,0.0,0.0,0.0,0.0,0.0,0.0,0.0,0.0,0.0,0.03153673,0.0,0.0,0.0,0.0,0.04433718,0.0,0.0,0.06329593,0.0,0.0,0.0,0.0,0.0,0.039173353,0.0,0.0,0.0,0.03566772,0.0,0.0,0.032988053,0.028678602,0.0,0.0,0.0,0.0,0.0,0.0,0.0,0.0,0.0,0.0,0.09305011,0.020674208,0.0,0.0,0.0
k__Bacteria|p__Actinobacteria|c__Actinobacteria|o__Bifidobacteriales|f__Bifidobacteriaceae|g__Bifidobacterium|s__unclassified,0.049230553,0.035169054,0.031189842,0.029848792,0.02540263,0.044142965,0.03071832,0.024899546,0.0,0.03370517,0.0,0.029970039,0.0,0.0,0.0,0.03902232,0.030122051,0.03453192,0.040074516,0.028938595,0.06628395,0.0,0.0,0.029763378,0.0,0.0,0.030522445,0.029507937,0.0,0.0,0.0,0.0,0.038313657,0.0,0.029058024,0.06709211,0.030825352,0.031560346,0.0,0.0,0.0,0.071880355,0.034851275,0.0,0.03367187,0.0,0.039445426,0.03326269,0.0,0.028840777,0.07223737,0.038026255,0.031612337,0.03054562,0.02900292,0.0,0.0,0.044234853,0.040845815,0.028530767,0.06571147,0.0,0.030972868,0.03259741,0.032651387,0.03214736,0.0,0.0,0.0,0.031246437,0.036412507,0.051481064,0.033177983,0.0,0.0,0.0,0.0,0.029955227,0.036844064,0.028091518,0.0,0.0,0.027146265,0.024557222,0.023102723,0.0952598,0.020756207,0.032982368,0.0,0.033397954
k__Bacteria|p__Cyanobacteria|c__4C0d-2|o__YS2|f__unclassified|g__unclassified|s__unclassified,0.0,0.0,0.0,0.0,0.0,0.0,0.0,0.0,0.0,0.0,0.0,0.0,0.0,0.0,0.0,0.0,0.0,0.0,0.0,0.0,0.0,0.0,0.0,0.0,0.0,0.0,0.0,0.0,0.0,0.0,0.0,0.0,0.0,0.0,0.0,0.0,0.0,0.0,0.0,0.0,0.0,0.0,0.0,0.0,0.0,0.0,0.0,0.0,0.0,0.0,0.0,0.0,0.0,0.0,0.0,0.0,0.0,0.0,0.0,0.027288318,0.0,0.0,0.0,0.0,0.0,0.0,0.0,0.0,0.034029886,0.0,0.0,0.0,0.0,0.0,0.0,0.0,0.0,0.0,0.0,0.0,0.0,0.0,0.0,0.0,0.0,0.0,0.0,0.033032015,0.026636096,0.0
k__Bacteria|p__Cyanobacteria|c__Chloroplast|o__Streptophyta|f__unclassified|g__unclassified|s__unclassified,0.0,0.0,0.0,0.0,0.0,0.0,0.0,0.0,0.0,0.0,0.0,0.0,0.0,0.0,0.0,0.0,0.0,0.0,0.0,0.0,0.0,0.0,0.0,0.0,0.0,0.0,0.0,0.0,0.0,0.0,0.0,0.0,0.0,0.0,0.0,0.0,0.0,0.0,0.0,0.0,0.0,0.0,0.0,0.0,0.033001482,0.0,0.0,0.0,0.0,0.0,0.0,0.0,0.0,0.02974871,0.026665967,0.0,0.0,0.0,0.0,0.0,0.0,0.0,0.0,0.0,0.0,0.0,0.0,0.0,0.0,0.0,0.0,0.0,0.0,0.0,0.027562967,0.0,0.0,0.0,0.0,0.0,0.0,0.0,0.0,0.0,0.0,0.0,0.0,0.0,0.0,0.0
k__Bacteria|p__Fusobacteria|c__Fusobacteria|o__Fusobacteriales|f__Fusobacteriaceae|g__Fusobacterium|s__unclassified,0.050121114,0.0,0.0,0.0,0.0,0.0,0.0,0.0,0.0,0.0,0.0,0.031946685,0.0,0.0,0.0,0.0,0.0,0.0,0.0,0.0,0.0,0.0,0.0,0.0,0.0,0.0,0.0,0.0,0.0,0.0,0.0,0.0,0.0,0.0,0.0,0.0,0.0,0.0,0.0,0.0,0.0,0.038796753,0.0,0.0,0.0,0.0,0.0,0.0,0.0,0.0,0.0,0.0,0.0,0.0,0.0,0.0,0.0,0.0,0.030607847,0.0,0.0,0.0,0.0,0.0,0.0,0.0,0.0,0.0,0.0,0.0,0.03562258,0.0,0.0,0.0,0.0,0.0,0.0,0.0,0.0,0.0,0.0,0.0,0.0,0.0,0.0,0.0,0.0,0.0,0.0,0.0
k__Bacteria|p__Fusobacteria|c__Fusobacteria|o__Fusobacteriales|f__Fusobacteriaceae|g__unclassified|s__unclassified,0.0,0.0,0.0,0.0,0.0,0.0,0.0,0.0,0.0,0.0,0.0,0.0,0.0,0.0,0.0,0.0,0.0,0.0,0.0,0.0,0.0,0.0,0.0,0.0,0.0,0.0,0.0,0.0,0.0,0.0,0.0,0.0,0.0,0.0,0.0,0.0,0.0,0.0,0.0,0.0,0.0,0.0,0.0,0.0,0.0,0.0,0.0,0.0,0.0,0.0,0.0,0.0,0.0,0.0,0.0,0.0,0.0,0.0,0.0,0.027027577,0.0,0.0,0.0,0.0,0.0,0.0,0.0,0.0,0.0,0.0,0.0,0.0,0.0,0.0,0.0,0.0,0.0,0.0,0.0,0.0,0.0,0.0,0.0,0.0,0.0,0.0,0.0,0.0,0.0,0.0
k__Bacteria|p__Tenericutes|c__Mollicutes|o__RF39|f__unclassified|g__unclassified|s__unclassified,0.0,0.0,0.0,0.0,0.0,0.0,0.0,0.0,0.0,0.0,0.0,0.0,0.0,0.0,0.0,0.0,0.0,0.0,0.0,0.0,0.0,0.0,0.0,0.0,0.0,0.0,0.0,0.0,0.0,0.0,0.0,0.0,0.0,0.0,0.0,0.0,0.0,0.0,0.0,0.0,0.0,0.0,0.0,0.0,0.0,0.0,0.0,0.0,0.0,0.0,0.0,0.0,0.0,0.0,0.0,0.0,0.0,0.0,0.0,0.0,0.0,0.0,0.0,0.0,0.0,0.0,0.0,0.0,0.0,0.0,0.0,0.0,0.0,0.0,0.0,0.0,0.0,0.0,0.0,0.0,0.0,0.0,0.0,0.0,0.0,0.0,0.0,0.0,0.0,0.0
k__Bacteria|p__Verrucomicrobia|c__Verrucomicrobiae|o__Verrucomicrobiales|f__Verrucomicrobiaceae|g__Akkermansia|s__muciniphila,0.0,0.0,0.0,0.029116614,0.0,0.0,0.0,0.0,0.02829167,0.034032248,0.0,0.0,0.0,0.0,0.03621369,0.0,0.0,0.0,0.0,0.029669553,0.0,0.03730117,0.0,0.029021801,0.0,0.0,0.0,0.0,0.0,0.029613575,0.0,0.0,0.0,0.0,0.027228685,0.0,0.031346202,0.024529574,0.028187908,0.028187908,0.0,0.0,0.0,0.041023213,0.033088773,0.0,0.0,0.0,0.0,0.0,0.0,0.0,0.0,0.030484203,0.026814343,0.0,0.0,0.0,0.03377195,0.029043406,0.0,0.0,0.02995842,0.04442978,0.033861004,0.026360799,0.038494546,0.0,0.0,0.03364723,0.0,0.0,0.0,0.037337888,0.038330767,0.0,0.0,0.032870114,0.042268194,0.02576674,0.0,0.0,0.0,0.020741582,0.0,0.0,0.02315874,0.0,0.026294198,0.03387287
